time,seconds_elapsed,rotationRateX,rotationRateY,rotationRateZ,gravityX,gravityY,gravityZ,accelerationX,accelerationY,accelerationZ,quaternionW,quaternionX,quaternionY,quaternionZ,pitch,roll,yaw
24184,0.01365600,0.00000000,0.00000000,0.00000000,0.00185404,0.00074995,0.99999790,0.01987447,0.00803911,-0.03051549,0.00000009,0.00092702,0.00037497,0.99999942,-0.00185404,0.00074995,3.14159178
56976,0.04644800,-0.08140429,0.10818377,0.13616232,0.00375313,0.00130258,0.99999217,0.05752617,0.01700797,-0.02147651,-0.00001199,0.00187656,0.00065131,0.99999799,-0.00375313,0.00130259,3.14161419
89676,0.07914800,-0.08353599,0.21037213,0.03464012,0.00192157,0.00217028,0.99999561,-0.02291766,0.01125745,-0.01293510,-0.00001360,0.00096077,0.00108515,0.99999885,-0.00192157,0.00217029,3.14161777
122392,0.11186400,-0.10951609,0.27312402,0.12656967,0.00004545,0.00296139,0.99999551,-0.02226225,0.00997807,0.02417439,-0.00002320,0.00002269,0.00148070,0.99999885,-0.00004545,0.00296139,3.14163899
155152,0.14462399,-0.14428943,0.21130475,0.11231393,-0.00198588,0.00308411,0.99999322,-0.03170552,0.00228698,-0.03099906,-0.00003165,-0.00099299,0.00154203,0.99999828,0.00198589,0.00308412,3.14165902
187984,0.17745600,-0.19851453,0.26872742,0.07620828,-0.00398906,0.00263386,0.99998836,-0.04483907,-0.00946980,0.00904489,-0.00003664,-0.00199458,0.00131686,0.99999704,0.00398907,0.00263389,3.14167118
220808,0.21027998,-0.06848086,0.23262174,0.04489892,-0.00598340,0.00219459,0.99997978,-0.04284472,-0.00927467,0.02663159,-0.00003884,-0.00299176,0.00109719,0.99999494,0.00598343,0.00219463,3.14167690
253632,0.24310400,-0.01985145,0.17186830,0.04116845,-0.00797466,0.00180002,0.99996652,-0.08211324,-0.01644846,-0.02096260,-0.00004068,-0.00398740,0.00089985,0.99999160,0.00797474,0.00180008,3.14168119
286432,0.27590398,0.02384839,0.10791730,0.09712558,-0.00991136,0.00123766,0.99995002,-0.11020584,-0.03248766,0.01933706,-0.00004728,-0.00495577,0.00061860,0.99998750,0.00991152,0.00123772,3.14169335
319232,0.30870399,0.02717917,0.13935987,0.17533230,-0.01145387,-0.00005900,0.99993438,-0.02663206,-0.02362264,-0.07854772,-0.00005886,-0.00572703,-0.00002984,0.99998359,0.01145412,-0.00005901,3.14171004
352016,0.34148800,-0.09632619,0.14775345,0.03690505,-0.01033656,-0.00171679,0.99994487,0.00935999,-0.01415235,0.04668593,-0.00005741,-0.00516830,-0.00085870,0.99998617,0.01033674,-0.00171688,3.14169859
384808,0.37427999,0.01985145,0.07301073,-0.01598775,-0.01224397,-0.00235299,0.99992198,-0.07369353,-0.02474662,0.07795882,-0.00005517,-0.00612204,-0.00117685,0.99998044,0.01224428,-0.00235317,3.14168858
417672,0.40714402,0.14735375,0.14535528,0.04689740,-0.01420820,-0.00281646,0.99989500,-0.05268633,-0.01329682,0.04209721,-0.00005880,-0.00710420,-0.00140868,0.99997367,0.01420868,-0.00281675,3.14169025
450448,0.43991999,0.18066156,0.19025421,-0.01132465,-0.01622329,-0.00251982,0.99986515,-0.02161851,0.00276396,0.02113098,-0.00005997,-0.00811184,-0.00126044,0.99996623,0.01622400,-0.00252015,3.14169216
483280,0.47275199,0.21103830,0.19345174,-0.01252374,-0.01821138,-0.00206070,0.99983177,-0.05527495,0.01207046,-0.02668721,-0.00006176,-0.00910601,-0.00103096,0.99995784,0.01821239,-0.00206104,3.14169740
516120,0.50559196,0.19904747,0.25327258,-0.06062021,-0.01969577,-0.00063891,0.99980564,-0.01057767,0.01064868,-0.02324313,-0.00006327,-0.00984834,-0.00032010,0.99995136,0.01969705,-0.00063904,3.14171290
548980,0.53845205,0.08993109,0.07221133,-0.12696938,-0.02168971,-0.00035745,0.99976444,-0.05277318,0.00719339,-0.03638553,-0.00005372,-0.01084548,-0.00017932,0.99994106,0.02169141,-0.00035753,3.14169621
581824,0.57129597,0.02637979,-0.01572129,-0.14322358,-0.02367338,-0.00057696,0.99971942,-0.07422702,-0.00845624,-0.04927993,-0.00004017,-0.01183751,-0.00028898,0.99992980,0.02367560,-0.00057713,3.14166617
614720,0.60419201,-0.06754824,-0.14748697,-0.10192190,-0.02564280,-0.00046907,0.99967079,-0.10692557,0.00657259,-0.06485635,-0.00003238,-0.01282245,-0.00023497,0.99991760,0.02564562,-0.00046922,3.14165139
647644,0.63711600,-0.10538592,-0.42953753,-0.02278254,-0.02754465,-0.00078204,0.99962015,-0.10819754,-0.01606366,0.00453025,-0.00002879,-0.01377362,-0.00039146,0.99990501,0.02754814,-0.00078234,3.14163947
680576,0.67004799,-0.06475038,-0.31389281,0.04196784,-0.02944344,-0.00121419,0.99956531,-0.05283195,-0.01148113,-0.02422351,-0.00003008,-0.01472331,-0.00060760,0.99989118,0.02944771,-0.00121471,3.14163494
713452,0.70292401,-0.09752527,-0.07607503,0.00999234,-0.03132341,-0.00187048,0.99950733,-0.03581526,-0.01180140,0.03003365,-0.00002698,-0.01566361,-0.00093578,0.99987678,0.03132854,-0.00187140,3.14161729
746300,0.73577203,-0.08966463,-0.05462480,0.04849617,-0.03331025,-0.00196445,0.99944295,-0.04359404,-0.00169766,-0.00627893,-0.00003167,-0.01665742,-0.00098289,0.99986066,0.03331642,-0.00196554,3.14162325
779184,0.76865601,-0.13163245,-0.01265697,0.01305666,-0.03137502,-0.00249309,0.99950447,0.02405080,-0.00629598,0.00318110,-0.00002784,-0.01568942,-0.00124713,0.99987611,0.03138017,-0.00249432,3.14160919
812012,0.80148401,-0.04783001,-0.07620828,-0.01678714,-0.03297586,-0.00367977,0.99944915,-0.03416280,-0.02317570,0.08429104,-0.00001824,-0.01649017,-0.00184044,0.99986228,0.03298185,-0.00368178,3.14156842
844836,0.83430805,0.02691271,-0.06062021,0.05036140,-0.03477060,-0.00453068,0.99938468,-0.03578604,-0.01646542,0.04065436,-0.00001717,-0.01738794,-0.00226599,0.99984607,0.03477762,-0.00453343,3.14154815
877668,0.86714000,0.03996937,0.05009494,0.03144257,-0.03526704,-0.00646274,0.99935674,-0.00818999,-0.02747281,0.03799677,-0.00000343,-0.01763635,-0.00323195,0.99983911,0.03527437,-0.00646681,3.14148545
910436,0.89990797,0.09366157,-0.07647473,0.07714089,-0.03601313,-0.00829526,0.99931678,-0.00866460,-0.01807192,0.03754842,0.00000507,-0.01800966,-0.00414825,0.99982919,0.03602092,-0.00830075,3.14143300
943220,0.93269195,0.11324656,-0.22369525,0.05355895,-0.03672092,-0.01012946,0.99927396,-0.00234158,-0.00671624,-0.01221341,0.00001558,-0.01836388,-0.00506537,0.99981842,0.03672919,-0.01013648,3.14137530
976084,0.96555604,0.05249311,-0.16973661,0.06448392,-0.03841967,-0.01112078,0.99919958,-0.00406080,-0.00279524,-0.04070347,0.00001473,-0.01921376,-0.00556122,0.99979982,0.03842913,-0.01112923,3.14134931
1008940,0.99841203,-0.01718683,0.06435069,0.02784533,-0.03646188,-0.01145962,0.99926939,0.03377633,-0.00563022,-0.00610530,0.00002103,-0.01823439,-0.00573048,0.99981727,0.03646996,-0.01146750,3.14134144
1041876,1.03134799,-0.01878561,0.03890352,0.00146554,-0.03557711,-0.00967407,0.99932012,0.00286227,0.00552368,-0.00322634,0.00000705,-0.01779161,-0.00483773,0.99983005,0.03558462,-0.00968034,3.14140629
1074820,1.06429195,-0.03330781,0.05888820,-0.01452220,-0.03359416,-0.00981415,0.99938735,0.01992229,-0.00141632,0.00744861,0.00001437,-0.01679973,-0.00490758,0.99984683,0.03360049,-0.00981985,3.14139890
1107724,1.09719598,-0.02664625,0.11417918,0.01079173,-0.03374520,-0.01181408,0.99936046,-0.00165519,-0.01064686,0.02944809,0.00002978,-0.01687547,-0.00590748,0.99984006,0.03375161,-0.01182109,3.14133358
1140632,1.13010394,0.02184992,0.08153753,-0.00452986,-0.03176369,-0.01190373,0.99942455,0.01589455,-0.00103572,0.02205986,0.00003696,-0.01588435,-0.00595213,0.99985609,0.03176903,-0.01191002,3.14132952
1173480,1.16295194,0.05235988,0.07087903,-0.04396631,-0.03265380,-0.01369040,0.99937248,-0.00640870,-0.01292092,0.00380135,0.00005260,-0.01632982,-0.00684542,0.99984302,0.03265962,-0.01369814,3.14126372
1206344,1.19581604,0.02331547,0.07980552,-0.01318989,-0.03454805,-0.01435992,0.99929962,-0.02868437,-0.01029828,0.00655973,0.00005295,-0.01727744,-0.00718030,0.99982481,0.03455494,-0.01436899,3.14123845
1239228,1.22870004,0.04756355,0.07634150,-0.00759418,-0.03619915,-0.01549460,0.99922428,-0.01653523,-0.01136087,0.01933044,0.00005758,-0.01810354,-0.00774776,0.99980602,0.03620707,-0.01550539,3.14119672
1272084,1.26155602,0.02078407,0.06834763,0.01025880,-0.03780209,-0.01669775,0.99914569,-0.01151431,-0.00893702,-0.01647967,0.00006154,-0.01890560,-0.00834949,0.99978637,0.03781110,-0.01671047,3.14115357
1305000,1.29447197,0.00786064,0.07807350,-0.02158346,-0.03961898,-0.01755300,0.99906044,-0.01238297,-0.00588450,0.00289267,0.00006416,-0.01981471,-0.00877729,0.99976501,0.03962936,-0.01756770,3.14111614
1337916,1.32738804,-0.00612864,0.14189126,0.03623890,-0.04163919,-0.01762383,0.99897689,-0.02281393,-0.00093086,0.00712657,0.00005310,-0.02082540,-0.00881306,0.99974412,0.04165124,-0.01764005,3.14111900
1370832,1.36030399,0.01692037,0.13869371,0.00559571,-0.04364476,-0.01786234,0.99888725,-0.01446070,-0.00191305,0.01087832,0.00004651,-0.02182887,-0.00893264,0.99972171,0.04365864,-0.01788033,3.14110922
1403676,1.39314794,0.01279020,0.02997703,0.01358959,-0.04561064,-0.01823179,0.99879302,-0.03812959,-0.00740298,0.01585543,0.00004062,-0.02281258,-0.00911772,0.99969825,0.04562647,-0.01825179,3.14109492
1436568,1.42604007,0.03783767,0.02717917,0.02917764,-0.04741529,-0.01908553,0.99869270,-0.03681322,-0.01753557,0.01912958,0.00003986,-0.02371578,-0.00954494,0.99967308,0.04743309,-0.01910819,3.14105963
1469452,1.45892405,0.03477335,0.05182695,0.05049464,-0.04902966,-0.02026354,0.99859151,-0.01737659,-0.01293958,-0.00762469,0.00004184,-0.02452389,-0.01013431,0.99964771,0.04904934,-0.02028934,3.14101123
1502332,1.49180402,0.01065850,0.05329250,0.03717151,-0.05091751,-0.02093088,0.99848327,-0.03306686,-0.01178397,-0.00458676,0.00003742,-0.02546881,-0.01046846,0.99962062,0.05093955,-0.02095960,3.14098381
1535196,1.52466797,0.01638744,0.02078407,0.05275957,-0.05275244,-0.02171619,0.99837150,-0.01536279,-0.00660413,0.01652110,0.00003335,-0.02638733,-0.01086163,0.99959278,0.05277694,-0.02174818,3.14095187
1568060,1.55753192,0.02931087,0.01252374,0.05009494,-0.05461888,-0.02099593,0.99828634,-0.01740260,0.00634749,0.00684065,0.00000941,-0.02732125,-0.01050221,0.99957141,0.05464609,-0.02102887,3.14099907
1600964,1.59043598,0.01398928,0.03224196,0.04689740,-0.05265754,-0.02132613,0.99838447,0.00138801,-0.00015824,-0.00253487,0.00002018,-0.02633963,-0.01066684,0.99959592,0.05268192,-0.02135739,3.14098954
1633856,1.62332797,0.01279020,0.01305666,0.01545482,-0.05456822,-0.02073899,0.99829454,-0.00549037,0.00145188,0.00585586,0.00000116,-0.02729577,-0.01037388,0.99957351,0.05459534,-0.02077143,3.14102315
1666732,1.65620398,0.02877795,0.02837825,0.02558040,-0.05588088,-0.02223975,0.99818954,-0.01199020,-0.01316064,0.01474994,0.00001274,-0.02795324,-0.01112456,0.99954719,0.05591002,-0.02227641,3.14094424
1699612,1.68908405,0.01532159,0.02398162,0.00919296,-0.05778861,-0.02282607,0.99806747,-0.01447701,-0.00451768,0.00583875,0.00000953,-0.02890839,-0.01141828,0.99951667,0.05782084,-0.02286628,3.14091229
1732464,1.72193598,0.02171669,0.00799387,0.03184226,-0.05961428,-0.02362245,0.99794197,-0.01240720,-0.00543029,0.00669670,0.00000811,-0.02982258,-0.01181706,0.99948539,0.05964965,-0.02366674,3.14087033
1765284,1.75475597,0.02704594,0.00826034,0.02664625,-0.06128015,-0.02471180,0.99781446,-0.01269446,-0.00824718,0.00584763,0.00001232,-0.03065699,-0.01236228,0.99945344,0.06131858,-0.02476087,3.14080858
1798120,1.78759202,0.02904441,0.00546248,0.03877029,-0.06299239,-0.02572466,0.99768266,-0.00512285,-0.00283980,0.01794237,0.00001413,-0.03151464,-0.01286934,0.99942054,0.06303412,-0.02577870,3.14075160
1830928,1.82040004,0.03304135,-0.01652067,0.05955436,-0.06489272,-0.02630230,0.99754543,-0.01835924,-0.00568013,0.00489599,0.00000586,-0.03246636,-0.01315903,0.99938611,0.06493836,-0.02636091,3.14072465
1863768,1.85324001,0.03970291,-0.00772741,0.06781470,-0.06290328,-0.02618376,0.99767599,0.04019820,0.00201384,0.01233375,0.00001128,-0.03147008,-0.01309914,0.99941883,0.06294485,-0.02623874,3.14074397
1896620,1.88609199,0.03890352,-0.03317458,0.02904441,-0.06135573,-0.02491594,0.99780483,0.00154128,0.00099016,-0.01050013,-0.00000083,-0.03069471,-0.01246484,0.99945106,0.06139430,-0.02496556,3.14082765
1929500,1.91897201,0.02651302,-0.04649770,0.02145023,-0.05935898,-0.02479052,0.99792852,0.01321641,0.00062059,0.00915152,0.00000774,-0.02969498,-0.01240145,0.99948196,0.05939392,-0.02483687,3.14083933
1962392,1.95186405,0.02238285,-0.07487596,0.01452220,-0.05762364,-0.02378550,0.99805469,0.00488927,0.00278940,-0.00537896,0.00000234,-0.02882587,-0.01189847,0.99951353,0.05765559,-0.02382735,3.14090085
1995260,1.98473205,0.00652833,-0.03490658,-0.06888055,-0.05611539,-0.02247454,0.99817123,0.01387906,0.01246477,0.01427996,-0.00000153,-0.02807052,-0.01124245,0.99954261,0.05614490,-0.02251191,3.14096355
2028168,2.01764011,0.04476570,-0.07194488,-0.08340275,-0.05809096,-0.02260490,0.99805517,-0.02613756,-0.00229745,0.02464992,-0.00000352,-0.02905957,-0.01130805,0.99951362,0.05812369,-0.02264507,3.14094138
2061056,2.05052804,0.03437366,-0.10765085,-0.03317458,-0.06000210,-0.02309258,0.99793090,-0.01739048,-0.00449531,0.00524288,-0.00000434,-0.03001653,-0.01155240,0.99948253,0.06003818,-0.02313633,3.14090657
2093948,2.08342003,0.02424809,-0.08646708,-0.04902909,-0.06079749,-0.02491249,0.99783916,-0.00194665,-0.00536095,-0.00931376,0.00002251,-0.03041546,-0.01246230,0.99945964,0.06083501,-0.02496126,3.14078807
2126820,2.11629199,-0.01612098,-0.10978255,-0.02025115,-0.06219054,-0.02632095,0.99771709,-0.02325868,-0.02323960,-0.00528544,0.00003684,-0.03111352,-0.01316684,0.99942913,0.06223070,-0.02637505,3.14069795
2159748,2.14921998,0.01705360,-0.10738439,0.02451455,-0.06355186,-0.02775438,0.99759235,-0.02458291,-0.02473585,0.01974160,0.00004773,-0.03179574,-0.01388403,0.99939785,0.06359473,-0.02781419,3.14061236
2192664,2.18213605,0.01465544,-0.14468913,0.07500919,-0.06167538,-0.02849473,0.99768934,0.00869686,-0.00226699,-0.02283585,0.00006585,-0.03085646,-0.01425357,0.99942216,0.06171456,-0.02855296,3.14057946
2225580,2.21505188,-0.02278254,-0.08966463,0.06528330,-0.05968684,-0.02822672,0.99781789,0.03869075,0.00527750,0.00486761,0.00006985,-0.02986070,-0.01411898,0.99945430,0.05972235,-0.02828090,3.14060807
2258492,2.24796390,-0.03077642,-0.07740735,0.06408423,-0.05773451,-0.02777606,0.99794530,0.04772474,0.01117449,0.00596094,0.00007095,-0.02888308,-0.01389312,0.99948616,0.05776664,-0.02782606,3.14064669
2291364,2.28083610,-0.04609801,-0.01252374,0.01252374,-0.05583405,-0.02717969,0.99806995,0.05925202,0.01887891,0.00290656,0.00007424,-0.02793152,-0.01359433,0.99951734,0.05586311,-0.02722552,3.14068341
2324228,2.31369996,-0.01745329,0.00999234,-0.00572894,-0.05733751,-0.02849241,0.99794778,-0.00272109,-0.00153689,0.03867328,0.00008273,-0.02868465,-0.01425115,0.99948673,0.05736898,-0.02854325,3.14060807
2357104,2.34657597,0.04476570,0.12110720,0.03503981,-0.05630878,-0.03018641,0.99795684,0.01163105,-0.02328039,0.03671109,0.00011184,-0.02817047,-0.01509777,0.99948902,0.05633859,-0.03023899,3.14051675
2389908,2.37937998,0.07381011,0.19651605,0.05529096,-0.05699978,-0.03205731,0.99785938,-0.00965060,-0.02336261,0.03265816,0.00012894,-0.02851723,-0.01603356,0.99946470,0.05703070,-0.03211504,3.14041852
2422736,2.41220808,0.08300307,0.33374426,0.06141960,-0.05583646,-0.03362547,0.99787349,0.02190091,-0.02716555,-0.01056880,0.00015677,-0.02793572,-0.01681730,0.99946823,0.05586552,-0.03368438,3.14033770
2455532,2.44500398,0.05009494,0.47057275,0.03290811,-0.05774434,-0.03441158,0.99773797,-0.02062480,-0.00880131,-0.02581418,0.00015033,-0.02889110,-0.01721118,0.99943428,0.05777649,-0.03447592,3.14029550
2488348,2.47781991,-0.02558040,0.36705207,0.03583920,-0.05977391,-0.03407599,0.99763002,-0.04471828,0.00941779,-0.04011047,0.00012597,-0.02990683,-0.01704433,0.99940729,0.05980957,-0.03414366,3.14031910
2521204,2.51067590,-0.05715620,0.22409496,0.09006432,-0.06171805,-0.03348985,0.99753150,-0.05620188,0.01493517,0.04739034,0.00009308,-0.03087965,-0.01675240,0.99938268,0.06175730,-0.03356013,3.14036965
2554036,2.54350805,0.05022818,0.15334916,0.10005666,-0.06294996,-0.03188386,0.99750728,-0.02176684,0.02602448,0.02422118,0.00005002,-0.03149540,-0.01595030,0.99937667,0.06299161,-0.03195266,3.14048576
2586848,2.57631993,0.03996937,0.14855283,0.07207810,-0.06486001,-0.03121936,0.99740591,-0.04720053,0.01632679,-0.00009143,0.00001866,-0.03245135,-0.01561921,0.99935131,0.06490558,-0.03129035,3.14053940
2619736,2.60920810,0.05582389,0.00359724,0.12124042,-0.06638946,-0.02992096,0.99734477,-0.00612031,0.00282135,0.02682519,-0.00002454,-0.03321642,-0.01497124,0.99933586,0.06643834,-0.02999162,3.14064502
2652596,2.64206790,0.07434303,-0.18372588,0.10178867,-0.06738806,-0.03161253,0.99722566,-0.01586389,-0.02673708,-0.00821203,-0.00001279,-0.03371722,-0.01581767,0.99930610,0.06743919,-0.03168987,3.14054918
2685536,2.67500805,0.04636447,-0.08686677,0.11324656,-0.06789033,-0.03353024,0.99712924,-0.00925811,-0.04117679,-0.03252965,0.00000569,-0.03396965,-0.01677698,0.99928207,0.06794259,-0.03361412,3.14043879
2718428,2.70790004,-0.07074579,0.03877029,0.09326187,-0.06690775,-0.03527927,0.99713497,0.02076517,-0.02795315,-0.05524039,0.00003528,-0.03347849,-0.01765110,0.99928340,0.06695779,-0.03536588,3.14033746
2751292,2.74076390,-0.09566003,-0.08886525,0.05755590,-0.06491563,-0.03554363,0.99725742,0.01999375,-0.00254231,0.00225431,0.00005133,-0.03248101,-0.01778235,0.99931411,0.06496131,-0.03562630,3.14033222
2784144,2.77361607,-0.07953906,-0.21183767,0.01625421,-0.06289096,-0.03544085,0.99739065,0.05922885,0.00297014,0.02018744,0.00006527,-0.03146718,-0.01772994,0.99934740,0.06293251,-0.03551861,3.14034390
2817044,2.80651588,-0.08326952,-0.08353599,-0.08606738,-0.06092171,-0.03507594,0.99752597,0.08973031,0.01798610,-0.01559240,0.00008368,-0.03048118,-0.01754628,0.99938125,0.06095945,-0.03514846,3.14035344
2849936,2.83940792,-0.15428178,-0.10884993,-0.23088974,-0.05943291,-0.03376094,0.99766092,0.04380791,0.03888790,-0.05723125,0.00009570,-0.02973547,-0.01688750,0.99941501,0.05946797,-0.03382719,3.14039492
2882880,2.87235183,-0.25473811,-0.08340275,-0.28511486,-0.06026893,-0.03561043,0.99754657,-0.00467248,-0.01248528,-0.03001732,0.00013939,-0.03015545,-0.01781194,0.99938640,0.06030548,-0.03568285,3.14023733
2915860,2.90533208,-0.21316998,0.03597244,-0.32002143,-0.06149153,-0.03722595,0.99741268,-0.04446550,-0.05530334,0.04604435,0.00017962,-0.03076902,-0.01861950,0.99935283,0.06153038,-0.03730520,3.14008498
2948780,2.93825197,-0.18226033,0.19651605,-0.15947778,-0.06340915,-0.03789860,0.99726762,-0.18195218,-0.06293148,0.06205851,0.00018558,-0.03172978,-0.01895637,0.99931659,0.06345173,-0.03798416,3.14001560
2981684,2.97115592,-0.09979021,0.13336446,0.04743032,-0.06533051,-0.03851214,0.99712028,-0.06723785,-0.02154645,0.01801646,0.00017288,-0.03269213,-0.01926429,0.99927978,0.06537708,-0.03860418,3.13998413
3014560,3.00403189,-0.09392803,-0.07580858,0.07913936,-0.06690999,-0.03732018,0.99706077,-0.02268962,0.01754479,-0.00462914,0.00013060,-0.03348205,-0.01866944,0.99926490,0.06696003,-0.03741273,3.14007806
3047412,3.03688406,-0.14309035,-0.20251147,0.05742266,-0.06557171,-0.03584082,0.99720382,0.02284709,0.02461036,-0.04310226,0.00011180,-0.03281080,-0.01792928,0.99930067,0.06561880,-0.03592586,3.14018964
3080284,3.06975603,-0.20597550,0.01692037,0.03317458,-0.06361685,-0.03625123,0.99731559,0.01454458,-0.00183471,-0.01806754,0.00013210,-0.03183219,-0.01813358,0.99932861,0.06365985,-0.03633280,3.14017128
3113160,3.10263204,-0.22116384,0.24487903,-0.02131700,-0.06208772,-0.03752455,0.99736480,0.03938263,-0.03278795,0.02363133,0.00016759,-0.03106748,-0.01876944,0.99934091,0.06212769,-0.03760595,3.14008855
3146052,3.13552403,-0.19025421,0.16307504,-0.04916233,-0.06142470,-0.03943453,0.99733219,0.02211806,-0.07116117,0.05320489,0.00020733,-0.03073694,-0.01972405,0.99933280,0.06146339,-0.03951942,3.13996267
3178940,3.16841197,-0.09099694,0.02398162,-0.05742266,-0.06096351,-0.04139489,0.99728097,0.02898109,-0.13756018,0.05179125,0.00024650,-0.03050761,-0.02070400,0.99931993,0.06100135,-0.04148393,3.13983345
3211828,3.20129990,0.12070751,0.22076418,-0.08380245,-0.06086000,-0.04336687,0.99720373,0.00495179,-0.12679913,0.05894858,0.00028645,-0.03045751,-0.02168988,0.99930067,0.06089764,-0.04346109,3.13969540
3244660,3.23413205,-0.24514546,0.59461107,-0.10511945,-0.06017482,-0.04524830,0.99716167,0.08483303,-0.13224194,-0.35433940,0.00033259,-0.03011632,-0.02263020,0.99929008,0.06021121,-0.04534599,3.13956117
3277532,3.26700401,-0.48549466,0.27192494,-0.29697241,-0.06083976,-0.04722910,0.99702920,-0.06367197,-0.17493885,0.12943565,0.00037922,-0.03045147,-0.02362056,0.99925689,0.06087737,-0.04733444,3.13939213
3310388,3.29986000,-0.10165544,-0.16587288,-0.14908576,-0.06213107,-0.04873401,0.99687709,-0.12048611,-0.13193005,0.15082794,0.00039849,-0.03109955,-0.02437365,0.99921884,0.06217114,-0.04884778,3.13927578
3343200,3.33267211,0.01665390,-0.15827871,0.00000000,-0.06383497,-0.04970721,0.99672174,-0.17884081,-0.10190412,0.06382513,0.00039232,-0.03195343,-0.02486146,0.99918003,0.06387841,-0.04982942,3.13921499
3375988,3.36545991,0.07687443,0.02331547,0.16800460,-0.06553038,-0.05073678,0.99655971,-0.12026064,-0.07426322,-0.02243865,0.00037351,-0.03280289,-0.02537797,0.99913949,0.06557738,-0.05086801,3.13917613
3408824,3.39829611,0.00945942,0.26726186,0.11737672,-0.06629978,-0.05258781,0.99641284,-0.00938382,-0.03115242,-0.06135422,0.00038512,-0.03318980,-0.02630473,0.99910268,0.06634846,-0.05272822,3.13907146
3441604,3.43107604,-0.12856814,0.25527107,0.07447627,-0.06607837,-0.05458750,0.99631986,0.00284594,-0.01938710,-0.00339997,0.00041525,-0.03308098,-0.02730515,0.99907941,0.06612657,-0.05473441,3.13895058
3474416,3.46388792,-0.06195252,0.14548850,0.05609035,-0.06693109,-0.05640528,0.99616184,-0.03365485,-0.07103612,0.02263701,0.00042913,-0.03350982,-0.02821535,0.99903984,0.06698117,-0.05656221,3.13883805
3507260,3.49673199,-0.05609035,0.17733078,0.01891884,-0.06756546,-0.05830984,0.99600906,-0.03302047,-0.10379954,-0.00821608,0.00045087,-0.03382966,-0.02916879,0.99900159,0.06761700,-0.05847673,3.13871169
3540060,3.52953195,-0.02184992,0.15161715,-0.02637979,-0.06817078,-0.06021606,0.99585466,-0.03925110,-0.12191286,0.03344220,0.00047728,-0.03413516,-0.03012298,0.99896297,0.06822370,-0.06039318,3.13857555
3572896,3.56236791,0.04290046,-0.00199847,-0.01119142,-0.06958360,-0.06160013,0.99567232,-0.12426406,-0.12223776,-0.00031096,0.00048074,-0.03484434,-0.03081668,0.99891738,0.06963989,-0.06178913,3.13847708
3605736,3.59520792,0.06728178,-0.02558040,0.01665390,-0.07005768,-0.06351781,0.99551839,-0.03126068,-0.12227320,0.00765544,0.00050577,-0.03508424,-0.03177679,0.99887876,0.07011513,-0.06371740,3.13834452
3638588,3.62806010,0.05662327,-0.03717151,-0.00239816,-0.07117438,-0.06514203,0.99533443,-0.06725335,-0.09940876,-0.05221915,0.00051674,-0.03564564,-0.03259063,0.99883279,0.07123463,-0.06535419,3.13822841
3671520,3.66099190,-0.05928790,0.04796324,0.00546248,-0.07198559,-0.06696668,0.99515476,-0.03714527,-0.08366808,-0.00516456,0.00053545,-0.03605444,-0.03350465,0.99878778,0.07204792,-0.06719143,3.13809800
3704376,3.69384789,0.02864472,0.00972588,-0.03450689,-0.07300271,-0.06866390,0.99496517,-0.04369651,-0.07074040,0.03823793,0.00055215,-0.03656638,-0.03435504,0.99874029,0.07306771,-0.06890212,3.13796758
3737236,3.72670793,0.03557274,0.03264165,-0.06248545,-0.07351665,-0.07057735,0.99479322,-0.01535053,-0.06028203,-0.01701003,0.00058400,-0.03682693,-0.03531317,0.99869718,0.07358306,-0.07082807,3.13781499
3770080,3.75955200,0.02771210,0.05235988,-0.12816845,-0.07418140,-0.07244527,0.99460992,-0.02835766,-0.07623638,0.02516544,0.00061830,-0.03716323,-0.03624854,0.99865140,0.07424961,-0.07270948,3.13765263
3802924,3.79239606,0.13149923,-0.04330015,-0.12923430,-0.07521586,-0.07410616,0.99440965,-0.06467673,-0.10484893,-0.02541554,0.00064213,-0.03768445,-0.03708075,0.99860115,0.07528697,-0.07438527,3.13750386
3835764,3.82523612,-0.01558805,0.02411486,-0.08366923,-0.07644789,-0.07565958,0.99419851,-0.08859118,-0.11086387,0.02582103,0.00065585,-0.03830438,-0.03785963,0.99854831,0.07652257,-0.07595467,3.13737010
3868596,3.85806798,0.10765085,-0.09126340,-0.04716386,-0.07771567,-0.07714437,0.99398622,-0.07389566,-0.08569744,0.04409969,0.00066434,-0.03894208,-0.03860440,0.99849519,0.07779413,-0.07745582,3.13724613
3901424,3.89089603,0.11591118,-0.08393568,0.01692037,-0.07937135,-0.07818195,0.99377450,-0.09372436,-0.06000164,0.01013178,0.00065118,-0.03977311,-0.03912603,0.99844217,0.07945492,-0.07851003,3.13716602
3934264,3.92373609,0.13509647,-0.04623124,0.03344104,-0.08076399,-0.07955079,0.99355354,-0.04838640,-0.04813476,0.00424916,0.00064887,-0.04047312,-0.03981335,0.99838685,0.08085206,-0.07989648,3.13705945
3967112,3.95658397,0.11977488,0.01292343,0.01638744,-0.08228125,-0.08079586,0.99332838,-0.05443750,-0.04518070,-0.03678542,0.00064331,-0.04123548,-0.04043892,0.99833040,0.08237440,-0.08115986,3.13695740
3999896,3.98936796,0.06221899,0.05489127,0.00399694,-0.08320146,-0.08253833,0.99310855,-0.02837081,-0.05393628,0.00249690,0.00066115,-0.04169996,-0.04131284,0.99827537,0.08329777,-0.08292052,3.13681054
4032668,4.02214002,0.09619296,0.02837825,-0.00359724,-0.08406754,-0.08429936,0.99288768,-0.03189926,-0.06535885,-0.00240922,0.00068107,-0.04213750,-0.04219608,0.99822006,0.08416688,-0.08470009,3.13665938
4065432,4.05490398,0.08366923,-0.00039969,0.00146554,-0.08493068,-0.08606055,0.99266319,-0.03176854,-0.06457423,0.00074506,0.00070025,-0.04257368,-0.04307956,0.99816379,0.08503313,-0.08648038,3.13650822
4098212,4.08768415,0.08207044,0.02677948,0.00306432,-0.08569355,-0.08786952,0.99243907,-0.02514630,-0.05934728,0.00243402,0.00072281,-0.04295986,-0.04398694,0.99810771,0.08579879,-0.08830868,3.13635110
4130972,4.12044382,0.09406126,0.03184226,0.00186524,-0.08676517,-0.08951079,0.99219923,-0.03457273,-0.05331148,0.00267380,0.00073522,-0.04350046,-0.04481090,0.99804763,0.08687440,-0.08997097,3.13620615
4163764,4.15323591,0.09632619,0.04836294,0.01318989,-0.08782152,-0.09116219,0.99195575,-0.03083083,-0.04897453,-0.00416279,0.00074732,-0.04403352,-0.04564008,0.99798660,0.08793482,-0.09164404,3.13606023
4196580,4.18605184,0.10245482,0.06874732,0.01798622,-0.08909833,-0.09265189,0.99170379,-0.03272783,-0.03893991,0.00170439,0.00075074,-0.04467677,-0.04638873,0.99792346,0.08921668,-0.09315656,3.13592672
4229404,4.21887588,0.09805819,0.07527565,0.00439663,-0.09061235,-0.09390642,0.99144897,-0.03609663,-0.03060530,-0.00634152,0.00074454,-0.04543844,-0.04702002,0.99785966,0.09073682,-0.09443463,3.13580989
4262236,4.25170803,0.08486831,0.04449923,0.03810414,-0.09233809,-0.09485319,0.99119930,-0.04877520,-0.02648471,-0.02708793,0.00072310,-0.04630539,-0.04749774,0.99779710,0.09246983,-0.09540485,3.13572573
4295068,4.28454017,0.02038438,0.06741500,0.04303369,-0.09405313,-0.09583448,0.99094390,-0.04022422,-0.02281787,-0.01755524,0.00070213,-0.04716718,-0.04799291,0.99773321,0.09419236,-0.09641046,3.13563776
4327936,4.31740808,0.02198316,0.04596477,0.06355130,-0.09580647,-0.09673895,0.99068775,-0.06483807,-0.03509699,0.01810134,0.00067631,-0.04804800,-0.04844992,0.99766893,0.09595367,-0.09733967,3.13555955
4360764,4.35023593,0.04409954,0.03064318,0.08286983,-0.09733690,-0.09796787,0.99041805,-0.03523146,-0.02898526,0.01226753,0.00066219,-0.04881803,-0.04906930,0.99760141,0.09749127,-0.09859496,3.13545131
4393604,4.38307619,0.05009494,0.03264165,0.06115314,-0.09839289,-0.09961769,0.99014892,-0.01244695,-0.01976708,-0.00430906,0.00067181,-0.04935167,-0.04989874,0.99753389,0.09855237,-0.10027139,3.13529658
4426444,4.41591596,0.01318989,0.03117611,0.03464012,-0.10002620,-0.10071108,0.98987464,-0.02985661,-0.01989440,-0.01184732,0.00065528,-0.05017333,-0.05045054,0.99746522,0.10019376,-0.10139236,3.13519072
4459304,4.44877576,0.00093262,0.03956968,0.03024349,-0.10159430,-0.10189658,0.98959360,-0.02096430,-0.01602335,-0.00033575,0.00064318,-0.05096275,-0.05104850,0.99739475,0.10176991,-0.10260651,3.13507270
4492124,4.48159599,0.00119908,0.03370750,0.01438897,-0.10326160,-0.10293730,0.98931331,-0.03052747,-0.01937716,0.00116521,0.00062628,-0.05180169,-0.05157419,0.99732456,0.10344600,-0.10367617,3.13496470
4524904,4.51437616,-0.00572894,0.03557274,0.01718683,-0.10483121,-0.10411728,0.98902482,-0.01479769,-0.01160538,0.01488143,0.00061495,-0.05259220,-0.05216964,0.99725227,0.10502419,-0.10488636,3.13484144
4557720,4.54719209,0.02411486,0.02544717,-0.00466309,-0.10618629,-0.10552834,0.98873062,-0.02564964,-0.02679588,0.00931621,0.00061742,-0.05327611,-0.05288047,0.99717845,0.10638687,-0.10632861,3.13468766
4590540,4.58001184,0.00812710,0.02891118,0.01159112,-0.10779695,-0.10664473,0.98843641,-0.03160735,-0.02226152,0.00204211,0.00060387,-0.05408734,-0.05344444,0.99710474,0.10800684,-0.10747661,3.13456606
4623312,4.61278390,0.02078407,0.02398162,0.02424809,-0.10951783,-0.10758174,0.98814554,-0.04355834,-0.02449834,0.00550681,0.00058142,-0.05495338,-0.05391896,0.99703178,0.10973796,-0.10844523,3.13446426
4656088,4.64555978,0.02158346,0.02184992,0.02184992,-0.11124863,-0.10849772,0.98785219,-0.03157363,-0.01723470,0.00287050,0.00055841,-0.05582449,-0.05438311,0.99695825,0.11147941,-0.10939348,3.13436245
4688872,4.67834377,0.01545482,0.04569831,0.01159112,-0.11274625,-0.10975632,0.98754310,-0.02348423,-0.02012650,0.01123619,0.00055233,-0.05657999,-0.05501852,0.99688072,0.11298650,-0.11068654,3.13421845
4721684,4.71115589,0.01105819,0.05462480,-0.00599541,-0.11371979,-0.11145423,0.98724117,-0.01225677,-0.02062585,0.00763190,0.00057473,-0.05707436,-0.05587283,0.99680500,0.11396638,-0.11241863,3.13401985
4754484,4.74395608,0.03011026,0.02424809,-0.01652067,-0.11473073,-0.11312201,0.98693475,-0.01515207,-0.02359674,0.01623911,0.00059591,-0.05758758,-0.05671224,0.99672813,0.11498396,-0.11412154,3.13382148
4787284,4.77675580,0.02158346,0.03837059,0.00599541,-0.11645711,-0.11404213,0.98662652,-0.03344524,-0.01779381,-0.00957572,0.00057332,-0.05845712,-0.05717905,0.99665079,0.11672198,-0.11507724,3.13371109
4820124,4.80959606,0.00826034,0.05422511,-0.00413017,-0.11727720,-0.11581809,0.98632259,-0.00625796,-0.01211160,0.00952703,0.00060276,-0.05887527,-0.05807248,0.99657459,0.11754772,-0.11688889,3.13349723
4852928,4.84240007,0.03970291,0.00026646,-0.02478101,-0.11893584,-0.11683335,0.98600397,-0.02217744,-0.01451431,0.01546085,0.00058693,-0.05971162,-0.05858699,0.99649467,0.11921807,-0.11794183,3.13336777
4885768,4.87523984,0.03983614,0.02065084,-0.01771975,-0.12019726,-0.11830998,0.98567476,-0.01115040,-0.01303768,0.00211823,0.00059607,-0.06035053,-0.05933190,0.99641199,0.12048863,-0.11945794,3.13318228
4918616,4.90808820,0.02571363,0.03464012,-0.00639510,-0.12199583,-0.11907424,0.98536186,-0.03352175,-0.01495896,0.00291938,0.00056683,-0.06125636,-0.05972136,0.99633350,0.12230051,-0.12026004,3.13308286
4951484,4.94095611,0.04130168,0.01092496,-0.01252374,-0.12336730,-0.12044411,0.98502454,-0.01921082,-0.01920433,0.02718246,0.00056938,-0.06195044,-0.06041340,0.99624891,0.12368242,-0.12167125,3.13290643
4984340,4.97381210,0.07061256,0.00239816,-0.00959265,-0.12497689,-0.12152010,0.98468952,-0.02101920,-0.01471037,0.00896281,0.00055553,-0.06276302,-0.06095896,0.99616489,0.12530455,-0.12278871,3.13276457
5017220,5.00669193,0.05102756,0.01065850,-0.00253139,-0.12689006,-0.12192572,0.98439455,-0.01764119,-0.00429499,0.00217772,0.00051087,-0.06372539,-0.06116942,0.99609079,0.12723307,-0.12323098,3.13270688
5050116,5.03958797,0.04583154,0.00879326,-0.00199847,-0.12866329,-0.12100505,0.98427810,-0.00244023,0.00235271,-0.00600666,0.00042799,-0.06461209,-0.06071398,0.99606170,0.12902094,-0.12232408,3.13282132
5082984,5.07245588,0.03104288,0.01838591,-0.00959265,-0.13063168,-0.12085642,0.98403692,-0.02146792,0.00098337,0.00180292,0.00036478,-0.06560029,-0.06064681,0.99600114,0.13100612,-0.12220498,3.13283395
5115796,5.10526800,0.03743798,0.00439663,-0.01105819,-0.13249049,-0.12143450,0.98371706,-0.00911108,-0.00405378,0.01335323,0.00032872,-0.06653670,-0.06094398,0.99592084,0.13288125,-0.12282316,3.13274979
5148640,5.13811206,0.03144257,0.03104288,0.00945942,-0.13445944,-0.12144978,0.98344802,-0.01104836,-0.00062054,0.00263596,0.00026917,-0.06752614,-0.06095949,0.99585332,0.13486796,-0.12287173,3.13274335
5181528,5.17100000,0.03650536,0.00279786,-0.00133231,-0.13267480,-0.12232556,0.98358211,0.00523339,-0.00340686,0.00469917,0.00035374,-0.06663318,-0.06139171,0.99588699,0.13306717,-0.12373210,3.13262724
5214332,5.20380401,0.03184226,0.01705360,-0.01918530,-0.13464226,-0.12227792,0.98332061,-0.00793585,-0.00174551,0.01423800,0.00029367,-0.06762173,-0.06137557,0.99582138,0.13505246,-0.12371696,3.13262534
5247168,5.23663997,0.02478101,0.01105819,-0.00279786,-0.13441870,-0.12423748,0.98310546,0.00111791,-0.00808673,-0.00214845,0.00036754,-0.06751805,-0.06235787,0.99576730,0.13482682,-0.12570617,3.13235616
5280056,5.26952791,0.01851914,0.01199081,-0.00786064,-0.13615748,-0.12509517,0.98275747,-0.00739721,-0.00405522,0.00527960,0.00034324,-0.06839578,-0.06279539,0.99567995,0.13658175,-0.12660908,3.13223195
5313016,5.30248785,0.01438897,0.01012557,0.00226493,-0.13811843,-0.12489793,0.98250875,-0.01373704,0.00160690,-0.00350487,0.00027493,-0.06938052,-0.06270469,0.99561748,0.13856141,-0.12644325,3.13225460
5345928,5.33540010,0.00812710,0.01159112,0.01798622,-0.14006528,-0.12509303,0.98220844,-0.00934878,-0.00186010,0.00680518,0.00021927,-0.07036007,-0.06281108,0.99554214,0.14052735,-0.12667694,3.13222479
5378812,5.36828422,-0.01398928,0.00719449,0.02518070,-0.13949502,-0.12323151,0.98252496,0.00228800,0.00824127,0.00380319,0.00016947,-0.07006477,-0.06187479,0.99562158,0.13995144,-0.12477176,3.13249564
5411668,5.40114021,-0.00253139,0.02278254,0.01558805,-0.13766109,-0.12260456,0.98286170,0.00436032,-0.00019818,0.02324182,0.00020328,-0.06913994,-0.06155252,0.99570617,0.13809965,-0.12410138,3.13259053
5444516,5.43398809,0.02904441,-0.01345635,0.00905972,-0.13822655,-0.12446503,0.98254852,-0.00825782,-0.01640412,0.02990270,0.00024943,-0.06943246,-0.06248843,0.99562749,0.13867058,-0.12600457,3.13232946
5477412,5.46688413,0.03450689,0.02038438,0.03810414,-0.13836231,-0.12641741,0.98228034,-0.00397167,-0.01860212,0.01845211,0.00031043,-0.06950947,-0.06346892,0.99556016,0.13880764,-0.12799432,3.13205933
5510268,5.49974012,0.04889586,-0.01185758,0.04756355,-0.13997030,-0.12747691,0.98191537,-0.01383829,-0.00948597,0.00514519,0.00029261,-0.07032256,-0.06400794,0.99546852,0.14043142,-0.12910268,3.13191223
5543184,5.53265619,0.03050996,0.00119908,0.04396631,-0.13818037,-0.12673068,0.98226537,0.00317061,0.00148654,-0.00204080,0.00032020,-0.06941903,-0.06362585,0.99555644,0.13862394,-0.12830997,3.13202953
5576048,5.56551980,0.02811179,-0.02558040,0.02637979,-0.13759274,-0.12486662,0.98258666,0.00209470,0.00621428,-0.00040895,0.00027216,-0.06911498,-0.06268800,0.99563713,0.13803063,-0.12640199,3.13229680
5608968,5.59844017,0.00093262,0.00492956,0.02837825,-0.13610422,-0.12363456,0.98294954,0.00133860,0.00107596,0.00289029,0.00027399,-0.06836114,-0.06206367,0.99572820,0.13652800,-0.12512207,3.13247656
5641848,5.63131999,0.00199847,0.00026646,0.02065084,-0.13513209,-0.12195516,0.98329362,0.00036648,0.00281454,0.02036852,0.00024493,-0.06786508,-0.06121718,0.99581460,0.13554677,-0.12339707,3.13271427
5674708,5.66417980,0.02304901,-0.00039969,0.02078407,-0.13668379,-0.12310651,0.98293514,-0.00565019,-0.00457904,0.01608831,0.00023505,-0.06864995,-0.06180134,0.99572448,0.13711308,-0.12459502,3.13255429
5707576,5.69704818,0.02611332,0.01825268,0.01332312,-0.13489768,-0.12397309,0.98307342,0.01575706,-0.01128082,0.02010042,0.00031937,-0.06775605,-0.06222879,0.99575929,0.13531017,-0.12544547,3.13244009
5740472,5.72994422,0.03890352,0.00079939,0.00572894,-0.13412082,-0.12580039,0.98294744,0.00301731,-0.00969765,0.00508964,0.00040541,-0.06737386,-0.06314266,0.99572763,0.13452624,-0.12729085,3.13219189
5773332,5.76280403,0.01372282,0.01851914,0.00053292,-0.13483085,-0.12760975,0.98261709,-0.00310859,-0.00715587,0.00249034,0.00044418,-0.06773891,-0.06405377,0.99564466,0.13524277,-0.12914444,3.13194203
5806200,5.79567193,0.02238285,-0.00226493,0.00199847,-0.13666880,-0.12823456,0.98228178,-0.01103628,-0.00482208,0.01088232,0.00040652,-0.06866541,-0.06437516,0.99556045,0.13709785,-0.12981352,3.13185095
5839120,5.82859182,0.01065850,0.00239816,0.00666156,-0.13855272,-0.12872056,0.98195409,-0.01330274,-0.00433607,0.00730371,0.00036196,-0.06961454,-0.06462732,0.99547824,0.13899989,-0.13034293,3.13177919
5872012,5.86148405,0.03623890,0.01318989,0.02531394,-0.13738381,-0.12717717,0.98231906,-0.00299704,-0.00246149,0.02769065,0.00034451,-0.06901968,-0.06384767,0.99556980,0.13781974,-0.12875008,3.13200211
5904956,5.89442777,0.02411486,-0.00799387,0.01438897,-0.13610200,-0.12870849,0.98229808,0.00133638,-0.00019775,-0.00475907,0.00043735,-0.06838258,-0.06461092,0.99556455,0.13652579,-0.13028571,3.13179397
5937896,5.92736816,0.01891884,0.02025115,0.00612864,-0.13806817,-0.12857800,0.98204107,-0.00304511,-0.00179309,0.01405269,0.00036916,-0.06937008,-0.06455389,0.99549999,0.13851065,-0.13018881,3.13180756
5970772,5.96024417,0.01452220,0.01612098,0.01878561,-0.13995327,-0.12906470,0.98171033,-0.01385531,-0.00423607,0.00437367,0.00032390,-0.07031991,-0.06480659,0.99541702,0.14041423,-0.13071955,3.13173627
6003636,5.99310779,0.01585452,0.00905972,0.02145023,-0.13803389,-0.12873106,0.98202571,0.01083663,-0.00041933,0.02358955,0.00037286,-0.06935340,-0.06463075,0.99549617,0.13847606,-0.13034402,3.13179159
6036504,6.02597618,0.02677948,-0.00599541,0.02264931,-0.13907235,-0.13035644,0.98166456,-0.00570303,-0.00880371,-0.00021929,0.00039390,-0.06988305,-0.06545142,0.99540538,0.13952465,-0.13201885,3.13156294
6069376,6.05884790,0.00000000,0.01092496,0.02997703,-0.14036964,-0.13178484,0.98128948,-0.00098778,-0.00127180,-0.00814492,0.00039887,-0.07054197,-0.06617456,0.99531126,0.14083476,-0.13349885,3.13136100
6102204,6.09167623,-0.00399694,0.03557274,0.00586217,-0.13866342,-0.13088907,0.98165187,0.01439585,0.00735392,0.00614113,0.00042369,-0.06967992,-0.06571717,0.99540224,0.13911168,-0.13255370,3.13149309
6135120,6.12459182,-0.01145789,0.04130168,-0.01292343,-0.14062800,-0.13069076,0.98139867,-0.00024113,-0.00065689,0.00468534,0.00035354,-0.07066660,-0.06562631,0.99533863,0.14109573,-0.13238894,3.13151335
6168108,6.15757989,0.01851914,0.01838591,0.01279020,-0.13978002,-0.13248901,0.98127880,-0.00450710,-0.00764771,0.03922903,0.00044429,-0.07024913,-0.06652540,0.99530858,0.14023923,-0.13420510,3.13125991
6200988,6.19046020,0.02677948,0.02171669,0.00719449,-0.13819651,-0.13138736,0.98165111,0.00465159,0.00272526,0.01468682,0.00045834,-0.06944781,-0.06596517,0.99540205,0.13864023,-0.13305252,3.13142013
6233872,6.22334384,0.05768913,0.00812710,-0.00532925,-0.13978252,-0.13247816,0.98127975,-0.00328389,-0.00277574,0.01310497,0.00044506,-0.07025042,-0.06651988,0.99530878,0.14024180,-0.13419413,3.13125896
6266736,6.25620794,0.02957734,0.02691271,0.01239050,-0.14142371,-0.13349454,0.98090667,-0.00066613,0.00043790,-0.01948089,0.00042565,-0.07108051,-0.06703779,0.99521503,0.14189951,-0.13526200,3.13110971
6299584,6.28905582,-0.01159112,0.01945176,0.00306432,-0.14092248,-0.13161716,0.98123254,0.00127405,0.00441989,-0.00003141,0.00037566,-0.07081913,-0.06609282,0.99529695,0.14139313,-0.13333863,3.13138151
6332476,6.32194805,-0.01239050,0.01292343,0.00333078,-0.14045108,-0.13354324,0.98104009,-0.00139461,-0.00219895,0.01090330,0.00045905,-0.07059174,-0.06705784,0.99524860,0.14091703,-0.13529258,3.13110733
6365328,6.35480022,0.00106585,0.01625421,0.00985911,-0.14219906,-0.13258061,0.98091869,-0.00379702,-0.00145260,0.01639581,0.00036577,-0.07146564,-0.06658256,0.99521808,0.14268274,-0.13434551,3.13124251
6398188,6.38766002,0.01905207,0.00293109,0.00945942,-0.14032244,-0.13321585,0.98110275,0.00335956,-0.00399117,0.01596761,0.00045039,-0.07052535,-0.06689295,0.99526424,0.14078712,-0.13495640,3.13115739
6431040,6.42051219,0.01878561,0.00039969,0.01265697,-0.14170055,-0.13455795,0.98072166,-0.00746937,-0.00728776,0.00096774,0.00045080,-0.07122486,-0.06757333,0.99516859,0.14217910,-0.13635164,3.13096213
6463940,6.45341205,0.02797856,-0.00839357,0.02504747,-0.14363378,-0.13479841,0.98040742,-0.01237208,-0.00289689,0.00933868,0.00039209,-0.07219796,-0.06770336,0.99508972,0.14413232,-0.13663558,3.13092541
6496856,6.48632812,0.00799387,0.01398928,0.03650536,-0.14173314,-0.13533748,0.98060960,0.00696752,-0.00260197,0.00425369,0.00047306,-0.07124495,-0.06796532,0.99514045,0.14221204,-0.13714721,3.13085818
6529748,6.51921987,0.00053292,-0.02504747,0.04290046,-0.14366731,-0.13496202,0.98037986,-0.00818816,0.00092882,0.00301862,0.00038999,-0.07221519,-0.06778617,0.99508275,0.14416622,-0.13680313,3.13091516
6562616,6.55208778,-0.01558805,0.01065850,0.02424809,-0.14180789,-0.13442134,0.98072490,0.00850712,0.00136471,0.01365989,0.00043146,-0.07127738,-0.06750601,0.99516944,0.14228751,-0.13621449,3.13100337
6595444,6.58491611,-0.00959265,0.01492190,0.03397396,-0.14326752,-0.13568022,0.98033924,0.00020112,0.00018218,-0.00084704,0.00042413,-0.07201753,-0.06814536,0.99507255,0.14376221,-0.13752763,3.13082194
6628320,6.61779212,-0.01918530,0.08766615,0.01851914,-0.14180397,-0.13702875,0.98036441,0.00410865,-0.00359625,-0.00038391,0.00052177,-0.07128871,-0.06881585,0.99507884,0.14228357,-0.13887360,3.13063168
6661196,6.65066814,-0.01971822,0.01092496,0.02411486,-0.13989681,-0.13665753,0.98069019,0.00830501,0.00042707,0.01247382,0.00057214,-0.07032800,-0.06862061,0.99516067,0.14035720,-0.13845671,3.13069462
6694052,6.68352413,-0.02371516,0.04942879,0.00799387,-0.14062429,-0.13480780,0.98084230,-0.00146554,0.00199530,0.00377685,0.00048171,-0.07068412,-0.06769486,0.99519891,0.14109196,-0.13658511,3.13095808
6726956,6.71642780,-0.00746095,0.05489127,0.00706126,-0.14067970,-0.13676924,0.98056230,-0.00385155,-0.00580888,0.02627361,0.00054914,-0.07072210,-0.06868037,0.99512844,0.14114795,-0.13858630,3.13067650
6759840,6.74931192,-0.00746095,0.01625421,0.02331547,-0.14243632,-0.13758087,0.98019542,-0.02235860,-0.00963593,-0.01461923,0.00051545,-0.07160923,-0.06909650,0.99503631,0.14292241,-0.13944965,3.13055825
6792812,6.78228378,0.01252374,0.06408423,0.01732006,-0.14390749,-0.13882941,0.97980422,-0.01258664,-0.01107293,0.01458055,0.00050860,-0.07235548,-0.06973089,0.99493799,0.14440894,-0.14075404,3.13037276
6825700,6.81517219,0.01865237,0.02744564,0.02677948,-0.14357872,-0.14077079,0.97957553,-0.00119667,-0.00742257,0.01383263,0.00058851,-0.07220060,-0.07070488,0.99488058,0.14407670,-0.14272874,3.13009238
6858604,6.84807586,0.00079939,0.06874732,0.04076876,-0.14490241,-0.14217267,0.97917823,-0.01305658,-0.01383318,0.00837064,0.00058971,-0.07287367,-0.07141611,0.99478073,0.14541436,-0.14418828,3.12988686
6891444,6.88091611,0.02864472,0.02944411,0.05315927,-0.14655830,-0.14315416,0.97878866,-0.01579520,-0.01089856,0.02243203,0.00056246,-0.07371154,-0.07191803,0.99468288,0.14708814,-0.14522681,3.12974309
6924284,6.91375589,0.03663859,0.03224196,0.07274425,-0.14813163,-0.14425504,0.97839012,-0.01373360,-0.01028597,0.01062351,0.00054093,-0.07450866,-0.07247986,0.99458274,0.14867882,-0.14638651,3.12958312
6957144,6.94661617,0.03850383,0.00866003,0.08100461,-0.14916298,-0.14586772,0.97799415,-0.00904015,-0.01257953,0.01614642,0.00055732,-0.07503631,-0.07329642,0.99448308,0.14972175,-0.14805843,3.12934708
6990004,6.97947597,0.03090965,0.02118377,0.07221133,-0.15061802,-0.14448287,0.97797679,-0.00001673,0.00214890,-0.00727367,0.00044662,-0.07575973,-0.07260849,0.99447879,0.15119343,-0.14667556,3.12956523
7022864,7.01233577,0.00999234,0.03797090,0.05569066,-0.14871878,-0.14499931,0.97819108,0.01346488,-0.00490303,0.00813705,0.00053098,-0.07480708,-0.07285828,0.99453268,0.14927253,-0.14716050,3.12950110
7055720,7.04519176,0.01385605,0.04156814,0.03490658,-0.14783957,-0.14328862,0.97857608,-0.00206277,-0.00099848,0.02117980,0.00049683,-0.07435489,-0.07199403,0.99462938,0.14838354,-0.14539241,3.12976789
7088628,7.07810020,0.03610566,0.05582389,0.02438132,-0.14771764,-0.14524091,0.97830696,-0.00096400,-0.00637041,0.00802118,0.00057278,-0.07430470,-0.07297476,0.99456176,0.14826018,-0.14738498,3.12947535
7121512,7.11098384,0.03477335,0.03810414,0.01545482,-0.14726983,-0.14334962,0.97865304,-0.00092353,0.00223634,0.01353443,0.00051859,-0.07406863,-0.07202181,0.99464874,0.14780746,-0.14544214,3.12976264
7154412,7.14388418,0.03050996,0.02078407,0.02358193,-0.14887534,-0.14440162,0.97825565,-0.00468911,-0.00354759,0.00856072,0.00049833,-0.07488202,-0.07255903,0.99454889,0.14943085,-0.14655306,3.12960076
7187300,7.17677211,0.02358193,0.02744564,0.00892649,-0.14726002,-0.14336763,0.97865200,-0.00142162,-0.00165190,0.01475620,0.00051816,-0.07406368,-0.07203091,0.99464855,0.14779753,-0.14546030,3.12976288
7220124,7.20959615,0.03330781,-0.00599541,0.00279786,-0.14920783,-0.14346247,0.97834300,-0.01461051,-0.00228947,0.00896168,0.00045154,-0.07504391,-0.07208874,0.99457082,0.14976715,-0.14560055,3.12974190
7252980,7.24245214,0.03224196,0.02531394,0.02145023,-0.15115313,-0.14312361,0.97809429,-0.01290937,0.00127791,0.00383925,0.00036754,-0.07602047,-0.07192887,0.99450845,0.15173470,-0.14529786,3.12978959
7285864,7.27533578,0.03477335,-0.00039969,0.00759418,-0.15284807,-0.14401967,0.97769908,-0.00144880,-0.00099985,0.00325799,0.00034047,-0.07687851,-0.07238840,0.99440898,0.15344960,-0.14625292,3.12964463
7318748,7.30821990,0.03983614,0.02065084,0.01025880,-0.15397066,-0.14556783,0.97729349,-0.00765044,-0.00921732,0.01880026,0.00035929,-0.07745256,-0.07317266,0.99430704,0.15458564,-0.14786285,3.12939763
7351616,7.34108781,0.04343338,0.00106585,0.01425574,-0.15202389,-0.14547693,0.97761192,0.00309812,-0.00125158,0.01042521,0.00042644,-0.07647237,-0.07311625,0.99438705,0.15261568,-0.14772443,3.12942004
7384504,7.37397623,0.03503981,0.00905972,0.00039969,-0.15388629,-0.14598698,0.97724418,-0.01212934,-0.00464778,0.01006049,0.00037817,-0.07741256,-0.07338290,0.99429464,0.15450024,-0.14828978,3.12933278
7417440,7.40691184,0.03437366,0.00866003,0.00479632,-0.15195225,-0.14579513,0.97757558,-0.00014736,-0.00068924,0.00509042,0.00044199,-0.07643825,-0.07327574,0.99437799,0.15254317,-0.14804826,3.12936925
7450324,7.43979597,0.04050230,0.00053292,-0.01012557,-0.15389423,-0.14592290,0.97725229,-0.01016827,-0.00153802,0.00443715,0.00037708,-0.07741631,-0.07335062,0.99429664,0.15450832,-0.14822444,3.12933945
7483200,7.47267198,0.02278254,0.02637979,0.00026646,-0.15274776,-0.14438860,0.97766046,0.00064816,0.00205462,0.02136296,0.00036036,-0.07683033,-0.07257307,0.99439935,0.15334807,-0.14662791,3.12958312
7516052,7.50552415,0.05142726,0.00812710,0.00666156,-0.15431754,-0.14314174,0.97759733,-0.00510629,0.00227261,0.00628942,0.00025584,-0.07761310,-0.07195515,0.99438352,0.15493669,-0.14538885,3.12977266
7548924,7.53839588,0.02877795,0.04103522,-0.00413017,-0.15288619,-0.14187386,0.97800683,0.00444870,0.00393441,-0.00388575,0.00025931,-0.07688550,-0.07131017,0.99448642,0.15348815,-0.14405941,3.12997460
7581800,7.57127189,0.02198316,0.01505513,-0.00532925,-0.15483855,-0.14191390,0.97769384,-0.01337434,-0.00212906,0.01107568,0.00019224,-0.07786845,-0.07134094,0.99440774,0.15546406,-0.14414500,3.12995934
7614708,7.60417985,0.01279020,0.03464012,0.01358959,-0.15658868,-0.14095211,0.97755413,-0.00259100,-0.00113772,0.01097125,0.00009178,-0.07874397,-0.07086763,0.99437265,0.15723581,-0.14320158,3.13010740
7647588,7.63706016,0.03330781,0.00466309,0.01692037,-0.15798320,-0.14225588,0.97714099,-0.00510272,-0.00471677,0.01284921,0.00009267,-0.07945361,-0.07153054,0.99426879,0.15864789,-0.14456815,3.12989449
7680500,7.66997194,0.03424043,0.01758652,0.02331547,-0.15909527,-0.14381070,0.97673282,-0.00423481,-0.00560336,0.00324768,0.00011335,-0.08002267,-0.07231819,0.99416618,0.15977419,-0.14618617,3.12964057
7713420,7.70289182,0.01945176,0.02038438,0.02358193,-0.16025183,-0.14533259,0.97631826,-0.00210169,-0.00261661,0.00195318,0.00013091,-0.08061418,-0.07308978,0.99406185,0.16094579,-0.14777269,3.12939023
7746324,7.73579597,0.00972588,0.02238285,0.03330781,-0.16125667,-0.14360285,0.97640905,-0.00329411,0.00468685,0.00259489,0.00002210,-0.08110971,-0.07222688,0.99408473,0.16196383,-0.14602560,3.12967586
7779172,7.76864385,0.00879326,0.02264931,0.03623890,-0.16217237,-0.14182651,0.97651720,-0.00311083,0.00120151,0.01054335,-0.00008575,-0.08156030,-0.07134031,0.99411201,0.16289175,-0.14422863,3.12997198
7812008,7.80147981,0.00945942,0.04116845,0.03557274,-0.16026945,-0.14152239,0.97687511,0.00231047,0.00016497,0.00212878,-0.00003261,-0.08059972,-0.07117652,0.99420194,0.16096364,-0.14387159,3.13003420
7844852,7.83432388,0.00692802,0.02065084,0.02491424,-0.16222167,-0.14150787,0.97655496,-0.00599122,-0.00204681,0.01367944,-0.00010440,-0.08158301,-0.07118090,0.99412145,0.16294175,-0.14390355,3.13003253
7877700,7.86717176,0.01345635,0.04290046,0.04729709,-0.16083538,-0.14293723,0.97657604,0.00092328,-0.00354715,0.00828725,-0.00000006,-0.08089279,-0.07189085,0.99412670,0.16153698,-0.14533374,3.12980818
7910564,7.90003585,0.00786064,0.03996937,0.03690505,-0.16021687,-0.14481820,0.97640056,-0.00140421,-0.00068961,0.00773031,0.00009578,-0.08059232,-0.07283236,0.99408264,0.16091037,-0.14724497,3.12950634
7943372,7.93284416,0.01292343,0.05169372,0.03210873,-0.15828633,-0.14470005,0.97673282,0.01741719,0.00138950,0.00031793,0.00015933,-0.07961925,-0.07276182,0.99416618,0.15895490,-0.14707721,3.12953710
7976256,7.96572780,0.00626187,0.05475804,0.00133231,-0.15984988,-0.14580996,0.97631301,-0.00470090,-0.00360410,0.00635296,0.00014735,-0.08041336,-0.07332867,0.99406061,0.16053861,-0.14825181,3.12934875
8009136,7.99860811,0.00879326,0.05515773,0.01638744,-0.16174490,-0.14621935,0.97593984,-0.01501290,-0.00563611,0.01844490,0.00009366,-0.08137027,-0.07354578,0.99396677,0.16245860,-0.14871797,3.12927508
8042012,8.03148365,0.02145023,0.02424809,0.04183461,-0.16348845,-0.14701591,0.97552957,-0.01131622,-0.00557198,0.00225359,0.00005901,-0.08225334,-0.07395694,0.99386358,0.16422564,-0.14957808,3.12914109
8074896,8.06436824,0.01811945,0.04636447,0.03717151,-0.16232559,-0.14863104,0.97547855,0.00094864,-0.00615411,0.01255852,0.00016628,-0.08167750,-0.07476168,0.99385061,0.16304709,-0.15120435,3.12888050
8107740,8.09721183,0.02105054,0.01039204,0.04689740,-0.16427419,-0.14842515,0.97518367,-0.01980785,-0.00050062,0.01236516,0.00008139,-0.08265760,-0.07467057,0.99377641,0.16502223,-0.15104304,3.12891411
8140628,8.13010025,0.03304135,0.02518070,0.05795559,-0.16582109,-0.14714675,0.97511615,-0.00141522,-0.00202316,0.01096779,-0.00003334,-0.08342871,-0.07403819,0.99375963,0.16659055,-0.14977178,3.12913227
8173504,8.16297626,0.01039204,0.00919296,0.05489127,-0.16447072,-0.14580248,0.97554626,0.00577933,0.00566576,-0.00142515,-0.00004376,-0.08273954,-0.07335471,0.99386768,0.16522147,-0.14835911,3.12937426
8206384,8.19585609,-0.00159877,0.00519602,0.02637979,-0.16253175,-0.14572105,0.97588338,0.00432864,-0.00051919,0.00580603,0.00002169,-0.08176193,-0.07330205,0.99395256,0.16325602,-0.14822698,3.12940049
8239252,8.22872352,0.00413017,0.01545482,0.01199081,-0.16069881,-0.14514863,0.97627239,0.00811092,0.00208223,0.00639367,0.00006479,-0.08083507,-0.07300342,0.99405040,0.16139863,-0.14759521,3.12950396
8272072,8.26154422,0.01638744,-0.00133231,0.03184226,-0.16236503,-0.14608335,0.97585735,-0.01512520,-0.01065493,0.03586137,0.00003928,-0.08167989,-0.07348333,0.99394607,0.16308698,-0.14859403,3.12934756
8305044,8.29451560,0.05302603,-0.00066616,0.00972588,-0.16211451,-0.14802579,0.97560567,-0.00194798,-0.00089999,0.01121074,0.00012776,-0.08156575,-0.07445797,0.99388256,0.16283321,-0.15057857,3.12902569
8337976,8.32744789,0.05475804,0.01545482,-0.00479632,-0.16059154,-0.14930759,0.97566242,0.00067943,-0.00303616,0.00846845,0.00023814,-0.08080682,-0.07509285,0.99389686,0.16128997,-0.15185393,3.12881708
8370876,8.36034774,0.03037672,-0.00506279,0.00732772,-0.16208651,-0.15048361,0.97523460,-0.01174161,-0.00918435,-0.00770527,0.00022905,-0.08156719,-0.07569324,0.99378929,0.16280478,-0.15309760,3.12861728
8403760,8.39323234,0.01931853,0.03903675,-0.00199847,-0.16404013,-0.15030646,0.97493486,-0.00905557,-0.00106072,0.00992840,0.00014889,-0.08255025,-0.07561627,0.99371385,0.16478493,-0.15296640,3.12863659
8436648,8.42611980,0.02371516,0.03197550,-0.00413017,-0.16247756,-0.14921916,0.97536354,0.00403030,0.00249065,0.00901151,0.00016419,-0.08175622,-0.07505991,0.99382171,0.16320114,-0.15181117,3.12882304
8469488,8.45895957,0.01945176,0.04796324,-0.01412251,-0.16233551,-0.14727396,0.97568302,-0.00245941,0.00420757,0.01919001,0.00009214,-0.08167261,-0.07408120,0.99390211,0.16305709,-0.14981351,3.12914323
8502336,8.49180793,0.02931087,0.05329250,-0.04010260,-0.16423616,-0.14671401,0.97544918,-0.00861540,0.00071792,0.00819337,0.00000338,-0.08262704,-0.07381116,0.99384326,0.16498365,-0.14928758,3.12922000
8535136,8.52460765,0.03304135,0.04982848,-0.00532925,-0.16615175,-0.14701030,0.97507991,-0.02623107,-0.00508931,0.00270325,-0.00005347,-0.08359436,-0.07397192,0.99375038,0.16692593,-0.14964039,3.12915849
8568000,8.55747222,0.04663093,0.03304135,-0.00093262,-0.16810335,-0.14692730,0.97475795,-0.02794157,-0.00346331,0.02499789,-0.00012802,-0.08457764,-0.07394259,0.99366941,0.16890537,-0.14960587,3.12916207
8600900,8.59037208,0.05569066,-0.00679479,0.03250842,-0.16929287,-0.14531013,0.97479457,-0.00209384,0.00639412,-0.00921845,-0.00024240,-0.08516708,-0.07313805,0.99367866,0.17011218,-0.14797777,3.12944078
8633820,8.62329196,0.02451455,0.02424809,0.02637979,-0.17120975,-0.14485621,0.97452735,-0.01580197,0.00301051,0.00154686,-0.00033336,-0.08613082,-0.07292270,0.99361133,0.17205743,-0.14756208,3.12951469
8666724,8.65619564,0.01705360,0.01412251,0.02717917,-0.17061941,-0.14674556,0.97434825,-0.00125559,0.00026119,0.00538808,-0.00023231,-0.08584485,-0.07386797,0.99356632,0.17145830,-0.14948544,3.12918972
8699604,8.68907642,0.02464778,0.01119142,0.03024349,-0.17254352,-0.14635083,0.97406873,-0.01739788,-0.00159839,0.02568710,-0.00032244,-0.08681264,-0.07368265,0.99349594,0.17341135,-0.14913143,3.12925481
8732484,8.72195625,0.03770444,0.01558805,0.04290046,-0.17170751,-0.14814970,0.97394456,-0.00041163,-0.00077608,0.00310624,-0.00021628,-0.08640230,-0.07458095,0.99346466,0.17256269,-0.15095589,3.12894630
8765352,8.75482368,0.03783767,-0.00253139,0.02891118,-0.17011116,-0.14710856,0.97438230,0.00165413,0.00086834,0.00584227,-0.00020372,-0.08559042,-0.07404749,0.99357490,0.17094248,-0.14984455,3.12914013
8798224,8.78769588,0.03517305,0.01279020,0.03024349,-0.17150690,-0.14566697,0.97435417,-0.00207707,0.00260057,-0.00145382,-0.00031891,-0.08628508,-0.07333270,0.99356775,0.17235908,-0.14840192,3.12939023
8831084,8.82055568,0.02358193,0.02691271,0.01865237,-0.17052794,-0.14402387,0.97477025,0.00353576,0.00901410,0.02498561,-0.00035495,-0.08578103,-0.07250114,0.99367246,0.17136545,-0.14669029,3.12968492
8863912,8.85338401,0.03557274,0.01332312,0.02451455,-0.16858928,-0.14400627,0.97510995,0.01136272,-0.00174567,0.01463616,-0.00028686,-0.08480319,-0.07247990,0.99375791,0.16939831,-0.14662227,3.12969923
8896804,8.88627624,0.04250077,0.00506279,0.01039204,-0.17035462,-0.14473500,0.97469530,-0.01250669,-0.00614390,0.00967973,-0.00031997,-0.08569787,-0.07285731,0.99365358,0.17118955,-0.14741537,3.12956500
8929704,8.91917610,0.03743798,0.00666156,0.02105054,-0.17195115,-0.14576643,0.97426109,0.00007614,0.00001448,0.00083661,-0.00033504,-0.08650946,-0.07338595,0.99354438,0.17280997,-0.14851575,3.12937903
8962572,8.95204353,0.02331547,0.00746095,0.00226493,-0.17038569,-0.14468313,0.97469758,0.00754389,0.00503470,0.00796843,-0.00032434,-0.08571315,-0.07283154,0.99365415,0.17122111,-0.14736295,3.12957596
8995480,8.98495197,0.03996937,0.00626187,0.01785299,-0.17232575,-0.14471621,0.97435150,-0.02493987,-0.00201230,0.00611722,-0.00039434,-0.08669183,-0.07286100,0.99356708,0.17319029,-0.14744775,3.12956309
9028364,9.01783561,0.03144257,0.00945942,0.02424809,-0.17074067,-0.14366009,0.97478675,0.00350435,0.00205854,0.00934410,-0.00038382,-0.08588567,-0.07232032,0.99367656,0.17158133,-0.14632262,3.12975883
9061228,9.05070018,0.04036906,-0.00719449,0.01358959,-0.17260167,-0.14300023,0.97455587,-0.00342372,0.00164281,-0.00263202,-0.00048004,-0.08682032,-0.07200128,0.99361839,0.17347040,-0.14569404,3.12986803
9094088,9.08355998,0.02211639,0.00532925,0.00772741,-0.17453771,-0.14273524,0.97425012,-0.00197595,-0.00130773,0.00914830,-0.00056153,-0.08779553,-0.07188117,0.99354152,0.17543626,-0.14547286,3.12990713
9126940,9.11641216,0.03210873,-0.00479632,0.01292343,-0.17259716,-0.14274444,0.97459421,0.00438426,-0.00203094,0.01466364,-0.00049217,-0.08681639,-0.07187292,0.99362812,0.17346582,-0.14543146,3.12991571
9159812,9.14928436,0.03184226,0.02198316,0.00239816,-0.17068045,-0.14253639,0.97496213,0.00490896,-0.00101830,0.01331913,-0.00043177,-0.08584832,-0.07175584,0.99372062,0.17152023,-0.14516843,3.12995958
9192676,9.18214797,0.02837825,-0.00226493,0.00532925,-0.17187256,-0.14401862,0.97453470,-0.00561766,-0.00637201,0.00739890,-0.00041102,-0.08645869,-0.07250795,0.99361314,0.17273025,-0.14671998,3.12969422
9225584,9.21505641,0.02731240,0.01465544,-0.00399694,-0.16996657,-0.14373837,0.97491035,0.01347244,0.00018369,0.01752132,-0.00035309,-0.08549571,-0.07235466,0.99370765,0.17079581,-0.14638295,3.12974977
9258428,9.24790000,0.04316692,0.00000000,-0.01692037,-0.17190496,-0.14349837,0.97460594,-0.01681574,-0.00030045,0.01147807,-0.00043135,-0.08647205,-0.07224662,0.99363107,0.17276310,-0.14618699,3.12977910
9291296,9.28076839,0.01838591,0.01971822,0.01518836,-0.17332524,-0.14476325,0.97416753,-0.00416499,-0.00367424,0.00483638,-0.00042857,-0.08719634,-0.07289128,0.99352083,0.17420499,-0.14752245,3.12954998
9324204,9.31367588,0.03224196,0.00839357,0.01252374,-0.17146636,-0.14428794,0.97456655,-0.00407074,-0.00390542,0.02787483,-0.00038209,-0.08625564,-0.07264029,0.99362115,0.17231792,-0.14698569,3.12964344
9357120,9.34659194,0.03996937,0.00253139,0.00799387,-0.17212318,-0.14240529,0.97472763,-0.00121667,-0.00139353,0.00745010,-0.00048735,-0.08657539,-0.07169930,0.99366168,0.17298464,-0.14507117,3.12997269
9389996,9.37946796,0.03743798,0.00199847,0.00359724,-0.17021535,-0.14286303,0.97499589,0.00102590,-0.00020337,-0.00014240,-0.00039882,-0.08561587,-0.07191663,0.99372920,0.17104818,-0.14549148,3.12989997
9422872,9.41234397,0.02078407,0.01079173,0.00839357,-0.17216063,-0.14274650,0.97467117,-0.00581788,-0.00080818,0.00653005,-0.00047408,-0.08659636,-0.07187087,0.99364748,0.17302267,-0.14542222,3.12991261
9455736,9.44520759,0.03663859,0.00599541,0.00279786,-0.17284506,-0.14087269,0.97482242,-0.00342447,-0.00024059,0.01541191,-0.00057948,-0.08693036,-0.07093464,0.99368543,0.17371754,-0.14351756,3.13024044
9488636,9.47810840,0.04489892,0.01732006,0.01225727,-0.17096409,-0.14047895,0.97521104,0.00128636,-0.00087847,0.01111704,-0.00053013,-0.08597907,-0.07072473,0.99378328,0.17180810,-0.14306564,3.13031840
9521504,9.51097583,0.03530628,0.00199847,0.00559571,-0.17288876,-0.14065004,0.97484703,0.00003721,0.00026919,-0.00219077,-0.00059062,-0.08695108,-0.07082316,0.99369163,0.17376189,-0.14329030,3.13027954
9554400,9.54387187,0.02291577,0.02584686,0.01758652,-0.17436790,-0.13929772,0.97477779,-0.00312233,-0.00010657,0.00959724,-0.00070265,-0.08768938,-0.07015427,0.99367418,0.17526382,-0.14194106,3.13051557
9587276,9.57674789,0.00599541,0.01025880,0.01279020,-0.17243885,-0.13918519,0.97513675,0.01057363,0.00026917,0.00459957,-0.00064090,-0.08671523,-0.07008519,0.99376449,0.17330513,-0.14177639,3.13054585
9620120,9.60959243,0.02184992,0.01598775,0.00253139,-0.17434649,-0.13946944,0.97475709,-0.02487226,-0.00725907,0.02621949,-0.00069500,-0.08767953,-0.07024036,0.99366893,0.17524206,-0.14211666,3.13048624
9652980,9.64245223,0.03264165,0.00812710,0.01945176,-0.17241996,-0.13932662,0.97511987,0.00835746,-0.00032182,0.00876683,-0.00063476,-0.08670648,-0.07015610,0.99376020,0.17328597,-0.14192093,3.13052225
9685872,9.67534446,0.02997703,0.00346401,0.00772741,-0.17250349,-0.13735829,0.97538452,-0.00108048,-0.00277843,0.00630492,-0.00072317,-0.08673717,-0.06916887,0.99382677,0.17337071,-0.13990474,3.13087010
9718716,9.70818805,0.01945176,0.01159112,0.00945942,-0.17413513,-0.13834288,0.97495536,-0.01336487,-0.00814149,-0.00254321,-0.00073722,-0.08756623,-0.06967363,0.99371881,0.17502742,-0.14095561,3.13068890
9751576,9.74104785,0.03024349,0.02304901,0.00666156,-0.17224454,-0.13885924,0.97521800,0.01111174,-0.00493959,0.01159835,-0.00064870,-0.08661523,-0.06992036,0.99378499,0.17310781,-0.14143717,3.13060522
9784420,9.77389240,0.02997703,-0.00373047,-0.00719449,-0.17078566,-0.14022059,0.97527952,0.00721145,-0.00870518,0.00665408,-0.00053778,-0.08588734,-0.07059414,0.99380044,0.17162704,-0.14279623,3.13037014
9817344,9.80681610,0.02078407,0.02704594,-0.00226493,-0.17013149,-0.13840431,0.97565326,-0.00125523,-0.00026757,0.00969833,-0.00059196,-0.08554681,-0.06967822,0.99389448,0.17096312,-0.14091784,3.13068866
9850268,9.83973979,0.03197550,0.01345635,-0.03237519,-0.17031417,-0.14034305,0.97534465,-0.00156082,-0.00443234,0.00658894,-0.00051190,-0.08565051,-0.07065222,0.99381694,0.17114848,-0.14290983,3.13034272
9883188,9.87265968,0.02224962,0.01625421,0.00173201,-0.17194682,-0.14132715,0.97491559,-0.01262349,-0.00808690,0.00848281,-0.00052687,-0.08647998,-0.07115680,0.99370889,0.17280564,-0.14396066,3.13016200
9916100,9.90557193,0.02784533,0.01345635,0.00746095,-0.17293824,-0.13958709,0.97499094,-0.00430785,-0.00054963,0.01792896,-0.00063746,-0.08696981,-0.07028985,0.99372777,0.17381212,-0.14220129,3.13046550
9948996,9.93846797,0.04982848,0.00572894,-0.00133231,-0.17106816,-0.14019726,0.97523345,0.00505254,-0.00311328,0.00792086,-0.00054435,-0.08603000,-0.07058387,0.99378890,0.17191372,-0.14277944,3.13036417
9981852,9.97132396,0.04183461,0.01212404,-0.00213170,-0.17292246,-0.14069114,0.97483520,-0.00896230,-0.00188698,-0.00779420,-0.00058744,-0.08696850,-0.07084378,0.99368867,0.17379605,-0.14333331,3.13026690
10014744,10.00421619,0.02944411,0.01758652,0.00413017,-0.17107818,-0.14138282,0.97506055,0.00628325,-0.00363670,0.00687307,-0.00049183,-0.08604223,-0.07117893,0.99374542,0.17192387,-0.14399549,3.13015246
10047736,10.03720760,0.04130168,0.00466309,0.00199847,-0.17301858,-0.14116766,0.97474918,-0.01326071,0.00078681,0.00181329,-0.00056968,-0.08701990,-0.07108358,0.99366703,0.17389368,-0.14382462,3.13018107
10080740,10.07021236,0.02957734,0.00999234,-0.00039969,-0.17128373,-0.14036905,0.97517080,0.00404741,0.00047648,0.02336437,-0.00054211,-0.08613994,-0.07067129,0.99377307,0.17213254,-0.14296109,3.13032817
10113736,10.10320758,0.04489892,-0.00626187,-0.00293109,-0.16945499,-0.13978196,0.97557439,0.00148624,-0.00011061,0.00709158,-0.00050217,-0.08521412,-0.07036478,0.99387464,0.17027668,-0.14231309,3.13043713
10146752,10.13622379,0.02717917,0.01252374,-0.00786064,-0.17100155,-0.13851337,0.97548570,-0.01039493,0.00740986,0.00327408,-0.00060932,-0.08598690,-0.06973781,0.99385232,0.17184614,-0.14105134,3.13064932
10179744,10.16921615,0.02677948,0.01239050,0.00532925,-0.17283450,-0.13907681,0.97508249,-0.00416745,-0.00203647,0.00782770,-0.00064876,-0.08691495,-0.07003244,0.99375085,0.17370676,-0.14167524,3.13054180
10212752,10.20222377,0.03264165,0.02025115,0.00053292,-0.17089519,-0.13918321,0.97540903,0.00707683,-0.00193007,0.01140738,-0.00057566,-0.08593723,-0.07007321,0.99383306,0.17173815,-0.14173536,3.13053011
10245764,10.23523616,0.03477335,0.01545482,-0.00839357,-0.17227463,-0.13772802,0.97537298,-0.00399490,0.00052099,0.01119930,-0.00068523,-0.08662480,-0.06935169,0.99382390,0.17313838,-0.14027807,3.13077759
10278748,10.26821994,0.02344870,0.01225727,0.00066616,-0.17414510,-0.13709926,0.97512931,0.00080526,0.00013638,-0.00198477,-0.00077675,-0.08756509,-0.06904834,0.99376258,0.17503755,-0.13968044,3.13088011
10311724,10.30119609,0.01838591,0.01092496,0.01732006,-0.17602752,-0.13749041,0.97473611,-0.00317170,-0.00166973,0.00939471,-0.00082550,-0.08851748,-0.06925712,0.99366359,0.17694952,-0.14012954,3.13080358
10344692,10.33416366,0.03543951,0.01092496,0.01185758,-0.17415995,-0.13704948,0.97513351,0.00741191,-0.00015755,0.02120435,-0.00078086,-0.08757222,-0.06902358,0.99376354,0.17505264,-0.13962973,3.13089179
10377732,10.36720371,0.03970291,0.02131700,0.01705360,-0.17241764,-0.13626799,0.97555265,-0.00067806,-0.00093904,0.01053131,-0.00075570,-0.08668845,-0.06862021,0.99386901,0.17328355,-0.13878489,3.13103938
10410716,10.40018844,0.03224196,0.00479632,0.01412251,-0.17185610,-0.13816645,0.97538499,0.00193423,-0.00392339,-0.00394946,-0.00065467,-0.08641594,-0.06956925,0.99382705,0.17271347,-0.14071705,3.13070797
10443672,10.43314361,0.00945942,0.01638744,-0.00039969,-0.17344434,-0.13695567,0.97527427,-0.00258104,0.00243419,-0.00188565,-0.00076184,-0.08721041,-0.06897197,0.99379901,0.17432595,-0.13951554,3.13091468
10476660,10.46613216,0.00839357,0.01159112,0.01172435,-0.17535900,-0.13719791,0.97489795,-0.01165272,-0.00293881,0.01045364,-0.00081788,-0.08817812,-0.06910615,0.99370431,0.17627041,-0.13981236,3.13086438
10509672,10.49914360,0.01958499,0.01372282,0.02398162,-0.17365291,-0.13634605,0.97532262,-0.00579044,-0.00476722,0.03688442,-0.00079833,-0.08731201,-0.06866771,0.99381113,0.17453773,-0.13889572,3.13102769
10542680,10.53215217,0.06141960,0.00652833,0.01545482,-0.17189079,-0.13724126,0.97550916,0.00343376,-0.00387201,0.00959825,-0.00069897,-0.08642792,-0.06910549,0.99385814,0.17274873,-0.13976948,3.13087701
10575672,10.56514358,0.02931087,-0.00373047,0.02424809,-0.17370367,-0.13785247,0.97510204,-0.00891352,-0.00228424,-0.01172310,-0.00073685,-0.08734609,-0.06942409,0.99375572,0.17458926,-0.14044166,3.13076448
10608688,10.59815979,0.03237519,0.01279020,0.02891118,-0.17483453,-0.13938663,0.97468128,-0.00119086,-0.00099424,0.00627571,-0.00071077,-0.08792572,-0.07020160,0.99364986,0.17573773,-0.14204428,3.13048887
10641672,10.63114356,0.02478101,0.01265697,0.01305666,-0.17460250,-0.14133905,0.97444181,-0.00069046,-0.00441290,0.00578278,-0.00061727,-0.08782028,-0.07118003,0.99358968,0.17550206,-0.14404165,3.13014101
10674720,10.66419219,0.02171669,0.00426340,0.01065850,-0.17296152,-0.14037036,0.97487430,0.00084238,-0.00001049,0.01340693,-0.00060208,-0.08698636,-0.07068297,0.99369850,0.17383577,-0.14300527,3.13032221
10707684,10.69715595,0.02784533,0.00879326,0.01132465,-0.17124067,-0.13954324,0.97529687,0.01352583,0.00551005,0.01982033,-0.00057785,-0.08611322,-0.07025665,0.99380483,0.17208883,-0.14211323,3.13047671
10740636,10.73010826,0.04476570,0.02518070,-0.01585452,-0.16982263,-0.14094097,0.97534389,0.00112146,-0.00163715,0.00170690,-0.00046543,-0.08540638,-0.07094894,0.99381675,0.17064969,-0.14351050,3.13023352
10773636,10.76310825,0.02651302,0.00213170,0.00146554,-0.17159035,-0.14003533,0.97516489,-0.00223777,-0.00181037,0.01262808,-0.00056655,-0.08629270,-0.07050570,0.99377164,0.17244377,-0.14262664,3.13038396
10806648,10.79611968,0.03197550,0.01558805,-0.00266462,-0.16969257,-0.14053294,0.97542552,-0.00047344,-0.00277761,0.01554126,-0.00047728,-0.08533843,-0.07074317,0.99383726,0.17051768,-0.14308886,3.13030314
10839708,10.82917976,0.03557274,-0.00732772,-0.01305666,-0.17152713,-0.14108091,0.97502536,-0.00474240,-0.00198549,0.00519925,-0.00051709,-0.08626717,-0.07102995,0.99373655,0.17237961,-0.14369730,3.13019609
10872736,10.86220836,0.02598009,-0.00053292,-0.00319755,-0.17337739,-0.14158154,0.97462530,-0.01046050,-0.00368212,0.00657588,-0.00056051,-0.08720373,-0.07129338,0.99363584,0.17425804,-0.14425857,3.13009810
10905764,10.89523601,0.02358193,-0.00919296,-0.00186524,-0.17277088,-0.13974529,0.97499809,-0.00227794,0.00229412,0.02451360,-0.00061861,-0.08688673,-0.07036763,0.99372968,0.17364220,-0.14235925,3.13042593
10938800,10.92827224,0.03210873,-0.01985145,0.02011792,-0.17466967,-0.14004180,0.97461719,-0.01649244,-0.00302461,0.00023627,-0.00067398,-0.08784655,-0.07052911,0.99363384,0.17557027,-0.14271221,3.13036775
10971832,10.96130371,0.02078407,-0.00452986,0.01185758,-0.17657990,-0.14028395,0.97423791,-0.00872283,-0.00253831,0.01038122,-0.00073126,-0.08881217,-0.07066354,0.99353828,0.17751072,-0.14301056,3.13031673
11004836,10.99430847,0.01332312,-0.06861409,0.03330781,-0.17813355,-0.13904411,0.97413291,-0.01522581,-0.00011604,0.04173624,-0.00084456,-0.08958889,-0.07005224,0.99351177,0.17908937,-0.14177860,3.13054203
11037804,11.02727603,0.10045636,-0.35666000,0.09232925,-0.17685301,-0.13756289,0.97457637,0.03158934,0.04845157,0.16018927,-0.00087696,-0.08893283,-0.06930136,0.99362335,0.17778818,-0.14022512,3.13083934
11070764,11.06023597,0.19878100,-0.34280397,-0.09539357,-0.17526109,-0.13640331,0.97502689,0.01534898,0.00749706,0.54889893,-0.00086652,-0.08812295,-0.06870836,0.99373664,0.17617096,-0.13899490,3.13104176
11103784,11.09325599,0.90797090,-0.32508420,0.03690505,-0.17354960,-0.13530517,0.97548570,-0.12723164,-0.11054443,1.02445328,-0.00084943,-0.08725336,-0.06814566,0.99385204,0.17443287,-0.13782603,3.13123178
11136768,11.12623977,2.14209198,-0.64030933,0.42487440,-0.17245705,-0.13328793,0.97595710,-0.06826560,0.02195981,0.90539054,-0.00091159,-0.08669003,-0.06712774,0.99397068,0.17332360,-0.13573176,3.13161659
11169700,11.15917205,3.37514710,-1.75372290,0.47563552,-0.17400753,-0.13324961,0.97568740,-0.17535769,-0.04179922,-0.17808002,-0.00097523,-0.08747165,-0.06711935,0.99390277,0.17489785,-0.13573026,3.13163709
11202720,11.19219207,2.88285751,0.05382542,0.68014550,-0.17467300,-0.13458755,0.97538461,0.17125504,-0.08611557,-1.59159564,-0.00095239,-0.08781405,-0.06779594,0.99382667,0.17557369,-0.13711822,3.13142228
11235724,11.22519588,0.71491885,2.28198480,-0.19638285,-0.17332481,-0.13536678,0.97551736,1.14036583,0.01012264,-2.52751922,-0.00081847,-0.08714165,-0.06817329,0.99386014,0.17420459,-0.13788359,3.13118028
11268748,11.25821971,-3.09029865,-0.21383614,-1.22146403,-0.17459745,-0.13732812,0.97501592,-0.14400606,-0.26037695,-2.53898072,-0.00072165,-0.08779897,-0.06916079,0.99373397,0.17549699,-0.13992661,3.13071513
11301836,11.29130840,-4.36572122,-0.19931393,-0.89504747,-0.17351617,-0.13981387,0.97485580,0.57830133,-0.67537164,-0.68847889,-0.00056800,-0.08726843,-0.07040046,0.99369392,0.17439892,-0.14244866,3.13026189
11334920,11.32439231,-4.24647951,3.57872438,-2.31049633,-0.17589483,-0.14118523,0.97423152,-1.24060904,-0.50163702,1.02570748,-0.00041695,-0.08848970,-0.07108898,0.99353685,0.17681474,-0.14391767,3.12965345
11368004,11.35747623,4.36558818,-2.13822817,1.78942880,-0.17742014,-0.14090552,0.97399568,-0.91681814,-0.36934838,1.02594327,-0.00059423,-0.08925004,-0.07096869,0.99347743,0.17836441,-0.14367074,3.12992000
11401016,11.39048767,4.29484224,-0.69147014,1.39879476,-0.17660787,-0.14198945,0.97398605,0.43075828,-0.19736600,-1.51036300,-0.00057758,-0.08884233,-0.07151266,0.99347505,0.17753908,-0.14476206,3.12984871
11434000,11.42347240,0.55770597,1.46780862,-0.05235988,-0.17524981,-0.14304900,0.97407636,0.67354083,-0.04420686,-1.56221113,-0.00045084,-0.08816570,-0.07203262,0.99349794,0.17615947,-0.14581379,3.12960100
11466972,11.45644378,-0.80818071,0.38597087,-0.47043952,-0.17473225,-0.14510183,0.97386541,0.16789631,-0.03434153,-0.71580882,-0.00030943,-0.08791986,-0.07305702,0.99344482,0.17563385,-0.14790766,3.12916970
11500036,11.48950767,-1.81194486,-0.24914240,-0.58355283,-0.17660577,-0.14553581,0.97346258,-0.15664618,0.02370964,-0.26887273,-0.00033999,-0.08886955,-0.07328596,0.99334344,0.17753697,-0.14840409,3.12904477
11533160,11.52263164,-1.55041193,0.38370597,-0.25993413,-0.17814102,-0.14446173,0.97334289,-0.33626327,0.02800666,0.87724304,-0.00044090,-0.08963782,-0.07275690,0.99331321,0.17909693,-0.14734253,3.12922692
11566160,11.55563163,0.29164316,-0.21983153,0.21690044,-0.17906792,-0.14265427,0.97343940,-0.23548285,0.09699997,0.69916801,-0.00057234,-0.09009308,-0.07185745,0.99333744,0.18003900,-0.14551090,3.12958765
11599176,11.58864784,0.73130631,-0.34973201,0.35772588,-0.18061118,-0.14132225,0.97334842,-0.07500406,0.07345116,-0.06734258,-0.00071089,-0.09086244,-0.07120175,0.99331445,0.18160785,-0.14418432,3.12987279
11632220,11.62169170,0.35972433,-0.02278254,0.30669832,-0.17867995,-0.14126354,0.97371339,0.18087721,0.04263073,-0.27644777,-0.00066546,-0.08988530,-0.07116079,0.99340639,0.17964468,-0.14407193,3.12993431
11665240,11.65471172,-0.16120979,-0.09899082,-0.03077642,-0.17672536,-0.14146662,0.97404041,0.15206716,0.02940609,-0.24918694,-0.00058804,-0.08889965,-0.07124953,0.99348869,0.17765851,-0.14422844,3.12990880
11698296,11.68776798,-0.36918377,0.06048698,-0.10578560,-0.17508111,-0.14058834,0.97446451,0.02493462,0.01217037,0.06069171,-0.00056448,-0.08806461,-0.07079731,0.99359540,0.17598817,-0.14328374,3.13006663
11731356,11.72082805,-0.16041041,0.12230628,-0.12656967,-0.17481467,-0.13869469,0.97478361,-0.01952127,0.03835289,0.16950350,-0.00062884,-0.08791946,-0.06984436,0.99367561,0.17571759,-0.14133391,3.13038825
11764412,11.75388431,0.07247780,0.00452986,-0.00572894,-0.17660761,-0.13784240,0.97458152,-0.15176152,0.02749084,0.17947125,-0.00072726,-0.08881957,-0.06942843,0.99362478,0.17753882,-0.14050557,3.13053059
11797380,11.78685188,0.29590659,0.01545482,0.10845023,-0.17671532,-0.13582485,0.97484531,-0.01249365,0.03133267,0.06275237,-0.00082511,-0.08886183,-0.06841740,0.99369106,0.17764824,-0.13843843,3.13090467
11830324,11.81979560,0.23928329,-0.01358959,0.03903675,-0.17764325,-0.13401526,0.97492675,-0.00399737,0.04002112,-0.06574708,-0.00093706,-0.08932006,-0.06751591,0.99371137,0.17859114,-0.13660573,3.13122892
11863324,11.85279560,0.12723582,-0.09672588,0.10525268,-0.17936732,-0.13303682,0.97474527,-0.02326939,0.03196260,-0.08509684,-0.00104706,-0.09018474,-0.06703748,0.99366569,0.18034333,-0.13564556,3.13141679
11896340,11.88581180,-0.03477335,0.10471976,0.00759418,-0.17755210,-0.13249387,0.97515153,0.09942710,0.03923216,-0.09893084,-0.00101080,-0.08926488,-0.06675318,0.99376792,0.17849850,-0.13504312,3.13152408
11929332,11.91880416,-0.11178101,0.01412251,-0.07580858,-0.17655360,-0.13087910,0.97555074,0.02005947,0.04054707,0.05887312,-0.00104492,-0.08875211,-0.06593660,0.99386825,0.17748397,-0.13336288,3.13181185
11962300,11.95177173,-0.01052527,-0.00253139,-0.04489892,-0.17752646,-0.12913746,0.97560606,-0.04220010,0.04368825,0.07126892,-0.00115063,-0.08923429,-0.06506950,0.99388208,0.17847246,-0.13160138,3.13211631
11995364,11.98483562,0.07980552,0.08646708,-0.01692037,-0.17745180,-0.12716443,0.97587890,-0.00663023,0.04684217,0.05732423,-0.00123288,-0.08918642,-0.06407982,0.99395065,0.17839656,-0.12957746,3.13246846
12028384,12.01785564,0.11071517,-0.00546248,-0.00519602,-0.17926960,-0.12638196,0.97564811,-0.05266398,0.01822767,0.01238894,-0.00132370,-0.09010079,-0.06369930,0.99389247,0.18024406,-0.12881909,3.13259935
12061384,12.05085563,0.08753293,0.03610566,0.05182695,-0.18113284,-0.12571579,0.97539033,-0.03834958,0.01951462,-0.03764617,-0.00141557,-0.09103863,-0.06337797,0.99382753,0.18213823,-0.12818102,3.13271975
12094356,12.08382797,0.01745329,0.09939050,0.01039204,-0.18100873,-0.12375624,0.97566366,0.00766890,0.04050428,-0.02156210,-0.00150059,-0.09096599,-0.06239548,0.99389610,0.18201208,-0.12616937,3.13308310
12127252,12.11672401,0.02158346,-0.02558040,0.01092496,-0.18151784,-0.12183041,0.97581148,-0.01184152,0.03198666,0.01759672,-0.00160495,-0.09121371,-0.06143431,0.99393310,0.18252978,-0.12420766,3.13344025
12160208,12.14968013,0.01745329,0.05635682,0.01025880,-0.18179617,-0.11986429,0.97600336,-0.01009835,0.04564554,0.02375251,-0.00170331,-0.09134491,-0.06045157,0.99398126,0.18281278,-0.12219945,3.13380503
12193160,12.18263244,0.07194488,-0.00319755,-0.00559571,-0.18177293,-0.11788246,0.97624893,-0.00304152,0.03511878,0.02326274,-0.00179186,-0.09132395,-0.05945907,0.99404287,0.18278911,-0.12016861,3.13417124
12226168,12.21564006,0.03437366,-0.02158346,-0.00226493,-0.18250399,-0.11602053,0.97633571,-0.00841397,0.03496583,-0.02174586,-0.00189818,-0.09168510,-0.05853171,0.99406452,0.18353265,-0.11827795,3.13451457
12259124,12.24859619,-0.01518836,0.02771210,-0.03077642,-0.18119117,-0.11463493,0.97674379,0.02811501,0.02942985,0.00567806,-0.00192100,-0.09101539,-0.05782961,0.99416713,0.18219757,-0.11682990,3.13477253
12292084,12.28155612,0.02131700,0.09006432,-0.05595712,-0.18258552,-0.11319097,0.97665271,-0.03054924,0.01724370,0.04580825,-0.00202084,-0.09171442,-0.05711529,0.99414405,0.18361555,-0.11538207,3.13502359
12325016,12.31448841,0.06128637,0.07567535,0.00413017,-0.18452047,-0.11287264,0.97632560,-0.07426860,0.00496248,0.03636974,-0.00208904,-0.09269168,-0.05696826,0.99406156,0.18558396,-0.11509867,3.13507294
12357976,12.34744834,0.09019755,0.12350536,0.02984380,-0.18618426,-0.11174457,0.97613954,-0.02231184,0.01848285,-0.01666689,-0.00218842,-0.09352848,-0.05641463,0.99401454,0.18727706,-0.11397986,3.13528013
12390968,12.38043975,0.05395865,0.08473506,0.00852680,-0.18806840,-0.11115714,0.97584552,-0.03605267,0.01130362,-0.00660723,-0.00226769,-0.09447942,-0.05613296,0.99394044,0.18919510,-0.11341967,3.13538289
12423904,12.41337585,0.04503216,-0.01718683,0.06022052,-0.18942823,-0.10968912,0.97574815,-0.02248582,0.02839030,-0.01529896,-0.00237958,-0.09516128,-0.05540813,0.99391565,0.19057989,-0.11194541,3.13567018
12456848,12.44631958,0.03064318,0.05235988,0.02105054,-0.18934024,-0.10771429,0.97598543,-0.00353084,0.03056585,0.03085053,-0.00247234,-0.09510860,-0.05442016,0.99397506,0.19049024,-0.10991981,3.13605570
12489796,12.47926807,0.06901378,-0.00466309,0.07434303,-0.19099998,-0.10662142,0.97578201,-0.03214454,0.01482454,0.02226484,-0.00257437,-0.09594426,-0.05388512,0.99392375,0.19218081,-0.10883587,3.13627219
12522736,12.51220798,0.04036906,-0.02318224,0.03837059,-0.18948115,-0.10545290,0.97620477,0.05349483,0.03880251,-0.04090208,-0.00259286,-0.09517058,-0.05329136,0.99402990,0.19063376,-0.10760607,3.13651180
12555720,12.54519176,-0.04583154,0.06501685,-0.00932619,-0.19025243,-0.10361258,0.97625198,0.00104345,0.02280203,-0.04314649,-0.00270030,-0.09555415,-0.05237640,0.99404153,0.19141933,-0.10573722,3.13686513
12588740,12.57821178,-0.07833998,0.02891118,-0.01532159,-0.19194775,-0.10260535,0.97602653,-0.04389208,0.02008582,0.02372932,-0.00279232,-0.09640894,-0.05188398,0.99398460,0.19314645,-0.10474085,3.13705515
12621728,12.61120033,-0.00452986,-0.01159112,0.04276723,-0.19353976,-0.10142633,0.97583541,-0.03131375,0.00669976,0.06347120,-0.00289402,-0.09721087,-0.05130560,0.99393625,0.19476888,-0.10356607,3.13728928
12654732,12.64420413,0.04756355,0.08779939,0.03783767,-0.19486747,-0.09991503,0.97572708,-0.01191963,0.00885057,0.01377487,-0.00300303,-0.09787813,-0.05055942,0.99390869,0.19612239,-0.10204492,3.13758802
12687680,12.67715167,0.05315927,0.03930321,0.04063552,-0.19619370,-0.09840942,0.97561454,-0.00986098,0.00270630,0.02536201,-0.00311219,-0.09854490,-0.04981627,0.99388008,0.19747467,-0.10052913,3.13788866
12720644,12.71011638,0.07034610,-0.00759418,0.04063552,-0.19486342,-0.09701608,0.97602033,0.01346694,0.01303171,-0.00507307,-0.00315069,-0.09786594,-0.04911194,0.99398193,0.19611824,-0.09907423,3.13817787
12753620,12.74309158,0.00346401,0.05116080,-0.01172435,-0.19452526,-0.09508070,0.97627830,0.00702527,0.01451430,-0.02266502,-0.00323601,-0.09768843,-0.04814309,0.99404659,0.19577348,-0.09708481,3.13856220
12786552,12.77602386,0.00706126,0.03197550,-0.03317458,-0.19522344,-0.09320560,0.97631959,-0.00912225,0.01215091,0.02001828,-0.00334143,-0.09803665,-0.04721098,0.99405660,0.19648532,-0.09517784,3.13892769
12819492,12.80896377,0.02651302,-0.00133231,-0.02344870,-0.19415872,-0.09158903,0.97668485,0.00446145,0.00662809,0.00085419,-0.00339360,-0.09749240,-0.04639687,0.99414825,0.19539980,-0.09350197,3.13924884
12852448,12.84191989,0.00919296,-0.05235988,-0.02318224,-0.19606945,-0.09167325,0.97629537,-0.03952625,-0.00378574,0.01686865,-0.00343154,-0.09846115,-0.04645086,0.99405021,0.19734794,-0.09362457,3.13922166
12885512,12.87498378,0.04276723,-0.01452220,0.00399694,-0.19761751,-0.09043376,0.97609882,-0.01795867,0.00742595,0.02536607,-0.00352784,-0.09924244,-0.04584202,0.99400043,0.19892693,-0.09238442,3.13946509
12918488,12.90795993,0.05489127,0.14055895,-0.02504747,-0.19955730,-0.09018324,0.97572727,-0.05752277,0.00326917,0.02402854,-0.00357994,-0.10022563,-0.04572905,0.99390687,0.20090610,-0.09216484,3.13950037
12951416,12.94088840,0.11471210,0.08646708,0.05529096,-0.20147943,-0.09034254,0.97531719,-0.09954596,-0.01414965,0.04567885,-0.00361714,-0.10120106,-0.04582126,0.99380350,0.20286815,-0.09236531,3.13946413
12984368,12.97383975,0.16374120,-0.01492190,0.09219602,-0.20273571,-0.09176248,0.97492456,-0.00942250,-0.00833517,0.01579809,-0.00357838,-0.10184242,-0.04653863,0.99370489,0.20415084,-0.09384618,3.13917493
13017344,13.00681591,0.12577028,0.05062787,0.00839357,-0.20083806,-0.09205501,0.97528944,0.04947087,-0.00267155,-0.03510391,-0.00351810,-0.10088061,-0.04667192,0.99379692,0.20221338,-0.09410857,3.13911819
13050328,13.03979969,0.06861409,0.07660796,-0.00519602,-0.20122084,-0.09008383,0.97539453,-0.00410143,0.01073813,0.00995701,-0.00362442,-0.10106914,-0.04569046,0.99382295,0.20260415,-0.09209505,3.13951849
13083288,13.07275962,0.08420215,0.07394334,-0.05369219,-0.19967401,-0.08896944,0.97581501,0.05050409,0.03550263,0.01002485,-0.00363961,-0.10028162,-0.04512366,0.99392871,0.20102522,-0.09092310,3.13974022
13116228,13.10569953,0.05742266,-0.03637212,-0.08793262,-0.20111262,-0.08760326,0.97564268,-0.03375065,0.02168528,0.03216982,-0.00373208,-0.10100810,-0.04445041,0.99388494,0.20249369,-0.08955016,3.13999891
13149228,13.13869953,0.12203981,0.03130934,-0.06634916,-0.20273613,-0.08645848,0.97540884,-0.05800605,0.03103855,0.03264779,-0.00381761,-0.10182924,-0.04388896,0.99382581,0.20415134,-0.08840715,3.14021372
13182212,13.17168426,0.13189892,0.15254976,0.01438897,-0.20468080,-0.08643287,0.97500524,-0.04898131,0.00220435,-0.03555208,-0.00385855,-0.10281631,-0.04388859,0.99372415,0.20613758,-0.08841751,3.14020705
13215248,13.20471954,0.10098929,-0.01945176,0.10125575,-0.20643630,-0.08555257,0.97471237,-0.05332933,0.01914632,0.02846146,-0.00394865,-0.10370506,-0.04346176,0.99365005,0.20793142,-0.08754776,3.14039969
13248220,13.23769187,0.15268301,-0.14282388,0.09392803,-0.20510087,-0.08412374,0.97511873,0.03371414,0.02821553,-0.04933751,-0.00400086,-0.10302312,-0.04274109,0.99375209,0.20656681,-0.08605717,3.14071917
13281188,13.27066040,0.01665390,0.10884993,0.03837059,-0.20588252,-0.08227063,0.97511205,-0.01189092,0.02929211,-0.00074685,-0.00411507,-0.10341551,-0.04182226,0.99375000,0.20736548,-0.08417109,3.14111089
13314128,13.30360031,0.07980552,0.08033844,0.07754058,-0.20475714,-0.08069692,0.97548055,0.01505987,0.02698598,0.03867960,-0.00417818,-0.10284038,-0.04103079,0.99384241,0.20621559,-0.08253735,3.14145541
13347076,13.33654785,0.08446861,-0.16640582,0.01345635,-0.20473353,-0.07869520,0.97564907,0.00014369,0.02132215,0.00066930,-0.00428188,-0.10282419,-0.04003271,0.99388437,0.20619149,-0.08048509,3.14187741
13380092,13.36956405,0.07913936,-0.03703828,0.00013323,-0.20640892,-0.07767044,0.97537784,-0.02308327,0.01224074,0.00435847,-0.00436635,-0.10367299,-0.03953237,0.99381570,0.20790348,-0.07946343,3.14208507
13413092,13.40256404,0.06967994,0.03837059,0.00532925,-0.20508923,-0.07626669,0.97576723,0.02735485,0.02499715,-0.01946843,-0.00441281,-0.10300019,-0.03882416,0.99391355,0.20655491,-0.07800215,3.14238357
13446024,13.43549633,0.02677948,-0.08513477,-0.04649770,-0.20603284,-0.07451104,0.97570409,-0.01589099,0.02690361,0.00354391,-0.00451763,-0.10347645,-0.03795462,0.99389724,0.20751907,-0.07621850,3.14274263
13479040,13.46851158,0.03250842,-0.00253139,-0.02797856,-0.20679516,-0.07265810,0.97568244,-0.00682789,0.02602723,-0.01645398,-0.00462491,-0.10386075,-0.03703563,0.99389123,0.20829818,-0.07433179,3.14312601
13512096,13.50156784,-0.02664625,0.01478867,-0.05249311,-0.20612363,-0.07082280,0.97595939,0.01178770,0.01540287,-0.03137934,-0.00470441,-0.10351710,-0.03611651,0.99396047,0.20761189,-0.07244039,3.14350843
13545128,13.53460025,-0.02624655,-0.06062021,-0.03903675,-0.20517053,-0.06912403,0.97628231,0.00375451,0.02224903,0.05472356,-0.00477342,-0.10303084,-0.03526394,0.99404144,0.20663790,-0.07068537,3.14386439
13578116,13.56758785,0.04116845,0.00226493,-0.03197550,-0.20485639,-0.06716388,0.97648496,0.00344038,0.01906818,0.00007755,-0.00486587,-0.10286914,-0.03428504,0.99409189,0.20631699,-0.06867312,3.14426994
13611064,13.60053634,-0.02811179,-0.06221899,-0.07420980,-0.20297219,-0.06679060,0.97690372,0.01864603,0.00429060,-0.01547790,-0.00484842,-0.10191221,-0.03408720,0.99419727,0.20439240,-0.06826345,3.14434266
13644112,13.63358402,0.00759418,-0.08033844,-0.05062787,-0.20485033,-0.06706765,0.97649250,-0.04759107,-0.00934837,0.05548996,-0.00486129,-0.10286629,-0.03423609,0.99409379,0.20631084,-0.06857451,3.14427113
13677152,13.66662406,0.06967994,0.01332312,-0.00799387,-0.20675513,-0.06724848,0.97607870,-0.01809837,-0.00184332,-0.00391072,-0.00488160,-0.10383403,-0.03433750,0.99398965,0.20825729,-0.06878787,3.14422321
13710124,13.69959640,0.01159112,0.04569831,-0.02784533,-0.20865139,-0.06752628,0.97565593,-0.01937595,-0.00278622,-0.00641769,-0.00489595,-0.10479788,-0.03448717,0.99388322,0.21019582,-0.06910097,3.14415264
13743088,13.73256015,0.02877795,-0.07620828,0.02917764,-0.21053199,-0.06775999,0.97523584,-0.01896019,-0.00304079,0.01158053,-0.00491756,-0.10575382,-0.03461544,0.99377746,0.21211912,-0.06936913,3.14410138
13776080,13.76555156,0.01265697,-0.00599541,0.00879326,-0.20882217,-0.06691094,0.97566165,0.02815811,0.01320000,-0.01399177,-0.00493436,-0.10488383,-0.03418204,0.99388446,0.21037044,-0.06847286,3.14429020
13809056,13.79852771,-0.03370750,0.02184992,-0.03783767,-0.20693101,-0.06667781,0.97608051,0.02114000,0.00149227,0.03490579,-0.00491260,-0.10392279,-0.03405411,0.99398994,0.20843706,-0.06820583,3.14434027
13842072,13.83154392,0.07727412,-0.08366923,-0.02624655,-0.20540263,-0.06548712,0.97648401,0.00960186,0.01299688,0.06282264,-0.00494625,-0.10314532,-0.03345140,0.99409122,0.20687510,-0.06696393,3.14458990
13875040,13.86451244,0.07554212,-0.04743032,-0.06368453,-0.20390694,-0.06425955,0.97687873,0.02153389,0.01274587,-0.04328495,-0.00497911,-0.10238482,-0.03283029,0.99419031,0.20534713,-0.06568583,3.14483857
13908040,13.89751243,0.02624655,0.05955436,-0.03783767,-0.20583286,-0.06429791,0.97647266,-0.03904018,-0.00308490,0.02987498,-0.00500372,-0.10336307,-0.03286042,0.99408826,0.20731470,-0.06575221,3.14481687
13941036,13.93050765,0.06688208,-0.04649770,-0.02438132,-0.20392131,-0.06409413,0.97688684,0.03668499,0.00354725,0.01188266,-0.00498100,-0.10239220,-0.03274726,0.99419240,0.20536174,-0.06551670,3.14485931
13974060,13.96353244,0.03050996,-0.14135835,-0.03503981,-0.20475981,-0.06584480,0.97659511,0.00114654,-0.00422356,-0.01931977,-0.00490157,-0.10281972,-0.03362411,0.99411954,0.20621829,-0.06732093,3.14448499
14007084,13.99655628,0.02291577,-0.01105819,-0.00426340,-0.20304396,-0.06678442,0.97688903,0.00895217,-0.01085230,0.03507381,-0.00482450,-0.10194951,-0.03408195,0.99419364,0.20446569,-0.06825817,3.14429259
14040056,14.02952766,0.03144257,0.07087903,-0.02664625,-0.20114924,-0.06659629,0.97729396,0.02146174,0.00238731,-0.00244045,-0.00479942,-0.10098762,-0.03397664,0.99429569,0.20253105,-0.06803837,3.14433026
14073028,14.06250000,0.04942879,-0.14482234,-0.01052527,-0.20253210,-0.06519497,0.97710304,-0.01402064,0.00269497,0.04023093,-0.00489234,-0.10168819,-0.03328647,0.99424724,0.20394291,-0.06662397,3.14461398
14106080,14.09555244,0.06435069,-0.11644411,0.03384073,-0.20059218,-0.06520972,0.97750196,0.03433241,0.00051245,-0.00801951,-0.00486263,-0.10070346,-0.03328267,0.99434766,0.20196237,-0.06661188,3.14462113
14139076,14.12854766,0.00746095,-0.10964931,-0.02664625,-0.19867532,-0.06494618,0.97791090,0.04926126,0.00757314,-0.00964922,-0.00484334,-0.09973060,-0.03314003,0.99445056,0.20000615,-0.06631580,3.14467692
14172064,14.16153621,0.00692802,-0.20211176,-0.02837825,-0.19709981,-0.06379449,0.97830543,-0.00504862,-0.00114692,0.03072781,-0.00487420,-0.09893044,-0.03255690,0.99454956,0.19839885,-0.06511697,3.14491128
14205068,14.19454002,0.02651302,-0.16001071,-0.01385605,-0.19514900,-0.06376707,0.97869806,0.06306893,0.00102292,0.00836247,-0.00484400,-0.09794106,-0.03253206,0.99464836,0.19640945,-0.06506302,3.14492034
14238044,14.22751617,-0.02184992,-0.07327718,-0.07967228,-0.19323683,-0.06348868,0.97909564,0.05651809,0.00855704,0.00967383,-0.00482156,-0.09697154,-0.03238195,0.99474849,0.19446012,-0.06475354,3.14496850
14271128,14.26060009,0.02318224,-0.16800460,-0.08380245,-0.19159070,-0.06244320,0.97948617,-0.00518663,-0.00078922,0.04126578,-0.00483994,-0.09613664,-0.03185104,0.99484643,0.19278264,-0.06366481,3.14516472
14304116,14.29358768,0.03703828,-0.01771975,-0.07767382,-0.18965989,-0.06257348,0.97985372,0.05245286,-0.00432105,0.01892555,-0.00479669,-0.09515851,-0.03190465,0.99493904,0.19081578,-0.06377343,3.14512968
14337100,14.32657241,0.05702297,-0.01012557,-0.15734610,-0.18774158,-0.06236628,0.98023653,0.04467518,0.00474909,0.00828886,-0.00476248,-0.09418699,-0.03178952,0.99503545,0.18886233,-0.06353807,3.14514517
14370112,14.35958385,0.03184226,-0.04623124,-0.12057427,-0.18581293,-0.06263356,0.98058652,0.05177972,-0.00719066,0.00867128,-0.00470962,-0.09321070,-0.03191138,0.99512357,0.18689918,-0.06378692,3.14507770
14403156,14.39262771,0.01931853,-0.01492190,-0.12203981,-0.18387747,-0.06260425,0.98095331,0.02005913,0.00181323,-0.02172482,-0.00467036,-0.09223107,-0.03188542,0.99521598,0.18492975,-0.06373337,3.14506626
14436144,14.42561626,0.00679479,-0.00599541,-0.15588054,-0.18195157,-0.06286726,0.98129539,0.03595547,-0.00695696,0.03091163,-0.00461489,-0.09125679,-0.03200513,0.99530210,0.18297082,-0.06397815,3.14499449
14469104,14.45857620,0.02038438,-0.04876263,-0.14588820,-0.18000716,-0.06298282,0.98164672,0.02986068,-0.00391171,0.03495484,-0.00456694,-0.09027332,-0.03205142,0.99539060,0.18099376,-0.06407256,3.14495253
14502120,14.49159240,0.04449923,0.07500919,-0.20997242,-0.17810488,-0.06334057,0.98197040,0.04822208,-0.00965748,0.01461160,-0.00450202,-0.08931180,-0.03221824,0.99547214,0.17906027,-0.06441430,3.14485311
14535124,14.52459621,0.04663093,0.08406891,-0.23382081,-0.17633368,-0.06416208,0.98223676,0.05060128,-0.01908988,-0.02178759,-0.00441629,-0.08841719,-0.03261700,0.99553947,0.17726058,-0.06522974,3.14466619
14568140,14.55761241,-0.00519602,0.08393568,-0.24847624,-0.17815246,-0.06484882,0.98186388,-0.03205260,-0.01205548,-0.02263534,-0.00439318,-0.08933825,-0.03296702,0.99544601,0.17910854,-0.06595087,3.14449501
14601164,14.59063625,-0.02598009,0.10432007,-0.24781010,-0.17623005,-0.06485078,0.98221063,0.05635701,0.00039765,0.00875616,-0.00434084,-0.08836668,-0.03295618,0.99553327,0.17715524,-0.06592965,3.14445590
14634144,14.62361621,-0.07927259,0.19398468,-0.45751609,-0.17444131,-0.06561836,0.98247852,0.03918740,-0.01616876,0.00775582,-0.00423908,-0.08746415,-0.03332655,0.99560089,0.17533840,-0.06668954,3.14424443
14667212,14.65668392,0.00279786,0.17253445,-0.44246096,-0.17359085,-0.06742915,0.98250665,-0.00463180,-0.01850836,0.06534487,-0.00410693,-0.08703709,-0.03422231,0.99560852,0.17447472,-0.06852227,3.14384746
14700224,14.68969631,0.01292343,0.15454822,-0.46044716,-0.17372574,-0.06942507,0.98234405,0.00233904,-0.01675657,-0.02042997,-0.00398158,-0.08710871,-0.03521543,0.99556827,0.17461170,-0.07055556,3.14341306
14733204,14.72267627,-0.09286218,0.24034914,-0.53332467,-0.17550844,-0.07027733,0.98196620,-0.06008727,-0.02811135,-0.00735688,-0.00392968,-0.08801252,-0.03564587,0.99547357,0.17642223,-0.07144615,3.14316630
14766276,14.75574779,-0.03224196,0.28658041,-0.39130015,-0.17730046,-0.07111222,0.98158416,-0.04730891,-0.02166122,0.03013462,-0.00388955,-0.08892095,-0.03606869,0.99537773,0.17824280,-0.07232003,3.14294266
14799332,14.78880405,0.03690505,0.20477640,-0.52186675,-0.17551088,-0.07185983,0.98185148,0.05124330,-0.02506400,0.03792393,-0.00377803,-0.08801871,-0.03642837,0.99544534,0.17642468,-0.07305783,3.14271903
14832316,14.82178783,0.12577028,0.26952681,-0.71145482,-0.17416372,-0.07328958,0.98198547,0.03280631,-0.03706199,0.01606143,-0.00362658,-0.08734205,-0.03712938,0.99547948,0.17505646,-0.07449597,3.14233851
14865300,14.85477161,0.10645176,0.18292648,-0.57782387,-0.17606434,-0.07374534,0.98161211,-0.16426768,-0.03929177,-0.05387777,-0.00358929,-0.08830553,-0.03736202,0.99538593,0.17698693,-0.07498589,3.14214825
14898340,14.88781166,0.01358959,0.12643644,-0.39836139,-0.17579269,-0.07572945,0.98150978,0.00220871,-0.02851860,0.00896877,-0.00346153,-0.08817268,-0.03834784,0.99536056,0.17671098,-0.07700353,3.14172315
14931332,14.92080402,0.06448392,0.03344104,-0.40808730,-0.17728981,-0.07695349,0.98114528,-0.03999534,-0.02973597,0.03447973,-0.00339961,-0.08893317,-0.03896340,0.99526929,0.17823197,-0.07827208,3.14142680
14964320,14.95379161,0.09526034,0.00746095,-0.29097700,-0.17901144,-0.07780519,0.98076553,-0.08026591,-0.03987059,-0.00688863,-0.00336823,-0.08980643,-0.03939521,0.99517402,0.17998157,-0.07916530,3.14121460
14997308,14.98678016,0.03090965,0.07887290,-0.20624194,-0.17827589,-0.07966180,0.98075027,0.01616652,-0.04265265,0.00435716,-0.00325176,-0.08943880,-0.04031644,0.99517049,0.17923403,-0.08104744,3.14084100
15030240,15.01971244,0.07261103,0.06381777,-0.27592186,-0.17966674,-0.08100775,0.98038635,-0.03078248,-0.02812311,0.01277775,-0.00319412,-0.09014601,-0.04099353,0.99507932,0.18064767,-0.08244112,3.14054155
15063248,15.05272006,0.06408423,-0.01425574,-0.21969833,-0.18137189,-0.08188337,0.97999954,-0.08522967,-0.04409319,-0.04323196,-0.00316923,-0.09101131,-0.04143805,0.99498224,0.18238133,-0.08336088,3.14033579
15096304,15.08577632,-0.05102756,0.11631088,-0.09859111,-0.18274635,-0.08327046,0.97962751,-0.03258568,-0.03318462,-0.01014507,-0.00312565,-0.09171020,-0.04213725,0.99488897,0.18377909,-0.08479833,3.14005732
15129340,15.11881160,0.00119908,0.07687443,-0.13189892,-0.18439221,-0.08428428,0.97923192,-0.04827380,-0.02826455,0.04225248,-0.00310144,-0.09254604,-0.04265140,0.99478950,0.18545351,-0.08586021,3.13983869
15162236,15.15170764,0.06008729,0.02145023,-0.16627258,-0.18322374,-0.08589773,0.97931108,0.01916126,-0.03031322,0.01238811,-0.00298672,-0.09195940,-0.04344902,0.99480981,0.18426475,-0.08748849,3.13950872
15195176,15.18464756,0.00079939,0.08473506,-0.14255743,-0.18489351,-0.08687106,0.97891130,-0.05656156,-0.03300199,-0.01040548,-0.00296486,-0.09280748,-0.04394317,0.99470939,0.18596352,-0.08851065,3.13929486
15228168,15.21763992,0.01638744,0.15481469,-0.18132771,-0.18440900,-0.08880539,0.97882947,0.00691877,-0.01910476,-0.00959116,-0.00284749,-0.09256825,-0.04490476,0.99468917,0.18547053,-0.09047841,3.13889765
15261176,15.25064754,0.01532159,0.03357427,-0.25327258,-0.18609230,-0.08973253,0.97842597,-0.03656394,-0.02013076,-0.01675606,-0.00281987,-0.09342383,-0.04537528,0.99458780,0.18718349,-0.09145527,3.13867259
15294188,15.28365993,-0.00666156,0.04276723,-0.19358499,-0.18780284,-0.09061143,0.97801799,-0.06634754,-0.03390029,-0.01976603,-0.00280027,-0.09429311,-0.04582245,0.99448528,0.18892477,-0.09238428,3.13846516
15327192,15.31666374,-0.04649770,0.15041806,-0.23355436,-0.18920383,-0.09196619,0.97762145,-0.03589383,-0.03181311,0.02408749,-0.00274774,-0.09500753,-0.04650524,0.99438581,0.19035127,-0.09379535,3.13815855
15360208,15.34967994,0.04116845,0.07434303,-0.17386675,-0.19083354,-0.09298414,0.97720813,-0.08138326,-0.04934984,0.04989147,-0.00272075,-0.09583684,-0.04702169,0.99428186,0.19201129,-0.09486723,3.13792276
15393200,15.38267230,0.08366923,0.03877029,-0.13856048,-0.19251661,-0.09388876,0.97679157,-0.06187792,-0.03355264,-0.00047320,-0.00270303,-0.09669298,-0.04748222,0.99417724,0.19372611,-0.09582517,3.13771224
15426208,15.41567993,0.04290046,0.18505819,-0.21370291,-0.19398547,-0.09515075,0.97637882,-0.03111218,-0.02887269,-0.03082216,-0.00265590,-0.09744243,-0.04811934,0.99407358,0.19522321,-0.09714593,3.13741588
15459188,15.44865989,0.04130168,0.13816080,-0.23648545,-0.19509923,-0.09674027,0.97600040,-0.03292811,-0.04510543,0.00398004,-0.00258291,-0.09801345,-0.04891785,0.99397859,0.19635868,-0.09879638,3.13705086
15492148,15.48161983,0.01292343,0.12803521,-0.18039510,-0.19652413,-0.09804214,0.97558460,-0.03736259,-0.03623521,-0.03246939,-0.00253679,-0.09874119,-0.04957525,0.99387407,0.19781173,-0.10015950,3.13675045
15525132,15.51460361,0.02904441,0.17959570,-0.30430011,-0.19521562,-0.09952843,0.97569675,0.01430742,-0.02132118,0.01844382,-0.00240343,-0.09808497,-0.05030670,0.99390258,0.19647735,-0.10165593,3.13640165
15558116,15.54758834,0.13789433,0.32241959,-0.42820520,-0.19492504,-0.10148165,0.97555389,-0.00063160,-0.03694609,0.03006131,-0.00225882,-0.09794740,-0.05127654,0.99386711,0.19618103,-0.10365183,3.13592910
15591124,15.58059597,0.14415619,0.37504596,-0.47656812,-0.19673860,-0.10220884,0.97511386,-0.07254851,-0.03060366,-0.00611973,-0.00222313,-0.09887179,-0.05164668,0.99375648,0.19803041,-0.10443598,3.13568282
15624096,15.61356830,0.14175803,0.17386675,-0.43246860,-0.19845598,-0.10306501,0.97467555,-0.08938583,-0.04561663,-0.03766381,-0.00218424,-0.09974801,-0.05208129,0.99364624,0.19978236,-0.10535140,3.13542056
15657104,15.64657592,0.00359724,0.04689740,-0.26166615,-0.20014905,-0.10394667,0.97423572,-0.07621813,-0.03936388,-0.04503655,-0.00216120,-0.10061138,-0.05253035,0.99353570,0.20151009,-0.10629348,3.13518714
15690068,15.67953968,-0.06728178,0.01252374,-0.13789433,-0.20198085,-0.10448155,0.97380027,-0.12565586,-0.03687587,-0.00114405,-0.00217136,-0.10154330,-0.05280842,0.99342613,0.20338010,-0.10688370,3.13504719
15723104,15.71257591,-0.02304901,-0.07154518,0.03503981,-0.20383188,-0.10488636,0.97337083,-0.14113880,-0.03378552,0.02296704,-0.00220321,-0.10248394,-0.05302328,0.99331789,0.20527043,-0.10734162,3.13496232
15756132,15.74560356,0.04703063,-0.00866003,0.02291577,-0.20555343,-0.10567233,0.97292385,-0.06300125,-0.02958158,0.03147071,-0.00220922,-0.10336099,-0.05342752,0.99320535,0.20702924,-0.10818906,3.13479113
15789068,15.77853965,0.09126340,0.02637979,0.00146554,-0.20682868,-0.10708005,0.97249965,-0.05244864,-0.05600590,0.00552768,-0.00216836,-0.10401480,-0.05413918,0.99309873,0.20833249,-0.10966629,3.13448309
15821996,15.81146812,0.04170137,0.09339511,0.06315162,-0.20866832,-0.10760053,0.97204895,-0.16096056,-0.04596393,-0.05798650,-0.00219426,-0.10495100,-0.05441225,0.99298515,0.21021316,-0.11024572,3.13437008
15854996,15.84446811,0.01332312,0.11711026,0.13509647,-0.20996601,-0.10900793,0.97161273,-0.03539531,-0.03820887,-0.00286269,-0.00216532,-0.10561611,-0.05512540,0.99287538,0.21154022,-0.11172558,3.13408064
15888024,15.87749576,0.04942879,0.05169372,0.08673354,-0.21180176,-0.10950474,0.97115831,-0.05968261,-0.01696010,-0.00826770,-0.00219519,-0.10655062,-0.05538722,0.99276094,0.21341819,-0.11228258,3.13397526
15920960,15.91043186,0.05582389,0.00759418,0.21077182,-0.21359474,-0.11010491,0.97069778,-0.11721580,-0.04077400,-0.02269978,-0.00222890,-0.10746362,-0.05570168,0.99264488,0.21525316,-0.11294590,3.13386750
15953892,15.94336414,0.00053292,0.22622663,0.19518376,-0.21505250,-0.11135470,0.97023334,-0.01834592,-0.01681913,-0.01222551,-0.00221606,-0.10820996,-0.05633811,0.99252796,0.21674563,-0.11427108,3.13361215
15986852,15.97632408,-0.02078407,0.17986216,0.15814547,-0.21699018,-0.11141467,0.96979494,-0.09209185,-0.00992323,0.04656249,-0.00227882,-0.10919460,-0.05638370,0.99241743,0.21873016,-0.11438331,3.13361191
16019844,16.00931549,0.13429708,-0.05062787,0.31695711,-0.21887044,-0.11161044,0.96934967,-0.10046548,-0.01924893,0.05921483,-0.00234534,-0.11015032,-0.05649831,0.99230499,0.22065672,-0.11463471,3.13360691
16052836,16.04230880,0.22143032,0.04889586,0.31122817,-0.21752998,-0.11301960,0.96948795,0.00610420,-0.02101360,0.04174250,-0.00225141,-0.10947480,-0.05719438,0.99234008,0.21928315,-0.11605278,3.13334059
16085760,16.07523155,0.23408727,-0.00599541,0.24154825,-0.21941385,-0.11321178,0.96904096,-0.05109395,-0.00617299,-0.01738078,-0.00231022,-0.11043291,-0.05730644,0.99222736,0.22121367,-0.11630146,3.13331842
16118744,16.10821533,0.19358499,-0.12110720,0.31962175,-0.22130327,-0.11318597,0.96861438,-0.10193892,0.00014886,-0.03453231,-0.00238949,-0.11139250,-0.05731078,0.99211969,0.22315070,-0.11632595,3.13336181
16151716,16.14118766,0.13842725,-0.11377948,0.37451303,-0.22318711,-0.11284968,0.96822109,-0.10640273,0.02325007,-0.06734222,-0.00249168,-0.11234763,-0.05716090,0.99202032,0.22508289,-0.11603010,3.13348793
16184752,16.17422485,0.07287749,-0.18439203,0.48869218,-0.22501485,-0.11225401,0.96786718,-0.04476054,0.02241026,-0.05795509,-0.00261830,-0.11327252,-0.05688258,0.99193077,0.22695829,-0.11546491,3.13369798
16217748,16.20722007,0.01598775,-0.14881927,0.39489736,-0.22396197,-0.11063383,0.96829805,0.02620807,0.03299711,-0.02322972,-0.00271488,-0.11272617,-0.05606932,0.99203910,0.22587783,-0.11376266,3.13414907
16250664,16.24013519,0.06688208,-0.01598775,0.30803062,-0.22346847,-0.10872967,0.96862745,0.00618331,0.04012614,0.02941942,-0.00283362,-0.11246408,-0.05511774,0.99212179,0.22537155,-0.11178333,3.13464188
16283592,16.27306365,0.05928790,-0.14202450,0.33307809,-0.22409696,-0.10681595,0.96869544,-0.01735813,0.05139603,0.00078696,-0.00298669,-0.11277326,-0.05417066,0.99213848,0.22601633,-0.10982415,3.13513684
16316528,16.30599975,0.05688974,-0.05715620,0.31828942,-0.22484512,-0.10494109,0.96872701,-0.01465684,0.05269499,-0.02365863,-0.00313886,-0.11314407,-0.05324387,0.99214591,0.22678408,-0.10790807,3.13561964
16349512,16.33898353,0.05076110,-0.05688974,0.25447165,-0.22437748,-0.10302720,0.96904067,0.02052008,0.04516586,-0.03959727,-0.00325610,-0.11289632,-0.05228776,0.99222459,0.22630424,-0.10592086,3.13610816
16382488,16.37195968,-0.05529096,-0.09286218,0.13962633,-0.22263352,-0.10229148,0.96952085,0.05783860,0.02514305,-0.04422790,-0.00326639,-0.11200454,-0.05190892,0.99234561,0.22451498,-0.10511835,3.13631486
16415480,16.40495109,-0.07034610,0.05009494,-0.04303369,-0.22078590,-0.10194554,0.96997976,0.04280740,0.00721897,0.02953196,-0.00323573,-0.11106287,-0.05172205,0.99246129,0.22262020,-0.10471622,3.13639831
16448436,16.43790817,-0.05742266,0.08033844,-0.03916999,-0.22116234,-0.09999751,0.97009639,-0.01638648,-0.00522710,0.07043099,-0.00335102,-0.11124655,-0.05075269,0.99249019,0.22300627,-0.10271720,3.13683438
16481388,16.47085952,-0.01225727,0.03690505,-0.12097396,-0.21948542,-0.09914885,0.97056446,0.03027643,0.01614104,0.06849808,-0.00334615,-0.11039034,-0.05031573,0.99260816,0.22128705,-0.10180271,3.13701510
16514384,16.50385665,0.08286983,0.14202450,-0.29510722,-0.21777391,-0.09839171,0.97102689,0.03906297,0.01684874,0.06046724,-0.00331810,-0.10951808,-0.04992245,0.99272470,0.21953310,-0.10098282,3.13713884
16547328,16.53680038,0.10978255,0.16560642,-0.28991117,-0.21968088,-0.09798869,0.97063808,-0.04008475,0.00790080,-0.00457364,-0.00335929,-0.11048804,-0.04973220,0.99262666,0.22148737,-0.10061199,3.13716387
16580296,16.56976890,0.06208576,0.10751762,-0.30256817,-0.21787633,-0.09867091,0.97097558,0.02622594,0.00028224,-0.05178613,-0.00324977,-0.10957407,-0.05005635,0.99271202,0.21963803,-0.10127272,3.13696384
16613232,16.60270309,-0.02278254,-0.02371516,-0.35879170,-0.21945693,-0.09970891,0.97051391,-0.00442001,-0.00283015,-0.00176388,-0.00320209,-0.11038379,-0.05058243,0.99259595,0.22125778,-0.10237908,3.13666224
16646260,16.63573265,0.03277488,-0.08819909,-0.34533536,-0.22134215,-0.09960125,0.97009658,-0.05941956,0.00243328,-0.00256729,-0.00322616,-0.11134414,-0.05053935,0.99249076,0.22319054,-0.10231298,3.13661861
16679296,16.66876792,-0.01958499,-0.05862174,-0.25140736,-0.22323026,-0.09963125,0.96966066,-0.11075410,0.00148671,-0.05120367,-0.00325141,-0.11230640,-0.05056604,0.99238090,0.22512712,-0.10238925,3.13656115
16712336,16.70180892,-0.03210873,-0.01865237,-0.20224502,-0.22512154,-0.09940658,0.96924629,-0.10080618,0.01078353,-0.00708812,-0.00329487,-0.11326935,-0.05046628,0.99227628,0.22706780,-0.10220334,3.13656997
16745356,16.73482894,-0.00532925,-0.18439203,-0.11457886,-0.22690980,-0.09875845,0.96889553,-0.04994566,0.01819205,-0.01137602,-0.00336823,-0.11417796,-0.05015563,0.99218769,0.22890357,-0.10157809,3.13669538
16778400,16.76787185,-0.01532159,-0.13363093,-0.15614700,-0.22877202,-0.09890543,0.96844234,-0.06224361,-0.00509848,-0.00823730,-0.00339414,-0.11512806,-0.05024172,0.99207334,0.23081607,-0.10177550,3.13662695
16811508,16.80097961,-0.00732772,-0.07674119,-0.05609035,-0.23041148,-0.09980278,0.96796150,-0.04912954,-0.02470895,0.06255603,-0.00337893,-0.11596770,-0.05070126,0.99195222,0.23250052,-0.10274308,3.13639688
16844512,16.83398437,0.07114548,-0.13722817,0.01718683,-0.22849051,-0.09990003,0.96840677,0.01828544,-0.00483631,0.03818500,-0.00332647,-0.11498897,-0.05073512,0.99206466,0.23052692,-0.10279552,3.13638710
16877436,16.86690711,0.09192955,-0.09685912,-0.07940582,-0.22657518,-0.09988421,0.96885852,0.03394823,-0.00094587,0.01820207,-0.00327199,-0.11401340,-0.05071178,0.99217872,0.22855997,-0.10273180,3.13638639
16910416,16.89988708,0.08660031,-0.07993874,-0.05129403,-0.22730252,-0.10165795,0.96850337,-0.00511935,-0.00674050,0.01098877,-0.00318344,-0.11439189,-0.05160132,0.99208946,0.22930684,-0.10458101,3.13595604
16943444,16.93291664,0.05302603,-0.08939817,-0.04929555,-0.22552304,-0.10099704,0.96898841,0.02337462,0.00871187,0.00366783,-0.00317160,-0.11348280,-0.05125765,0.99221172,0.22747993,-0.10385435,3.13611149
16976444,16.96591567,0.06808116,0.04063552,-0.09272895,-0.22611045,-0.09907778,0.96904964,-0.01387978,0.01411684,0.03680974,-0.00328628,-0.11377432,-0.05030381,0.99222669,0.22808291,-0.10188819,3.13653659
17009392,16.99886322,0.10924961,-0.04316692,-0.04516539,-0.22784967,-0.09820093,0.96873140,-0.01555854,-0.00165259,0.04176664,-0.00337380,-0.11465704,-0.04987903,0.99214630,0.22986874,-0.10102554,3.13672113
17042368,17.03183937,0.14482234,-0.11591118,-0.01998469,-0.22965607,-0.09863403,0.96826066,-0.04597868,-0.01244996,0.01123148,-0.00338975,-0.11557965,-0.05010828,0.99202756,0.23172440,-0.10151704,3.13660168
17075376,17.06484794,0.14508881,0.01199081,0.04383307,-0.23151965,-0.09890612,0.96778888,-0.00480849,-0.00045911,-0.00685143,-0.00342058,-0.11653081,-0.05025833,0.99190855,0.23363952,-0.10184444,3.13652753
17108348,17.09782028,0.10471976,-0.04449923,-0.00572894,-0.22978236,-0.09815801,0.96827964,0.02201870,0.00929082,0.00266767,-0.00341919,-0.11564207,-0.04987177,0.99203233,0.23185403,-0.10102851,3.13671135
17141332,17.13080406,0.13736140,-0.09286218,0.01199081,-0.22802696,-0.09742293,0.96876831,0.00878868,0.00342879,0.03855592,-0.00341783,-0.11474444,-0.04949188,0.99215545,0.23005082,-0.10022673,3.13689303
17174268,17.16374015,0.12363860,-0.00066616,0.00053292,-0.22644407,-0.09637935,0.96924390,0.02307494,0.01361567,-0.01953685,-0.00343692,-0.11393389,-0.04895946,0.99227514,0.22842540,-0.09911185,3.13714146
17207212,17.19668388,0.04716386,0.00039969,-0.03064318,-0.22479217,-0.09546598,0.96971874,0.04022185,0.02149137,-0.01000196,-0.00344586,-0.11308906,-0.04849146,0.99239482,0.22672975,-0.09813087,3.13735580
17240144,17.22961616,0.04330015,-0.01132465,-0.04676416,-0.22307558,-0.09467617,0.97019262,0.03020448,0.01386562,0.01491481,-0.00344498,-0.11221214,-0.04808461,0.99251422,0.22496843,-0.09727692,3.13753747
17273120,17.26259231,0.04889586,0.01732006,-0.07794027,-0.22145991,-0.09369597,0.97065773,0.02932124,0.01776823,0.01103169,-0.00345426,-0.11138637,-0.04758337,0.99263134,0.22331130,-0.09623020,3.13775467
17306072,17.29554367,0.03224196,0.00559571,-0.10285452,-0.21988699,-0.09264225,0.97111625,0.02677177,0.01915591,0.03132510,-0.00346709,-0.11058248,-0.04704576,0.99274673,0.22169866,-0.09510985,3.13798332
17339060,17.32853126,0.06834763,-0.00852680,-0.08127105,-0.22043013,-0.09071148,0.97117538,-0.00955033,0.01576031,0.02052385,-0.00357869,-0.11085258,-0.04608605,0.99276123,0.22225546,-0.09313360,3.13840222
17371980,17.36145210,0.07647473,0.01025880,-0.04036906,-0.21939458,-0.08907866,0.97156105,-0.00082026,0.00045561,0.00695455,-0.00364106,-0.11032038,-0.04526428,0.99285812,0.22119390,-0.09143049,3.13876676
17404892,17.39436340,0.04130168,0.05635682,-0.06768147,-0.21774513,-0.08816083,0.97201585,0.02267678,0.01247724,0.00601149,-0.00364826,-0.10947849,-0.04479461,0.99297256,0.21950359,-0.09045148,3.13896679
17437800,17.42727279,0.04156814,0.01079173,-0.06834763,-0.21635870,-0.08684850,0.97244319,0.00151497,0.00359654,0.01974434,-0.00368311,-0.10876951,-0.04413023,0.99308004,0.21808333,-0.08907326,3.13925242
17470748,17.46022033,0.07674119,0.02704594,-0.04996171,-0.21825604,-0.08701125,0.97200460,-0.03174394,-0.00527391,0.02848369,-0.00370962,-0.10973547,-0.04422361,0.99296951,0.22002711,-0.08927935,3.13919615
17503732,17.49320411,0.07034610,0.07580858,0.00826034,-0.21996722,-0.08783393,0.97154483,-0.01587263,-0.00762505,0.00575012,-0.00370023,-0.11060885,-0.04464529,0.99285373,0.22178087,-0.09016137,3.13900041
17536712,17.52618408,0.02864472,0.07101225,-0.01358959,-0.22148303,-0.08655105,0.97131538,-0.00166148,0.00378738,-0.00891304,-0.00380231,-0.11137657,-0.04401612,0.99279556,0.22333509,-0.08887232,3.13928031
17569652,17.55912399,0.07754058,-0.02931087,0.02637979,-0.22336561,-0.08672709,0.97086849,-0.05031602,-0.00775533,0.03059638,-0.00383401,-0.11233564,-0.04411705,0.99268293,0.22526602,-0.08909291,3.13923311
17602600,17.59207153,0.08939817,0.05222664,0.04556508,-0.22147159,-0.08683517,0.97129287,0.00125675,-0.00105546,0.00990826,-0.00378861,-0.11137149,-0.04415791,0.99279003,0.22332332,-0.08916460,3.13922047
17635532,17.62500381,0.06488361,0.02797856,0.02624655,-0.22021753,-0.08538394,0.97170648,0.00488551,0.00970034,0.02756113,-0.00384328,-0.11072872,-0.04342612,0.99289398,0.22203752,-0.08764498,3.13955760
17668488,17.65796089,0.09566003,-0.00866003,0.04636447,-0.21968543,-0.08348014,0.97199201,0.00679481,0.02049186,-0.00202131,-0.00393993,-0.11045236,-0.04247403,0.99296541,0.22149209,-0.08567537,3.13999533
17701484,17.69095611,0.04689740,0.04130168,0.01838591,-0.21798090,-0.08266218,0.97244586,0.05538327,0.02553327,-0.01761192,-0.00395015,-0.10958268,-0.04205498,0.99307975,0.21974518,-0.08480052,3.14018750
17734432,17.72390365,0.02931087,0.02131700,-0.08939817,-0.21669352,-0.08124508,0.97285308,0.01893962,0.02143063,0.01030117,-0.00399328,-0.10892431,-0.04133935,0.99318208,0.21842622,-0.08331884,3.14049291
17767360,17.75683212,0.03930321,0.00866003,-0.05715620,-0.21497926,-0.08042961,0.97330112,0.02796756,0.01353507,0.02254850,-0.00399749,-0.10805056,-0.04092112,0.99329481,0.21667060,-0.08244856,3.14066934
17800292,17.78976440,0.02957734,0.01918530,-0.09952374,-0.21353759,-0.07917824,0.97372064,0.01090088,0.01179542,0.02627933,-0.00402732,-0.10731481,-0.04028719,0.99340019,0.21519470,-0.08113662,3.14093208
17833252,17.82272338,0.06501685,0.00266462,-0.07034610,-0.21533732,-0.07977160,0.97327585,-0.01879354,-0.00641005,0.01109916,-0.00402385,-0.10823174,-0.04059376,0.99328823,0.21703727,-0.08177917,3.14078021
17866276,17.85574722,0.04529862,0.01985145,-0.05715620,-0.21343059,-0.07976394,0.97369651,0.01909466,-0.00007005,0.00530738,-0.00398053,-0.10726232,-0.04057696,0.99339437,0.21508512,-0.08173617,3.14077758
17899264,17.88873672,0.04476570,-0.02065084,-0.09632619,-0.21533329,-0.07957654,0.97329301,-0.03198115,0.00169569,0.00717574,-0.00401955,-0.10822981,-0.04049492,0.99329271,0.21703310,-0.08157867,3.14079356
17932248,17.92172050,0.06554977,-0.01199081,-0.00586217,-0.21723895,-0.07957549,0.97286949,-0.04301496,-0.00025850,-0.00924647,-0.00405569,-0.10919928,-0.04050663,0.99318590,0.21898498,-0.08161293,3.14078283
17965304,17.95477676,0.01625421,0.04369984,-0.02451455,-0.21585981,-0.07825720,0.97328319,0.01712935,0.01478063,-0.00697464,-0.00409802,-0.10849466,-0.03984055,0.99328985,0.21757233,-0.08023277,3.14107656
17998356,17.98782730,0.03583920,-0.01345635,-0.04489892,-0.21593556,-0.07626428,0.97342443,-0.00818554,0.00912560,0.03560877,-0.00420345,-0.10852892,-0.03884764,0.99332494,0.21764993,-0.07818665,3.14150929
18031356,18.02082824,0.06328484,-0.03477335,-0.00479632,-0.21771872,-0.07549959,0.97308692,-0.02788675,0.01226716,-0.00848734,-0.00427760,-0.10943459,-0.03847803,0.99323968,0.21947653,-0.07743260,3.14167022
18064348,18.05381965,0.02797856,0.02211639,-0.00106585,-0.21619346,-0.07435686,0.97351474,0.00769737,0.00526506,-0.00329995,-0.00431079,-0.10865622,-0.03789895,0.99334726,0.21791405,-0.07623178,3.14192891
18097356,18.08682823,0.00746095,0.01811945,0.00932619,-0.21444072,-0.07363199,0.97395744,0.02279033,0.00942299,0.00846446,-0.00431857,-0.10776323,-0.03752685,0.99345855,0.21611924,-0.07545728,3.14209699
18130384,18.11985588,0.02771210,0.07580858,-0.03837059,-0.21307220,-0.07229867,0.97435770,0.00140229,0.00369516,0.01880640,-0.00436137,-0.10706497,-0.03685365,0.99355907,0.21471836,-0.07406563,3.14238595
18163380,18.15285110,0.03117611,0.03557274,-0.01652067,-0.21365730,-0.07037978,0.97437009,-0.00289543,0.00592665,0.00463378,-0.00447267,-0.10735927,-0.03590121,0.99356184,0.21531720,-0.07210583,3.14279961
18196364,18.18583679,0.01079173,0.04849617,0.00866003,-0.21557161,-0.07045310,0.97394313,-0.01367642,-0.00059182,-0.00226343,-0.00450235,-0.10833308,-0.03594962,0.99345417,0.21727719,-0.07221222,3.14277720
18229344,18.21881675,0.00599541,0.00213170,-0.00146554,-0.21432695,-0.07200062,0.97410440,0.00119218,0.00095569,-0.00706339,-0.00439628,-0.10770266,-0.03671261,0.99349517,0.21600275,-0.07378052,3.14243960
18262328,18.25180053,0.01159112,0.01372282,-0.04076876,-0.21241793,-0.07201900,0.97452135,0.00929293,-0.00097905,0.01424819,-0.00435745,-0.10673205,-0.03670951,0.99360036,0.21404869,-0.07376783,3.14243483
18295336,18.28480720,-0.01358959,0.01199081,-0.00905972,-0.21054012,-0.07171225,0.97495136,-0.00479190,-0.00152995,0.01943344,-0.00433966,-0.10577696,-0.03654508,0.99370861,0.21212744,-0.07342248,3.14250659
18328360,18.31783294,0.01438897,0.02691271,-0.00466309,-0.21240994,-0.07121005,0.97458257,-0.02660373,0.00504794,0.01125729,-0.00439875,-0.10672667,-0.03630628,0.99361553,0.21404054,-0.07293763,3.14260745
18361340,18.35081291,0.01918530,0.01838591,-0.02637979,-0.21428453,-0.07074553,0.97420587,-0.00519788,0.00116545,-0.00008482,-0.00445410,-0.10767924,-0.03608620,0.99352054,0.21595931,-0.07249143,3.14269733
18394348,18.38381958,0.01079173,0.01199081,0.00626187,-0.21612999,-0.07120516,0.97376461,-0.01604773,-0.00399016,-0.00574702,-0.00446196,-0.10861878,-0.03632664,0.99340944,0.21784906,-0.07299368,3.14258980
18427392,18.41686439,-0.00679479,0.06088667,0.01518836,-0.21804590,-0.07125795,0.97333345,-0.02218847,-0.00027525,-0.01019871,-0.00449393,-0.10959372,-0.03636509,0.99330081,0.21981177,-0.07307984,3.14257311
18460420,18.44989204,-0.00746095,0.02304901,0.02171669,-0.21912157,-0.07286859,0.97297248,-0.01256788,-0.01111578,0.02751577,-0.00442621,-0.11014411,-0.03717422,0.99321022,0.22091410,-0.07475319,3.14221096
18493368,18.48283958,0.03490658,0.01145789,0.02637979,-0.21990134,-0.07465109,0.97266149,-0.01203225,-0.01641336,0.02294397,-0.00434346,-0.11054451,-0.03806712,0.99313240,0.22171332,-0.07659914,3.14180898
18526352,18.51582336,0.00093262,0.05955436,0.05875497,-0.21800696,-0.07479448,0.97307662,0.00755775,0.00008745,-0.00579149,-0.00430484,-0.10958045,-0.03812682,0.99323692,0.21977190,-0.07671308,3.14179301
18559328,18.54879951,-0.03916999,0.02704594,0.09739203,-0.21982822,-0.07534403,0.97262458,-0.02919521,-0.00888449,0.00344962,-0.00431728,-0.11050822,-0.03841327,0.99312314,0.22163839,-0.07731025,3.14168000
18592356,18.58182716,0.01678714,0.01052527,0.07527565,-0.21794965,-0.07507901,0.97306776,0.00847699,0.00086025,0.00886583,-0.00430275,-0.10955129,-0.03826978,0.99323472,0.21971316,-0.07700444,3.14175891
18625304,18.61477661,0.01771975,0.03330781,0.02065084,-0.21653213,-0.07379894,0.97348155,0.00095597,0.00324229,0.02090317,-0.00434771,-0.10882744,-0.03762324,0.99333868,0.21826102,-0.07566452,3.14205217
18658264,18.64773559,0.04156814,-0.00506279,0.02304901,-0.21471228,-0.07324719,0.97392673,-0.00086388,-0.00048328,0.02436429,-0.00434570,-0.10790055,-0.03733702,0.99345073,0.21639726,-0.07506680,3.14218354
18691240,18.68071174,0.03996937,-0.01012557,0.03024349,-0.21280860,-0.07349154,0.97432575,0.00528908,0.00073763,-0.01338828,-0.00429976,-0.10693286,-0.03744704,0.99355134,0.21444857,-0.07528553,3.14214062
18724268,18.71373939,0.02571363,0.03823736,0.01025880,-0.21472182,-0.07356245,0.97390108,-0.01818833,-0.00065631,-0.00515109,-0.00433114,-0.10790591,-0.03749437,0.99344444,0.21640698,-0.07539064,3.14211869
18757328,18.74679946,0.03197550,-0.00079939,0.01012557,-0.21284234,-0.07397787,0.97428207,0.02192438,-0.00658854,0.01839376,-0.00427454,-0.10695092,-0.03768955,0.99354057,0.21448304,-0.07578522,3.14203476
18790272,18.77974319,0.01039204,-0.01598775,-0.02211639,-0.21451394,-0.07487976,0.97384624,-0.00936301,-0.00544251,-0.01242048,-0.00425480,-0.10780282,-0.03814916,0.99343090,0.21619417,-0.07673974,3.14182662
18823324,18.81279563,-0.00333078,0.01971822,-0.02371516,-0.21408853,-0.07683305,0.97378759,-0.00246419,-0.00153609,0.01180810,-0.00413929,-0.10759066,-0.03911941,0.99341659,0.21575870,-0.07873812,3.14139437
18856352,18.84582328,0.00905972,0.02078407,-0.00959265,-0.21599924,-0.07687716,0.97336215,-0.03668630,-0.00295682,0.02151084,-0.00417229,-0.10856261,-0.03915349,0.99330940,0.21771512,-0.07881742,3.14137506
18889324,18.87879562,0.03903675,0.00652833,0.01878561,-0.21633980,-0.07881363,0.97313156,-0.00363089,-0.00736801,0.01051104,-0.00407415,-0.10874025,-0.04012058,0.99325170,0.21806399,-0.08081330,3.14094519
18922292,18.91176414,0.03184226,0.00719449,0.01638744,-0.21824748,-0.07883392,0.97270412,-0.01612751,-0.00051179,0.00019622,-0.00411117,-0.10971088,-0.04014321,0.99314413,0.22001829,-0.08086939,3.14093446
18955268,18.94474029,0.01252374,0.00599541,0.02931087,-0.21998677,-0.07958482,0.97225074,-0.00926126,-0.00391128,0.00480002,-0.00410617,-0.11059786,-0.04052904,0.99302988,0.22180101,-0.08167417,3.14076256
18988232,18.97770309,0.01638744,0.01478867,0.02837825,-0.22132256,-0.08095134,0.97183475,-0.00548407,-0.00449788,0.00643677,-0.00405880,-0.11128126,-0.04121895,0.99292535,0.22317049,-0.08310558,3.14045071
19021240,19.01071166,0.01252374,0.00479632,0.01465544,-0.21968054,-0.08000350,0.97228603,0.00630164,0.00407577,0.01184487,-0.00407957,-0.11044288,-0.04073588,0.99303894,0.22148699,-0.08209897,3.14067459
19054212,19.04368400,0.02318224,-0.00919296,0.00892649,-0.21798214,-0.07915446,0.97273712,0.00484738,0.00298258,0.02140355,-0.00409307,-0.10957647,-0.04030170,0.99315233,0.21974651,-0.08119402,3.14087319
19087156,19.07662773,0.03370750,0.02078407,0.02011792,-0.21807119,-0.07715975,0.97287778,-0.00263193,0.00538240,0.01100892,-0.00420555,-0.10961706,-0.03930867,0.99318733,0.21983766,-0.07914518,3.14132213
19120100,19.10957145,0.03237519,-0.01332312,-0.00466309,-0.21620216,-0.07763270,0.97325716,0.00721780,-0.00171301,0.00037569,-0.00414272,-0.10866723,-0.03953206,0.99328308,0.21792297,-0.07959734,3.14122200
19153120,19.14259147,0.01052527,0.00306432,-0.01079173,-0.21453197,-0.07865284,0.97354497,0.01213939,-0.00655224,-0.00210941,-0.00405373,-0.10782009,-0.04002945,0.99335594,0.21621265,-0.08061506,3.14100050
19186132,19.17560386,-0.01172435,0.03424043,0.01478867,-0.21624932,-0.07947564,0.97309799,-0.01519598,-0.00719429,0.00029069,-0.00404417,-0.10869548,-0.04045071,0.99324340,0.21797130,-0.08149193,3.14081430
19219124,19.20859527,-0.00359724,-0.00106585,0.00226493,-0.21760673,-0.08082347,0.97268466,-0.00968820,-0.00609059,0.02414155,-0.00399773,-0.10938937,-0.04113121,0.99313964,0.21936173,-0.08290276,3.14050865
19252120,19.24159240,0.02877795,0.00572894,0.01798622,-0.21932063,-0.08162837,0.97223205,-0.00870670,-0.00382085,0.01189882,-0.00398906,-0.11026360,-0.04154377,0.99302568,0.22111811,-0.08376331,3.14032268
19285060,19.27453231,-0.01545482,0.04063552,0.04503216,-0.22115409,-0.08213010,0.97177410,-0.02396309,-0.00649295,-0.00986004,-0.00400223,-0.11119809,-0.04180648,0.99291028,0.22299776,-0.08431526,3.14020848
19318088,19.30755996,-0.04849617,0.02051761,0.09579326,-0.22135534,-0.08410206,0.97155990,-0.00008021,-0.00305615,-0.00134510,-0.00390525,-0.11130564,-0.04279137,0.99285688,0.22320406,-0.08634870,3.13977646
19351052,19.34052467,-0.01891884,0.01905207,0.02677948,-0.21946732,-0.08393733,0.97200231,0.02268998,0.00117366,0.01847619,-0.00387741,-0.11034402,-0.04269674,0.99296836,0.22126846,-0.08614137,3.13982725
19383992,19.37346458,0.03290811,-0.01971822,0.00426340,-0.21863069,-0.08217734,0.97234106,0.00012483,0.00966757,0.02643824,-0.00395715,-0.10991343,-0.04181408,0.99305324,0.22041101,-0.08431455,3.14022707
19416940,19.40641212,0.01665390,0.02051761,0.04889586,-0.22050127,-0.08250754,0.97189073,-0.01607099,-0.00318582,0.00320691,-0.00398095,-0.11086621,-0.04199159,0.99293985,0.22232837,-0.08469078,3.14015197
19449884,19.43935585,0.02078407,0.02544717,0.01665390,-0.21863076,-0.08221567,0.97233781,0.02429484,0.00286996,0.02375597,-0.00395956,-0.10991338,-0.04183368,0.99305238,0.22041113,-0.08435400,3.14022755
19482792,19.47226333,0.04023584,-0.01985145,0.00466309,-0.21716017,-0.08353281,0.97255525,0.00841995,-0.00484610,-0.00868803,-0.00385656,-0.10916869,-0.04248021,0.99310760,0.21890425,-0.08567976,3.13993811
19515788,19.50526046,0.00959265,0.02304901,-0.01025880,-0.21876833,-0.08454447,0.97210731,-0.00291136,-0.00212546,-0.00628704,-0.00383349,-0.10998983,-0.04299506,0.99299497,0.22055206,-0.08675202,3.13970208
19548776,19.53824806,0.00119908,0.02637979,-0.00466309,-0.22065505,-0.08415755,0.97171401,-0.01469651,-0.00031511,0.02315903,-0.00389386,-0.11094905,-0.04281497,0.99289560,0.22248611,-0.08639174,3.13977980
19581696,19.57116889,0.02717917,0.00266462,0.03490658,-0.22242627,-0.08481564,0.97125320,-0.02635302,-0.00991093,0.00750661,-0.00389684,-0.11185259,-0.04315528,0.99277963,0.22430241,-0.08710502,3.13962674
19614628,19.60409927,-0.00226493,0.03410720,0.05675650,-0.22348246,-0.08642767,0.97086839,-0.00283590,-0.00463679,-0.00211841,-0.00383332,-0.11239509,-0.04396638,0.99268293,0.22538588,-0.08878695,3.13926100
19647580,19.63705253,0.00506279,0.01105819,0.01585452,-0.22163352,-0.08603595,0.97132711,0.00166284,0.00009845,0.00694436,-0.00381658,-0.11145238,-0.04375846,0.99279861,0.22348935,-0.08834512,3.13936138
19680428,19.66990089,0.03184226,0.00159877,0.00000000,-0.22334249,-0.08683737,0.97086420,-0.01396219,-0.00618021,0.01937014,-0.00380800,-0.11232504,-0.04416965,0.99268207,0.22524225,-0.08920600,3.13916897
19713320,19.70279121,0.02011792,0.02571363,0.01998469,-0.22172865,-0.08794383,0.97113456,-0.00019516,-0.00116751,0.00542796,-0.00371166,-0.11150677,-0.04470991,0.99275045,0.22358689,-0.09031149,3.13892483
19746304,19.73577690,0.02771210,0.00319755,0.02078407,-0.21983745,-0.08777998,0.97157897,0.00670268,-0.00035478,0.01499325,-0.00368065,-0.11054352,-0.04461531,0.99286251,0.22164788,-0.09010313,3.13897347
19779264,19.76873588,0.05822205,0.02078407,0.00053292,-0.21805746,-0.08713885,0.97203750,-0.00166909,-0.00075178,0.01502305,-0.00367597,-0.10963582,-0.04428340,0.99297790,0.21982367,-0.08940657,3.13912343
19812168,19.80163955,0.02424809,0.02837825,0.00186524,-0.21986920,-0.08769706,0.97157907,-0.01230852,-0.00385568,-0.00209665,-0.00368404,-0.11055953,-0.04457398,0.99286241,0.22168047,-0.09001845,3.13898825
19845088,19.83456039,0.03597244,0.00692802,0.00479632,-0.22176561,-0.08782094,0.97113685,-0.01285353,-0.00226694,0.01641196,-0.00371840,-0.11152524,-0.04464883,0.99275093,0.22362484,-0.09018576,3.13895082
19877996,19.86746788,0.03557274,0.00386371,0.03304135,-0.22006969,-0.08878439,0.97143535,0.01157360,-0.00520974,-0.00463843,-0.00362950,-0.11066495,-0.04511751,0.99282655,0.22188589,-0.09114187,3.13874387
19910960,19.90043258,0.00359724,0.01771975,-0.01079173,-0.22180430,-0.08788641,0.97112226,-0.00842030,0.00414617,-0.00041914,-0.00371659,-0.11154509,-0.04468183,0.99274730,0.22366449,-0.09025398,3.13893771
19943916,19.93338775,0.02291577,0.03757121,0.02198316,-0.22367391,-0.08821468,0.97066345,-0.02534951,-0.00529119,0.00980526,-0.00374027,-0.11249811,-0.04485864,0.99263172,0.22558233,-0.09063181,3.13885569
19976908,19.96637916,0.01025880,0.05049464,0.04250077,-0.22188243,-0.08764082,0.97112646,-0.00541249,-0.00220293,0.02716458,-0.00373621,-0.11158391,-0.04456045,0.99274826,0.22374465,-0.09000273,3.13900184
20009844,19.99931526,0.04543185,-0.01305666,0.03490658,-0.21999964,-0.08739274,0.97157745,0.00222622,-0.00025374,0.00962377,-0.00371117,-0.11062461,-0.04442401,0.99286193,0.22181413,-0.08970793,3.13907146
20042812,20.03228378,0.03517305,0.01438897,0.01851914,-0.21811745,-0.08776106,0.97196846,0.01181863,-0.00159441,-0.00346261,-0.00365047,-0.10966792,-0.04459478,0.99296073,0.21988506,-0.09004790,3.13899850
20075760,20.06523132,0.02131700,0.02811179,-0.00572894,-0.21840028,-0.08578365,0.97208137,-0.00327939,-0.00015386,0.01400262,-0.00376423,-0.10980589,-0.04361093,0.99298868,0.22017493,-0.08801938,3.13943886
20108764,20.09823608,0.00905972,0.00373047,0.00506279,-0.21951837,-0.08734578,0.97169017,-0.00460272,-0.00616008,-0.00025463,-0.00370249,-0.11037957,-0.04439722,0.99289035,0.22132081,-0.08964961,3.13908267
20141724,20.13119506,0.01612098,0.02971057,-0.00119908,-0.22142283,-0.08710479,0.97127962,-0.01759084,0.00019073,0.01407194,-0.00375663,-0.11134822,-0.04429017,0.99278678,0.22327332,-0.08944119,3.13912725
20174664,20.16413688,0.04876263,0.00532925,0.02011792,-0.22302203,-0.08810990,0.97082338,-0.01159710,-0.00637253,0.01599306,-0.00373596,-0.11216559,-0.04480230,0.99267206,0.22491350,-0.09050995,3.13889122
20207608,20.19708061,0.03144257,0.01318989,0.00373047,-0.22253017,-0.08620857,0.97110681,0.00036222,-0.00143792,-0.00382167,-0.00383170,-0.11190919,-0.04385131,0.99274301,0.22440896,-0.08854142,3.13932895
20240564,20.23003578,0.01758652,0.00999234,0.02544717,-0.22409420,-0.08727544,0.97065153,-0.01443119,-0.00989252,-0.00409877,-0.00380709,-0.11270893,-0.04439407,0.99262838,0.22601356,-0.08967316,3.13907957
20273512,20.26298332,-0.00053292,0.02304901,0.01065850,-0.22220878,-0.08711210,0.97109947,0.01029472,0.00093046,0.00180089,-0.00377605,-0.11174826,-0.04429957,0.99274139,0.22407937,-0.08946514,3.13912749
20306464,20.29593658,-0.00452986,-0.00359724,-0.00146554,-0.22144970,-0.08896348,0.97110509,-0.00242725,-0.00014785,0.00936365,-0.00365579,-0.11136772,-0.04521700,0.99274320,0.22330088,-0.09135557,3.13870811
20339472,20.32894325,-0.00599541,0.01918530,-0.00452986,-0.22332127,-0.08850505,0.97071828,-0.01007716,-0.00011800,0.01634222,-0.00372256,-0.11231917,-0.04500160,0.99264554,0.22522051,-0.09092342,3.13880348
20372448,20.36191940,0.01478867,0.01705360,0.01079173,-0.22522614,-0.08847880,0.97028055,-0.00621918,-0.00087667,0.00921166,-0.00376657,-0.11328926,-0.04500205,0.99253511,0.22717518,-0.09093738,3.13880133
20405388,20.39485931,-0.01065850,0.04569831,-0.00373047,-0.22511949,-0.09046515,0.97012186,0.00295152,-0.00670283,-0.01138163,-0.00365081,-0.11324166,-0.04599113,0.99249553,0.22706577,-0.09298243,3.13833975
20438416,20.42788887,-0.02198316,0.01079173,-0.00226493,-0.22330083,-0.09112213,0.97048082,0.01163092,-0.00628999,0.01487070,-0.00357268,-0.11231768,-0.04630563,0.99258632,0.22519955,-0.09361932,3.13819742
20471420,20.46089172,-0.01638744,-0.00559571,-0.00492956,-0.22516870,-0.09141690,0.97002143,-0.00896215,-0.00111240,-0.00737500,-0.00359853,-0.11327002,-0.04646592,0.99247055,0.22711622,-0.09396461,3.13811993
20504412,20.49388313,-0.03157581,0.02038438,0.00186524,-0.22673349,-0.09248581,0.96955575,-0.02399893,-0.01518020,0.01237786,-0.00357410,-0.11407099,-0.04701008,0.99235334,0.22872250,-0.09510213,3.13786411
20537328,20.52680015,-0.01105819,0.03464012,0.02611332,-0.22589616,-0.09429978,0.96957597,-0.00261945,-0.00653031,0.02041429,-0.00345309,-0.11365110,-0.04790842,0.99235868,0.22786302,-0.09695385,3.13744926
20570304,20.55977630,-0.00239816,0.00746095,0.01132465,-0.22430624,-0.09545544,0.96983242,0.00165001,-0.00342151,0.00892735,-0.00335077,-0.11284565,-0.04847308,0.99242382,0.22623109,-0.09810869,3.13719129
20603260,20.59273147,-0.01052527,0.04383307,0.01252374,-0.22262971,-0.09645460,0.97011985,0.01413362,-0.00828174,0.00204813,-0.00325506,-0.11199585,-0.04895921,0.99249649,0.22451105,-0.09909976,3.13697147
20636260,20.62573242,-0.03956968,0.06741500,-0.02571363,-0.22076413,-0.09688646,0.97050275,0.01226805,-0.00394362,0.01069844,-0.00318389,-0.11104807,-0.04916092,0.99259309,0.22259798,-0.09950152,3.13687849
20669256,20.65872764,-0.01305666,0.06714855,-0.01279020,-0.22202632,-0.09832638,0.97007007,-0.01430181,-0.01275760,0.01967603,-0.00313292,-0.11169633,-0.04988807,0.99248428,0.22389218,-0.10101510,3.13654065
20702216,20.69168853,-0.04569831,0.11084840,-0.01012557,-0.22135112,-0.10020973,0.97003126,0.00992535,-0.01355980,-0.01861525,-0.00300981,-0.11136060,-0.05082249,0.99247484,0.22319982,-0.10294051,3.13611173
20735224,20.72469520,-0.07807350,0.13096630,-0.05995406,-0.22221300,-0.10196155,0.96965198,-0.00361706,-0.00253064,0.01325816,-0.00292895,-0.11180708,-0.05170224,0.99237966,0.22408366,-0.10476770,3.13569712
20768260,20.75773239,-0.04223430,0.08553446,-0.04476570,-0.22388241,-0.10286853,0.96917209,-0.03026798,-0.01627211,-0.00066620,-0.00291703,-0.11266117,-0.05216673,0.99225883,0.22579619,-0.10574470,3.13547182
20801308,20.79077911,-0.09979021,0.18585758,-0.01971822,-0.22535040,-0.10411330,0.96869897,-0.04051873,-0.03602342,-0.02973413,-0.00288324,-0.11341445,-0.05279866,0.99213972,0.22730269,-0.10706646,3.13517236
20834336,20.82380867,-0.12630321,0.30056967,0.01385605,-0.22556109,-0.10609617,0.96843442,-0.00515179,-0.03062258,0.00837219,-0.00277682,-0.11353112,-0.05378972,0.99207324,0.22751898,-0.10911915,3.13471126
20867344,20.85681533,-0.12630321,0.28684684,-0.00039969,-0.22738149,-0.10674502,0.96793737,-0.03384897,-0.01215146,-0.00260538,-0.00278802,-0.11446149,-0.05412746,0.99194803,0.22938795,-0.10983707,3.13454818
20900412,20.88988494,-0.12110720,0.25433845,-0.01985145,-0.22924125,-0.10724972,0.96744260,-0.03736031,-0.01018193,-0.00430787,-0.00280723,-0.11541163,-0.05439361,0.99182319,0.23129818,-0.11040817,3.13441467
20933428,20.92289924,-0.08047168,0.17946248,-0.02891118,-0.23105013,-0.10786178,0.96694431,-0.06484830,-0.02275346,0.01572168,-0.00281793,-0.11633677,-0.05471296,0.99169759,0.23315694,-0.11108987,3.13425278
20966436,20.95590782,-0.05635682,0.19545021,-0.02065084,-0.23266947,-0.10887156,0.96644258,-0.06615865,-0.04054250,0.01085234,-0.00280043,-0.11716766,-0.05522943,0.99157114,0.23482165,-0.11217894,3.13399553
20999452,20.98892402,-0.05222664,0.17280091,-0.01305666,-0.23428430,-0.10987814,0.96593875,-0.05770789,-0.03538553,0.00720572,-0.00278362,-0.11799653,-0.05574446,0.99144420,0.23648231,-0.11326583,3.13373827
21032504,21.02197647,-0.01345635,0.14695405,0.01905207,-0.23599021,-0.11069957,0.96542940,-0.09189065,-0.04481801,-0.02280241,-0.00278244,-0.11887114,-0.05616832,0.99131574,0.23823747,-0.11416497,3.13352775
21065504,21.05497550,-0.07301073,0.21183767,0.01305666,-0.23764564,-0.11164413,0.96491451,-0.05849694,-0.03435196,-0.04499269,-0.00277262,-0.11972097,-0.05665335,0.99118595,0.23994133,-0.11519144,3.13328576
21098468,21.08794021,-0.10738439,0.21423583,-0.01332312,-0.23942656,-0.11232616,0.96439476,-0.09162813,-0.03513477,-0.01175803,-0.00278054,-0.12063387,-0.05700846,0.99105472,0.24177525,-0.11595078,3.13310265
21131544,21.12101554,-0.04103522,0.11337980,0.05515773,-0.24115524,-0.11307830,0.96387596,-0.12945022,-0.05708772,0.02196383,-0.00278800,-0.12152053,-0.05739891,0.99092388,0.24355607,-0.11678241,3.13291144
21164536,21.15400886,-0.01105819,0.17253445,0.17120213,-0.24274797,-0.11409500,0.96335639,-0.11101181,-0.07096359,0.00490534,-0.00278405,-0.12233914,-0.05792140,0.99079284,0.24519758,-0.11788575,3.13267040
21197496,21.18696784,-0.05289280,0.35745942,0.21583459,-0.24450583,-0.11486625,0.96281986,-0.11413674,-0.05212594,-0.00700927,-0.00280270,-0.12324085,-0.05832343,0.99065732,0.24701008,-0.11874070,3.13249373
21230536,21.22000885,0.01905207,0.39622969,0.31442570,-0.24638292,-0.11531683,0.96228771,-0.15596082,-0.04288630,0.00475329,-0.00285068,-0.12420156,-0.05856751,0.99052295,0.24894633,-0.11926739,3.13240838
21263564,21.25303649,0.01785299,0.36025726,0.34493567,-0.24827833,-0.11566389,0.96175851,-0.07056932,-0.01202165,-0.05257881,-0.00290849,-0.12517125,-0.05876074,0.99038915,0.25090255,-0.11968812,3.13235402
21296676,21.28614807,-0.01572129,0.28018527,0.20131239,-0.24994120,-0.11657681,0.96121740,-0.02935566,-0.01745639,-0.03714514,-0.00291381,-0.12602645,-0.05923299,0.99025259,0.25261962,-0.12069095,3.13213324
21329748,21.31921958,-0.01865237,0.19571668,0.14508881,-0.25178718,-0.11699479,0.96068468,-0.05314445,-0.00971419,-0.06249136,-0.00295185,-0.12697281,-0.05945978,0.99011793,0.25452649,-0.12118597,3.13203024
21362840,21.35231208,-0.04623124,0.13043338,0.03157581,-0.25349335,-0.11777052,0.96014099,-0.06462187,-0.02944628,-0.06731874,-0.00295483,-0.12785077,-0.05986282,0.98998060,0.25628995,-0.12204993,3.13181662
21395960,21.38543128,-0.05995406,-0.01385605,0.03090965,-0.25524706,-0.11836664,0.95960311,-0.10315139,-0.03519781,-0.00989610,-0.00297245,-0.12875216,-0.06017714,0.98984479,0.25810322,-0.12272964,3.13165187
21429048,21.41851997,-0.02038438,0.02504747,0.05582389,-0.25696797,-0.11905480,0.95905838,-0.11998517,-0.04818153,-0.03059155,-0.00298388,-0.12963769,-0.06053732,0.98970708,0.25988352,-0.12350535,3.13146281
21462124,21.45159530,-0.02784533,0.06048698,0.04916233,-0.25875029,-0.11958634,0.95851287,-0.12186495,-0.03788436,-0.00099331,-0.00300667,-0.13055405,-0.06082010,0.98956928,0.26172826,-0.12412101,3.13131237
21495248,21.48472023,0.05275957,-0.03797090,0.12017458,-0.26052429,-0.12007417,0.95797138,-0.14108703,-0.04154692,-0.00557876,-0.00303712,-0.13146592,-0.06108186,0.98943233,0.26356527,-0.12469185,3.13118267
21528336,21.51780891,0.02904441,-0.03890352,0.11457886,-0.26230475,-0.12053720,0.95742721,-0.11928705,-0.03082999,-0.05288619,-0.00306943,-0.13238130,-0.06133150,0.98929481,0.26540985,-0.12523808,3.13105845
21561388,21.55085945,0.04929555,-0.04183461,0.08020521,-0.26411170,-0.12088464,0.95688648,-0.11455042,-0.02413489,-0.01303887,-0.00310701,-0.13331003,-0.06152355,0.98915805,0.26728281,-0.12566552,3.13095808
21594484,21.58395576,0.10978255,-0.17626492,0.12736905,-0.26590313,-0.12118600,0.95635223,-0.12887225,-0.02505424,-0.01103973,-0.00315110,-0.13423063,-0.06169319,0.98902282,0.26914069,-0.12604513,3.13087749
21627592,21.61706352,0.13989280,-0.01518836,0.10631854,-0.26770677,-0.12153602,0.95580406,-0.10656080,-0.02055383,-0.06151700,-0.00318796,-0.13515851,-0.06188682,0.98888406,0.27101221,-0.12647705,3.13077354
21660652,21.65012359,0.00692802,0.17506586,0.03903675,-0.26958308,-0.12166980,0.95525999,-0.06318059,-0.00455090,-0.01971310,-0.00323736,-0.13612277,-0.06197299,0.98874645,0.27296009,-0.12668614,3.13071990
21693724,21.68319511,0.09246248,0.07794027,0.00546248,-0.27145481,-0.12142043,0.95476140,-0.07864284,0.00472120,0.01301205,-0.00330901,-0.13708267,-0.06186786,0.98862009,0.27490429,-0.12649455,3.13076663
21726800,21.71627235,0.19238591,-0.08340275,0.01425574,-0.27330026,-0.12131680,0.95424795,-0.11561576,0.00046718,-0.00185537,-0.00336998,-0.13803048,-0.06183527,0.98849000,0.27682230,-0.12645502,3.13077259
21759852,21.74932479,0.16573966,0.00346401,0.10698468,-0.27514693,-0.12140126,0.95370635,-0.14672806,-0.00872569,-0.04965365,-0.00342516,-0.13898016,-0.06189758,0.98835287,0.27874245,-0.12661323,3.13073897
21792924,21.78239631,0.17333383,0.36345481,0.17986216,-0.27706427,-0.12112288,0.95318641,-0.12430293,-0.00045915,0.07464558,-0.00350970,-0.13996393,-0.06178038,0.98822107,0.28073744,-0.12639415,3.13081312
21826016,21.81548881,0.34866614,0.21730015,0.13882695,-0.27893698,-0.12063564,0.95270185,-0.10143412,0.01712000,0.00774735,-0.00360177,-0.14092403,-0.06155805,0.98809804,0.28268704,-0.12595441,3.13093733
21859064,21.84853553,0.35053138,0.02478101,0.17320060,-0.28078994,-0.12061259,0.95216026,-0.12082139,0.00293681,-0.08912313,-0.00366490,-0.14187742,-0.06156749,0.98796081,0.28461713,-0.12600148,3.13093519
21892100,21.88157272,0.20357732,0.16533997,0.11071517,-0.28254487,-0.12116004,0.95157155,-0.04142972,-0.01116418,-0.13809496,-0.00368149,-0.14278500,-0.06185964,0.98781185,0.28644609,-0.12664479,3.13075900
21925188,21.91465950,-0.01638744,0.09086371,0.00293109,-0.28440375,-0.12116675,0.95101680,-0.05348689,0.01008277,-0.10360468,-0.00373715,-0.14374279,-0.06188351,0.98767118,0.28838445,-0.12672482,3.13073563
21958268,21.94774055,-0.05262634,-0.02904441,-0.01279020,-0.28623967,-0.12088272,0.95050201,-0.10194392,0.02029678,-0.05352932,-0.00381392,-0.14468699,-0.06176270,0.98754062,0.29029998,-0.12649867,3.13080120
21991384,21.98085594,-0.08846554,0.05422511,-0.01358959,-0.28807015,-0.12045212,0.95000352,-0.12208611,0.03060837,-0.03691762,-0.00390122,-0.14562773,-0.06156909,0.98741407,0.29221096,-0.12611827,3.13091158
22024508,22.01398086,-0.08513477,0.03464012,0.01065850,-0.28980374,-0.11965126,0.94957723,-0.13280367,0.04738564,0.02820593,-0.00401465,-0.14651614,-0.06119062,0.98730564,0.29402179,-0.12534418,3.13114047
22057588,22.04706001,0.07727412,0.03464012,0.06075345,-0.29161376,-0.11910278,0.94909200,-0.14930420,0.02803833,0.04016578,-0.00411190,-0.14744621,-0.06093876,0.98718242,0.29591355,-0.12483869,3.13129281
22090608,22.08008003,0.11258040,0.05915467,0.08606738,-0.29346464,-0.11896158,0.94853916,-0.12108615,0.00909829,-0.04643953,-0.00418128,-0.14840067,-0.06089031,0.98704204,0.29784906,-0.12476415,3.13132214
22123632,22.11310386,0.05475804,0.12164013,0.08007198,-0.29531744,-0.11896960,0.94796276,-0.08895990,0.00324695,-0.06637096,-0.00423977,-0.14935766,-0.06091630,0.98689575,0.29978780,-0.12484755,3.13130545
22156712,22.14618492,0.01945176,0.07953906,0.02811179,-0.29693496,-0.11788700,0.94759263,-0.05145371,0.03902957,-0.02596182,-0.00437014,-0.15018577,-0.06039698,0.98680143,0.30148134,-0.12377090,3.13162636
22189768,22.17923927,-0.20744104,-0.01065850,-0.10338745,-0.29826858,-0.11647877,0.94734811,0.02678421,0.06447682,-0.20809030,-0.00451256,-0.15086548,-0.05971202,0.98673896,0.30287818,-0.12233844,3.13204646
22222844,22.21231651,-0.17386675,0.03610566,-0.18372588,-0.30008997,-0.11614578,0.94681348,-0.14717564,0.02044266,0.01339161,-0.00457992,-0.15180590,-0.05956615,0.98660306,0.30478703,-0.12206038,3.13210749
22255960,22.24543190,-0.04023584,-0.01159112,-0.07780705,-0.30189781,-0.11574239,0.94628810,-0.11851234,0.00661153,0.08032322,-0.00465807,-0.15273890,-0.05938618,0.98646965,0.30668280,-0.12170747,3.13220334
22289084,22.27855682,0.05156049,0.00786064,-0.04689740,-0.30372357,-0.11549263,0.94573431,-0.12523150,0.00636177,0.03082818,-0.00472479,-0.15368269,-0.05928289,0.98632898,0.30859842,-0.12151784,3.13225007
22322080,22.31155204,0.09819143,0.04170137,-0.02691271,-0.30554578,-0.11554973,0.94514017,-0.12975695,-0.00359090,-0.05817729,-0.00476781,-0.15462722,-0.05933218,0.98617820,0.31051158,-0.12165300,3.13219833
22355132,22.34460449,0.04529862,0.03290811,-0.02158346,-0.30735065,-0.11572421,0.94453296,-0.10549113,-0.00854337,-0.06098801,-0.00480318,-0.15556401,-0.05944005,0.98602390,0.31240782,-0.12191244,3.13211226
22388240,22.37771224,-0.00985911,-0.01425574,-0.00439663,-0.30916264,-0.11576656,0.94393653,-0.09611080,0.00077632,-0.05965924,-0.00485240,-0.15650367,-0.05948304,0.98587255,0.31431245,-0.12203290,3.13207530
22421328,22.41080093,-0.04276723,0.01718683,-0.00426340,-0.31097400,-0.11585274,0.94333076,-0.10211194,-0.00377616,-0.04098701,-0.00489864,-0.15744380,-0.05954806,0.98571863,0.31621770,-0.12220050,3.13202452
22454412,22.44388389,0.00026646,0.04889586,0.00026646,-0.31279518,-0.11584815,0.94272899,-0.11176536,-0.00597802,0.01918507,-0.00495126,-0.15838887,-0.05956812,0.98556575,0.31813457,-0.12227294,3.13200092
22487440,22.47691154,0.04982848,0.01292343,0.03916999,-0.31461331,-0.11572849,0.94213857,-0.08870700,0.00000583,0.01245123,-0.00501521,-0.15933184,-0.05953155,0.98541564,0.32004930,-0.12222368,3.13201999
22520480,22.50995254,0.06994640,0.01505513,0.01692037,-0.31642937,-0.11554656,0.94155235,-0.07248664,0.00739225,-0.02797812,-0.00508156,-0.16027390,-0.05946382,0.98526659,0.32196316,-0.12210866,3.13205480
22553464,22.54293632,0.02931087,0.03384073,0.00426340,-0.31824197,-0.11553857,0.94094257,-0.07677755,0.00372215,-0.05837423,-0.00513374,-0.16121585,-0.05948252,0.98511161,0.32387444,-0.12217863,3.13203096
22586464,22.57593536,-0.00226493,0.03557274,-0.02584686,-0.32005214,-0.11525868,0.94036254,-0.06935215,0.01101063,-0.02337038,-0.00520635,-0.16215515,-0.05936620,0.98496398,0.32578456,-0.12196003,3.13209605
22619592,22.60906410,0.01798622,-0.00466309,-0.02651302,-0.32185301,-0.11525835,0.93974781,-0.08439699,-0.00144087,-0.01616383,-0.00525563,-0.16309212,-0.05938858,0.98480777,0.32768607,-0.12203867,3.13206553
22652700,22.64217185,0.02451455,0.02797856,-0.01678714,-0.32364728,-0.11536624,0.93911781,-0.09798357,-0.00670407,-0.02749676,-0.00529611,-0.16402692,-0.05946475,0.98464756,0.32958178,-0.12223290,3.13199806
22685752,22.67522430,0.02358193,0.03197550,0.00532925,-0.32543408,-0.11552450,0.93848104,-0.12427295,-0.01484660,-0.00122517,-0.00533397,-0.16495853,-0.05956626,0.98448572,0.33147077,-0.12248115,3.13191628
22718816,22.70828819,0.06701531,0.01252374,0.03823736,-0.32721116,-0.11570469,0.93784065,-0.10662672,-0.01393399,-0.00815320,-0.00537143,-0.16588562,-0.05967898,0.98432283,0.33335075,-0.12275321,3.13182973
22751928,22.74139976,0.05289280,-0.00826034,0.03144257,-0.32898995,-0.11583228,0.93720216,-0.03770926,0.00133032,-0.06342286,-0.00541344,-0.16681371,-0.05976585,0.98416032,0.33523387,-0.12297008,3.13176107
22784952,22.77442359,-0.02238285,0.00039969,-0.00226493,-0.33078641,-0.11571867,0.93658361,-0.08547336,0.00487883,-0.02398598,-0.00547527,-0.16774965,-0.05973338,0.98400287,0.33713688,-0.12293102,3.13177466
22818032,22.80750465,0.03317458,0.01345635,0.01625421,-0.33258197,-0.11565198,0.93595590,-0.09271100,-0.00177965,0.00813591,-0.00553300,-0.16868597,-0.05972429,0.98384304,0.33904013,-0.12294247,3.13177132
22851080,22.84055137,0.05076110,0.01159112,0.00759418,-0.33437590,-0.11552815,0.93533172,-0.06381744,0.00224689,-0.00808567,-0.00559438,-0.16962157,-0.05968684,0.98368415,0.34094305,-0.12289326,3.13178586
22884132,22.87360382,0.05582389,-0.01265697,0.00852680,-0.33616230,-0.11546089,0.93469972,-0.07082013,-0.00001762,-0.00598878,-0.00565081,-0.17055411,-0.05967751,0.98352317,0.34283909,-0.12290465,3.13178038
22917144,22.90661621,0.09219602,0.01145789,0.02304901,-0.33792040,-0.11566766,0.93404006,-0.08395461,-0.01201789,-0.01216507,-0.00568292,-0.17147446,-0.05980371,0.98335533,0.34470643,-0.12320861,3.13167619
22950172,22.93964385,0.06341807,0.02065084,0.02198316,-0.33969221,-0.11578085,0.93338308,-0.06509295,-0.00604532,-0.00760180,-0.00572406,-0.17240172,-0.05988403,0.98318805,0.34658966,-0.12341390,3.13160610
22983204,22.97267532,0.08753293,0.00626187,0.05209342,-0.34145569,-0.11592307,0.93272132,-0.09360290,-0.01225076,0.01161456,-0.00576427,-0.17332527,-0.05997910,0.98301944,0.34846532,-0.12365071,3.13152861
23016224,23.00569534,0.12537059,-0.04170137,0.09299541,-0.34321405,-0.11602851,0.93206300,-0.09721563,-0.00872736,-0.01946539,-0.00581020,-0.17424608,-0.06005651,0.98285188,0.35033674,-0.12384856,3.13146948
23049256,23.03872871,0.09086371,-0.01838591,0.10378713,-0.34499278,-0.11587158,0.93142557,-0.05881581,0.00698486,-0.03982401,-0.00588113,-0.17517592,-0.06000475,0.98268928,0.35223114,-0.12376655,3.13150930
23082316,23.07178878,0.04116845,0.04663093,0.07820674,-0.34677815,-0.11562229,0.93079357,-0.06679606,0.01113010,-0.03797132,-0.00595925,-0.17610905,-0.05990732,0.98252801,0.35413389,-0.12358598,3.13158106
23115376,23.10484886,0.03424043,-0.00479632,0.07407656,-0.34843568,-0.11475708,0.93028106,-0.03999203,0.01880981,-0.00596464,-0.00608857,-0.17697082,-0.05950349,0.98239669,0.35590176,-0.12273736,3.13188624
23148412,23.13788414,0.04463246,0.01225727,0.05768913,-0.35013148,-0.11400814,0.92973623,-0.06051305,0.02465267,-0.01274407,-0.00620665,-0.17785419,-0.05915756,0.98225727,0.35771164,-0.12201504,3.13214468
23181448,23.17091941,0.04423277,0.04822971,0.03850383,-0.35176506,-0.11306979,0.92923431,-0.04252204,0.02249362,-0.00711519,-0.00633821,-0.17870403,-0.05871689,0.98212881,0.35945606,-0.12108534,3.13247370
23214532,23.20400428,0.05649004,-0.01718683,0.06834763,-0.35352640,-0.11273198,0.92860641,-0.09178608,0.00750737,0.02280957,-0.00642194,-0.17962599,-0.05857575,0.98196830,0.36133840,-0.12080793,3.13257932
23247576,23.23704719,0.13776110,-0.03357427,0.07407656,-0.35386469,-0.11074039,0.92871751,-0.00453374,0.01943179,0.00389969,-0.00661317,-0.17978848,-0.05759615,0.98199539,0.36170003,-0.11867977,3.13333630
23280612,23.27008438,0.08366923,-0.03450689,0.01825268,-0.35562286,-0.11045314,0.92807979,-0.06625214,0.01304103,-0.04209352,-0.00668671,-0.18071012,-0.05747918,0.98183259,0.36358046,-0.11845536,3.13341426
23313680,23.30315208,0.02424809,0.03330781,0.03850383,-0.35726916,-0.10957669,0.92755088,-0.03530895,0.02095363,-0.01910365,-0.00681355,-0.18156900,-0.05707002,0.98169689,0.36534261,-0.11759046,3.13372683
23346732,23.33620452,0.00239816,0.01438897,0.00572894,-0.35898759,-0.10897221,0.92695884,-0.09828779,0.03157963,-0.02046466,-0.00691565,-0.18246840,-0.05679614,0.98154544,0.36718301,-0.11702175,3.13393092
23379772,23.36924362,0.04210107,-0.04769678,0.07341041,-0.36069395,-0.10835614,0.92636823,-0.08071229,0.01631512,0.02626848,-0.00702336,-0.18336163,-0.05651743,0.98139419,0.36901197,-0.11643962,3.13415074
23412788,23.40225982,0.05489127,0.02344870,0.06141960,-0.36245462,-0.10810377,0.92571067,-0.03915670,0.00995924,-0.04582787,-0.00709680,-0.18428667,-0.05641893,0.98122625,0.37090027,-0.11625267,3.13422417
23445808,23.43527984,-0.02917764,0.09379480,0.03370750,-0.36288089,-0.10615113,0.92576923,-0.00992185,0.01093629,0.01881081,-0.00729164,-0.18449726,-0.05546133,0.98123970,0.37135779,-0.11416404,3.13498711
23478872,23.46834373,-0.00039969,0.05808882,-0.00532925,-0.36380143,-0.10438504,0.92560911,-0.01193100,0.01112331,0.01262331,-0.00747860,-0.18497026,-0.05460249,0.98119754,0.37234573,-0.11229995,3.13566255
23511924,23.50139617,0.00399694,-0.03850383,-0.03197550,-0.36259052,-0.10592607,0.92590894,0.05302021,-0.03518721,-0.04504955,-0.00730194,-0.18434290,-0.05534543,0.98127517,0.37104616,-0.11390705,3.13507437
23545000,23.53447151,-0.07367688,0.16027718,-0.08633384,-0.36300432,-0.10783452,0.92552642,-0.02469099,-0.06550533,0.01832128,-0.00712995,-0.18457468,-0.05629276,0.98117904,0.37149021,-0.11598860,3.13430666
23578148,23.56761932,0.04796324,0.07980552,-0.04276723,-0.36460537,-0.10852378,0.92481632,-0.04628330,-0.01842935,0.01805478,-0.00710332,-0.18542361,-0.05665557,0.98099822,0.37320899,-0.11681209,3.13399577
23611180,23.60065269,0.03903675,0.04942879,0.00839357,-0.36626701,-0.10902501,0.92410030,-0.05731696,-0.01792812,-0.11965699,-0.00710027,-0.18630340,-0.05692742,0.98081579,0.37499423,-0.11743677,3.13376522
23644232,23.63370323,-0.10005666,0.05649004,-0.03930321,-0.36801476,-0.10910140,0.92339687,0.00009483,0.00729476,-0.08037925,-0.00714008,-0.18722586,-0.05699107,0.98063621,0.37687311,-0.11760700,3.13370203
23677308,23.66678047,-0.08606738,0.03144257,-0.01718683,-0.36965992,-0.10828492,0.92283573,-0.02975413,0.02600953,-0.04881227,-0.00726228,-0.18808799,-0.05661280,0.98049221,0.37864303,-0.11680521,3.13399958
23710408,23.69988059,-0.08646708,0.05635682,-0.02891118,-0.37097167,-0.10686888,0.92247419,-0.02673340,0.03240599,-0.01329452,-0.00743129,-0.18877031,-0.05593361,0.98039875,0.38005523,-0.11533612,3.13454365
23743496,23.73296737,-0.05782236,0.06554977,-0.03344104,-0.37234153,-0.10552157,0.92207756,-0.04196509,0.02715242,0.01981700,-0.00759398,-0.18948441,-0.05528912,0.98029642,0.38153066,-0.11394324,3.13505864
23776592,23.76606369,-0.05102756,0.03037672,-0.04170137,-0.37373456,-0.10421580,0.92166252,-0.03617754,0.02609079,0.00778085,-0.00775267,-0.19021167,-0.05466550,0.98018941,0.38303208,-0.11259546,3.13555741
23809656,23.79912757,-0.02198316,0.02771210,-0.04103522,-0.37531731,-0.10325078,0.92112722,-0.06267098,0.02659062,0.01637274,-0.00788281,-0.19104228,-0.05421279,0.98005170,0.38473920,-0.11162580,3.13591480
23842716,23.83218765,-0.03384073,0.04902909,-0.03903675,-0.37699346,-0.10255587,0.92052059,-0.12349481,0.02272188,0.07386416,-0.00798987,-0.19192456,-0.05389488,0.97989616,0.38654813,-0.11095318,3.13616299
23875788,23.86525917,0.07087903,0.10791730,-0.00039969,-0.37864680,-0.10173832,0.91993227,-0.08351141,0.01213870,0.07640559,-0.00810718,-0.19279457,-0.05351614,0.97974500,0.38833384,-0.11014564,3.13646125
23908848,23.89831924,0.15188361,0.07634150,0.02891118,-0.38038930,-0.10169686,0.91921815,-0.06101695,0.00013436,-0.02126896,-0.00815155,-0.19371747,-0.05352137,0.97956256,0.39021718,-0.11018599,3.13643908
23941908,23.93137931,0.09765851,0.00652833,0.02571363,-0.38194883,-0.10240156,0.91849260,-0.01648867,-0.01185625,-0.06937152,-0.00812099,-0.19454883,-0.05389209,0.97937755,0.39190411,-0.11103020,3.13611507
23974936,23.96440887,0.03557274,-0.00333078,-0.01798622,-0.38334608,-0.10343329,0.91779470,-0.02070665,-0.02254328,-0.05451345,-0.00805290,-0.19529700,-0.05442132,0.97919988,0.39341654,-0.11222412,3.13565301
24008056,23.99752807,0.01692037,-0.04862940,-0.02704594,-0.38453140,-0.10474997,0.91714916,-0.01488265,-0.02269144,-0.03018630,-0.00795161,-0.19593526,-0.05508785,0.97903585,0.39470026,-0.11371980,3.13507390
24041176,24.03064727,-0.01398928,-0.09059724,-0.02837825,-0.38603925,-0.10554165,0.91642484,-0.03656816,-0.02019078,-0.03263581,-0.00791187,-0.19674134,-0.05550119,0.97885122,0.39633415,-0.11466158,3.13470935
24074308,24.06377983,-0.02118377,-0.01025880,0.01558805,-0.38770076,-0.10590745,0.91568098,-0.07396916,-0.01738358,0.02963156,-0.00792098,-0.19762621,-0.05570785,0.97866115,0.39813594,-0.11514815,3.13452506
24107404,24.09687614,0.03344104,-0.04103522,0.04956202,-0.38940713,-0.10552750,0.91500024,-0.05126670,0.00274429,0.02665013,-0.00800658,-0.19852986,-0.05554833,0.97848653,0.39998790,-0.11482326,3.13465785
24140456,24.12992858,0.04463246,-0.04929555,0.04876263,-0.39108748,-0.10497951,0.91434659,-0.02102190,0.00634670,-0.00663173,-0.00810784,-0.19941900,-0.05530571,0.97831869,0.40181293,-0.11431317,3.13486266
24173492,24.16296386,0.04130168,-0.06195252,0.06554977,-0.39223909,-0.10631151,0.91369915,-0.00644255,-0.01087599,-0.01477337,-0.00800846,-0.20004131,-0.05598073,0.97815408,0.40306453,-0.11583203,3.13427639
24206584,24.19605636,0.03543951,-0.09619296,0.04529862,-0.39101455,-0.10782003,0.91404733,0.02016494,-0.01815654,-0.00657666,-0.00782789,-0.19940147,-0.05670454,0.97824459,0.40173368,-0.11741633,3.13366246
24239684,24.22915649,-0.02611332,-0.09099694,-0.03983614,-0.39057607,-0.10978030,0.91400127,0.00385731,-0.02229978,0.00152606,-0.00761844,-0.19918408,-0.05766268,0.97823438,0.40125732,-0.11953694,3.13283085
24272772,24.26224327,-0.03397396,-0.12523735,0.00706126,-0.39151670,-0.11132397,0.91341199,-0.02498719,-0.03027759,0.00626576,-0.00749240,-0.19969692,-0.05843890,0.97808475,0.40227932,-0.12127895,3.13215541
24305860,24.29533195,-0.02558040,-0.12990045,-0.00039969,-0.39281072,-0.11246107,0.91271696,-0.00660333,-0.01082994,-0.02917201,-0.00741620,-0.20039484,-0.05902060,0.97790775,0.40368604,-0.12259778,3.13164258
24339024,24.32849693,-0.06928025,-0.09632619,-0.05768913,-0.39118478,-0.11332609,0.91330785,0.01423165,-0.00483798,-0.00363988,-0.00728254,-0.19953757,-0.05941987,0.97805967,0.40191869,-0.12345211,3.13130521
24372124,24.36159515,-0.05768913,-0.08207044,-0.05036140,-0.39281678,-0.11373091,0.91255683,-0.04468322,-0.01126909,0.01420093,-0.00728669,-0.20040926,-0.05964588,0.97786769,0.40369262,-0.12398953,3.13109207
24405264,24.39473533,-0.03503981,-0.04103522,0.01811945,-0.39115440,-0.11442601,0.91318368,-0.01631630,-0.00544704,0.04067373,-0.00717275,-0.19953105,-0.05996162,0.97802877,0.40188570,-0.12465478,3.13083744
24438356,24.42782783,-0.00612864,-0.06288515,-0.01092496,-0.38950059,-0.11517264,0.91379652,0.02231309,-0.01471017,0.02492416,-0.00705081,-0.19865859,-0.06030244,0.97818632,0.40008940,-0.12537641,3.13055562
24471428,24.46089935,-0.02091731,-0.12590351,-0.00399694,-0.38953363,-0.11713844,0.91353244,0.00623286,-0.02055688,-0.01924533,-0.00685717,-0.19869405,-0.06127233,0.97812013,0.40012531,-0.12752990,3.12971997
24504592,24.49406433,-0.05968760,-0.07674119,-0.01452220,-0.38877501,-0.11900118,0.91361503,0.00156799,-0.01283476,0.00801581,-0.00665086,-0.19830845,-0.06217856,0.97814273,0.39930171,-0.12952388,3.12894749
24537724,24.52719688,-0.02051761,-0.02504747,0.00599541,-0.38718679,-0.11994421,0.91416587,0.00705984,-0.01701868,0.04091221,-0.00651120,-0.19747394,-0.06261768,0.97828445,0.39757857,-0.13046095,3.12858676
24570828,24.56030082,0.00639510,-0.08766615,0.00772741,-0.38545026,-0.12004796,0.91488580,0.00361434,-0.00421962,0.03140324,-0.00645024,-0.19655312,-0.06264052,0.97846879,0.39569589,-0.13047091,3.12858557
24603908,24.59337997,0.02651302,-0.07487596,0.05635682,-0.38709381,-0.12041921,0.91414299,-0.01085541,-0.00262766,-0.00032461,-0.00646711,-0.19742880,-0.06285161,0.97827892,0.39747764,-0.13097498,3.12839961
24637012,24.62648391,0.02251608,-0.02025115,0.00119908,-0.38537216,-0.12076250,0.91482467,0.02599716,-0.00301680,-0.00173879,-0.00638088,-0.19651840,-0.06299247,0.97845363,0.39561123,-0.13124732,3.12829351
24670064,24.65953636,0.01012557,-0.02598009,-0.01332312,-0.38364176,-0.12093267,0.91552934,0.03159100,-0.00748531,0.04223436,-0.00631070,-0.19560222,-0.06304779,0.97863407,0.39373669,-0.13133013,3.12825918
24703168,24.69264030,0.03583920,-0.05688974,-0.03517305,-0.38385545,-0.12285439,0.91518402,-0.00188673,-0.01337607,-0.00160980,-0.00612510,-0.19573479,-0.06399906,0.97854719,0.39396800,-0.13344237,3.12744188
24736300,24.72577285,-0.00559571,-0.00306432,-0.00506279,-0.38304300,-0.12467863,0.91527767,0.00999612,-0.01350496,-0.00756282,-0.00592077,-0.19532262,-0.06488614,0.97857227,0.39308834,-0.13538618,3.12669634
24769416,24.75888824,-0.02051761,0.00772741,-0.01212404,-0.38183155,-0.12621693,0.91557292,-0.00586376,-0.01538463,0.03633141,-0.00573167,-0.19469661,-0.06562559,0.97864885,0.39177718,-0.13699221,3.12608122
24802532,24.79200363,0.03996937,-0.09819143,0.00213170,-0.38150741,-0.12817591,0.91543569,-0.00887343,-0.01855260,0.02572638,-0.00552997,-0.19454586,-0.06658778,0.97861490,0.39142658,-0.13911190,3.12527227
24835672,24.82514381,0.01199081,-0.00159877,0.04476570,-0.38143836,-0.13013882,0.91518764,0.00619423,-0.01439242,-0.01552945,-0.00533912,-0.19453066,-0.06755697,0.97855262,0.39135190,-0.14125209,3.12446212
24868740,24.85821151,0.00719449,0.00972588,0.04023584,-0.38008704,-0.13151292,0.91555328,0.00435463,-0.01301832,0.01804042,-0.00516360,-0.19383014,-0.06821390,0.97864704,0.38989046,-0.14266719,3.12392902
24901744,24.89121627,0.00599541,-0.04663093,0.02771210,-0.37841806,-0.13225891,0.91613674,0.02343759,-0.01056334,0.00817966,-0.00503838,-0.19295492,-0.06855525,0.97879657,0.38808681,-0.14337532,3.12366557
24934860,24.92433166,-0.00732772,-0.00133231,0.00826034,-0.37717747,-0.13377258,0.91642875,0.01999974,-0.02223328,0.00105172,-0.00485148,-0.19231582,-0.06928311,0.97887220,0.38674686,-0.14494788,3.12307333
24967932,24.95740318,-0.02531394,0.04463246,-0.02624655,-0.37554576,-0.13462108,0.91697483,0.01763561,-0.01772267,0.03346467,-0.00471280,-0.19146287,-0.06967519,0.97901239,0.38498563,-0.14576871,3.12276053
25001048,24.99052047,0.00586217,0.04170137,0.00492956,-0.37381372,-0.13473703,0.91766490,0.00589380,-0.00613210,0.04058707,-0.00464281,-0.19054878,-0.06970382,0.97918882,0.38311748,-0.14578433,3.12275433
25034084,25.02355575,0.03623890,0.00119908,0.00532925,-0.37207312,-0.13483471,0.91835746,0.00757116,-0.00139575,0.00937688,-0.00457379,-0.18963050,-0.06972337,0.97936592,0.38124160,-0.14578006,3.12275457
25067132,25.05660438,0.03237519,0.01665390,0.01065850,-0.37089941,-0.13640898,0.91860017,0.01445410,-0.01788789,0.00058931,-0.00438372,-0.18902927,-0.07048307,0.97942886,0.37997734,-0.14741930,3.12214469
25100152,25.08962440,0.01652067,0.03130934,-0.01638744,-0.36919693,-0.13701688,0.91919507,0.01543719,-0.01019992,0.02367598,-0.00426538,-0.18813824,-0.07075567,0.97958116,0.37814486,-0.14797228,3.12193560
25133216,25.12268829,0.03543951,0.01159112,0.00186524,-0.37031273,-0.13839046,0.91854066,-0.01201147,-0.00858219,0.01529723,-0.00417312,-0.18874354,-0.07145380,0.97941465,0.37934563,-0.14953870,3.12135410
25166320,25.15579223,0.01931853,0.01079173,-0.00119908,-0.36861894,-0.13905805,0.91912059,0.02999589,-0.00815874,-0.00334907,-0.00404993,-0.18785810,-0.07175633,0.97956304,0.37752294,-0.15015591,3.12112426
25199432,25.18890380,-0.00319755,0.02145023,-0.01185758,-0.36862072,-0.14101469,0.91882181,-0.00515857,-0.00229585,0.01281881,-0.00386457,-0.18788324,-0.07272521,0.97948760,0.37752482,-0.15228515,3.12033724
25232480,25.22195243,0.01199081,0.00786064,-0.00959265,-0.36688904,-0.14149215,0.91944122,0.00849062,-0.00474808,0.01342010,-0.00375674,-0.18697624,-0.07293296,0.97964611,0.37566268,-0.15269146,3.12018537
25265532,25.25500488,0.01652067,0.02145023,-0.03224196,-0.36535329,-0.14260771,0.91988048,-0.00305492,-0.00436494,0.01566643,-0.00359397,-0.18618116,-0.07345991,0.97975883,0.37401232,-0.15380418,3.11977124
25298620,25.28809165,0.04503216,0.02171669,-0.02478101,-0.36689293,-0.14335976,0.91914997,-0.01640785,-0.00727500,0.01615274,-0.00357552,-0.18700241,-0.07385725,0.97957239,0.37566699,-0.15472333,3.11942720
25331672,25.32114410,0.02864472,0.00905972,0.00319755,-0.36634144,-0.14527362,0.91906967,0.00159535,-0.00731427,0.00085223,-0.00337531,-0.18673653,-0.07479650,0.97955265,0.37507417,-0.15676891,3.11867570
25364724,25.35419654,-0.00253139,0.03503981,-0.00559571,-0.36787910,-0.14603537,0.91833467,-0.00956231,-0.00411111,0.01452666,-0.00335963,-0.18755711,-0.07519955,0.97936515,0.37672715,-0.15770148,3.11833167
25397848,25.38731956,0.04196784,0.02424809,0.01478867,-0.36712636,-0.14787886,0.91834058,-0.00689706,-0.00300005,0.01745039,-0.00315804,-0.18718500,-0.07610073,0.97936725,0.37591788,-0.15965776,3.11761188
25430908,25.42037963,0.03410720,0.02264931,0.00892649,-0.36538777,-0.14787692,0.91903409,0.01162800,0.00066012,-0.00033289,-0.00309245,-0.18626886,-0.07607055,0.97954444,0.37404944,-0.15953725,3.11765456
25463924,25.45339584,0.01372282,0.02717917,-0.00839357,-0.36510090,-0.14598686,0.91945047,-0.00403971,0.00560601,0.01487571,-0.00325687,-0.18609272,-0.07512836,0.97965030,0.37374124,-0.15746182,3.11840987
25497012,25.48648452,0.02438132,0.02598009,0.00612864,-0.36674194,-0.14648473,0.91871776,-0.01094359,-0.00366175,0.00462210,-0.00327027,-0.18696404,-0.07540232,0.97946319,0.37550463,-0.15811385,3.11816978
25530076,25.51954841,0.02624655,-0.00146554,0.00839357,-0.36506676,-0.14610772,0.91944484,0.00691247,0.00084405,0.01439309,-0.00324349,-0.18607639,-0.07518755,0.97964878,0.37370455,-0.15759097,3.11836099
25563128,25.55260086,0.04316692,0.01039204,0.00812710,-0.36651587,-0.14702643,0.91872138,-0.00384545,-0.00214349,0.00217706,-0.00321043,-0.18685215,-0.07566697,0.97946434,0.37526159,-0.15868818,3.11795783
25596208,25.58568000,0.04130168,0.01851914,0.00413017,-0.36787991,-0.14808096,0.91800651,-0.00663179,-0.00426278,0.00386852,-0.00316118,-0.18758544,-0.07621245,0.97928199,0.37672808,-0.15992949,3.11749958
25629260,25.61873245,0.01891884,0.03357427,-0.00039969,-0.36637053,-0.14924298,0.91842212,0.00260100,-0.00212420,0.00101143,-0.00299439,-0.18680571,-0.07676305,0.97938861,0.37510528,-0.16109125,3.11707115
25662328,25.65180015,0.02424809,0.00053292,0.00905972,-0.36469664,-0.14886312,0.91914939,-0.00224671,-0.00201578,0.02323341,-0.00296655,-0.18591878,-0.07654662,0.97957429,0.37330710,-0.16056328,3.11726379
25695348,25.68482017,0.03743798,0.00532925,0.01612098,-0.36430401,-0.14700367,0.91960458,-0.00263935,0.00149587,0.00886220,-0.00312508,-0.18568698,-0.07561793,0.97968997,0.37288532,-0.15851418,3.11801075
25728408,25.71788024,0.03210873,0.00972588,0.00306432,-0.36301002,-0.14583683,0.92030172,0.00363502,0.00472355,0.01109475,-0.00318473,-0.18499038,-0.07501785,0.97986774,0.37149624,-0.15715951,3.11850166
25761440,25.75091171,0.03157581,0.00612864,-0.00359724,-0.36325144,-0.14773578,0.91990327,-0.00149465,-0.00167827,0.00319242,-0.00301623,-0.18514269,-0.07596334,0.97976646,0.37175545,-0.15923954,3.11774373
25794512,25.78398323,0.00772741,0.00985911,-0.00519602,-0.36499788,-0.14773630,0.91921215,-0.01415250,-0.00241019,0.01169604,-0.00308061,-0.18606235,-0.07599234,0.97959003,0.37363052,-0.15935777,3.11769890
25827552,25.81702423,0.02264931,0.00439663,-0.00333078,-0.36324481,-0.14786016,0.91988601,-0.00125712,-0.00228631,0.01395184,-0.00300248,-0.18514101,-0.07602453,0.97976217,0.37174832,-0.15937423,3.11769080
25860632,25.85010337,0.03237519,-0.00199847,-0.00732772,-0.36449754,-0.14906876,0.91919507,-0.00098097,-0.00010116,0.00414479,-0.00293572,-0.18581703,-0.07664451,0.97958602,0.37309327,-0.16077346,3.11717867
25893716,25.88318824,0.01065850,0.01532159,-0.00985911,-0.36577720,-0.15024651,0.91849479,-0.00751382,-0.00478278,0.00875133,-0.00287296,-0.18650732,-0.07724986,0.97940750,0.37446780,-0.16214303,3.11667585
25926764,25.91623687,0.02611332,0.00319755,0.00692802,-0.36740386,-0.14931383,0.91799764,-0.01638520,-0.00132093,0.02560586,-0.00302170,-0.18735171,-0.07681464,0.97928018,0.37621614,-0.16123967,3.11700630
25959860,25.94933128,0.05196018,0.01505513,0.02318224,-0.36593267,-0.15054020,0.91838455,-0.00320795,-0.00180355,0.00910568,-0.00285087,-0.18659335,-0.07739806,0.97937936,0.37463493,-0.16247360,3.11655378
25992928,25.98240089,0.04596477,0.00839357,0.01358959,-0.36473619,-0.14925658,0.91907024,-0.00367200,-0.00137818,0.00988483,-0.00292482,-0.18594541,-0.07674118,0.97955427,0.37334942,-0.16099402,3.11709332
26025960,26.01543235,0.02944411,-0.02025115,0.00532925,-0.36298208,-0.14960739,0.91970720,0.01264030,0.00141403,-0.01418960,-0.00282558,-0.18502669,-0.07688598,0.97971706,0.37146630,-0.16125606,3.11699748
26059016,26.04848861,-0.01039204,0.04010260,-0.02544717,-0.36134934,-0.14910373,0.92043151,-0.00168777,-0.00104275,0.01438290,-0.00280829,-0.18416081,-0.07660874,0.97990188,0.36971468,-0.16059817,3.11723136
26092156,26.08162879,-0.00186524,0.03117611,-0.00466309,-0.36188158,-0.14718056,0.92053213,-0.01555982,0.00069620,0.03552258,-0.00300522,-0.18441515,-0.07566329,0.97992696,0.37028553,-0.15854451,3.11797261
26125236,26.11470794,0.05156049,-0.01931853,-0.00226493,-0.36353752,-0.14633172,0.92001466,-0.00804451,-0.00186163,0.01602048,-0.00314391,-0.18527568,-0.07526921,0.97979459,0.37206249,-0.15773241,3.11826419
26158376,26.14784812,0.04290046,0.03384073,-0.00826034,-0.36234843,-0.14789933,0.92023315,-0.00508320,-0.00297958,0.01433718,-0.00295189,-0.18467074,-0.07602667,0.97985086,0.37078640,-0.15935664,3.11766982
26191488,26.18095970,0.03437366,0.00572894,0.00692802,-0.36061339,-0.14779067,0.92093200,0.00221497,-0.00040269,0.00533748,-0.00289634,-0.18375646,-0.07594421,0.98002939,0.36892552,-0.15912271,3.11775302
26224508,26.21397972,0.02291577,0.01438897,-0.01558805,-0.36157522,-0.14930666,0.92031011,0.00073537,-0.00157224,-0.00698006,-0.00279053,-0.18428296,-0.07671171,0.97987098,0.36995687,-0.16083388,3.11713075
26257592,26.24706459,0.02238285,0.03050996,0.00093262,-0.36330637,-0.14946033,0.91960296,-0.01804128,-0.00434825,0.01740873,-0.00284089,-0.18519621,-0.07681641,0.97969045,0.37181446,-0.16111824,3.11702585
26290680,26.28015136,0.03663859,0.01985145,0.00306432,-0.36375260,-0.14751373,0.91974096,-0.00782943,0.00176178,0.01751489,-0.00303726,-0.18540496,-0.07585801,0.97972507,0.37229335,-0.15903177,3.11778187
26323740,26.31321144,0.03743798,0.01478867,0.00492956,-0.36401252,-0.14940501,0.91933279,0.00073129,-0.00220631,-0.00331718,-0.00287013,-0.18556743,-0.07680019,0.97962141,0.37257244,-0.16110615,3.11702489
26356796,26.34626770,0.01332312,0.00812710,-0.00546248,-0.36570219,-0.14866669,0.91878147,-0.01759857,0.00389130,0.00699973,-0.00300181,-0.18644743,-0.07646202,0.97948026,0.37438731,-0.16041816,3.11727404
26389872,26.37934494,0.02091731,0.00666156,0.00866003,-0.36744902,-0.14862030,0.91809186,-0.00828341,-0.00128204,0.00671285,-0.00307193,-0.18736736,-0.07646832,0.97930402,0.37626481,-0.16048736,3.11724877
26422952,26.41242408,0.01798622,0.02877795,0.00999234,-0.36571075,-0.14863219,0.91878395,-0.00269744,-0.00175843,0.01139188,-0.00300527,-0.18645145,-0.07644501,0.97948093,0.37439644,-0.16038113,3.11728739
26456000,26.44547271,0.04130168,0.00732772,0.00719449,-0.36644532,-0.14676438,0.91879138,-0.00562498,-0.00020827,0.01236093,-0.00320658,-0.18681346,-0.07553095,0.97948217,0.37518577,-0.15839817,3.11801147
26489080,26.47855186,0.03503981,0.01572129,0.00599541,-0.36469528,-0.14691828,0.91946277,0.00702927,0.00018977,-0.00222647,-0.00312636,-0.18589358,-0.07557804,0.97965373,0.37330560,-0.15844763,3.11799168
26522156,26.51162719,0.00905972,0.03317458,0.00532925,-0.36640086,-0.14718859,0.91874132,-0.00737843,-0.00198133,0.00655162,-0.00316426,-0.18679578,-0.07574034,0.97946949,0.37513802,-0.15885686,3.11784148
26555212,26.54468345,0.00466309,0.01985145,-0.00133231,-0.36475820,-0.14806013,0.91925468,0.00245351,-0.00965472,0.02605778,-0.00302093,-0.18594209,-0.07614507,0.97960100,0.37337315,-0.15969389,3.11753439
26588248,26.57772064,0.03037672,-0.00253139,0.00772741,-0.36569941,-0.14958463,0.91863384,-0.01198614,-0.00837435,0.02106339,-0.00291383,-0.18645863,-0.07691681,0.97944288,0.37438416,-0.16141711,3.11690449
26621360,26.61083221,0.02198316,0.00692802,0.01811945,-0.36743137,-0.14967370,0.91792783,0.00024387,0.00001551,0.00004089,-0.00297180,-0.18737254,-0.07699028,0.97926244,0.37624578,-0.16163363,3.11682653
26654384,26.64385604,0.01958499,0.01798622,0.00439663,-0.36577298,-0.14925652,0.91865806,0.00932768,0.00155145,0.01835370,-0.00294762,-0.18649287,-0.07675538,0.97944898,0.37446327,-0.16106495,3.11703395
26687388,26.67686080,0.04223430,0.00759418,-0.00213170,-0.36736111,-0.14988067,0.91792221,-0.00666231,-0.00270721,0.01152116,-0.00294770,-0.18733852,-0.07709136,0.97926111,0.37617025,-0.16185421,3.11674141
26720424,26.70989608,0.00919296,0.01505513,0.01279020,-0.36902487,-0.14905750,0.91738901,-0.00597513,0.00184071,0.00155634,-0.00308873,-0.18820433,-0.07671145,0.97912464,0.37795960,-0.16107258,3.11703038
26753476,26.74294853,0.02358193,0.01612098,0.01518836,-0.37028608,-0.14754323,0.91712532,-0.00666705,-0.00016184,0.01231801,-0.00327941,-0.18884899,-0.07598226,0.97905654,0.37931706,-0.15950904,3.11760878
26786556,26.77602767,0.03250842,0.02451455,0.00666156,-0.36854622,-0.14761137,0.91781463,-0.00083855,-0.00277926,0.01797634,-0.00320714,-0.18793224,-0.07598643,0.97923278,0.37744479,-0.15946359,3.11762380
26819572,26.80904388,0.02584686,0.00719449,0.00919296,-0.36750507,-0.14930121,0.91795883,0.00031757,-0.00670464,0.00806653,-0.00300882,-0.18740633,-0.07680667,0.97927017,0.37632510,-0.16123297,3.11697220
26852628,26.84210014,0.02558040,0.01412251,0.00013323,-0.36922168,-0.14947686,0.91724128,-0.00113964,0.00030693,-0.00464368,-0.00305624,-0.18831397,-0.07692265,0.97908697,0.37817144,-0.16154342,3.11685585
26885696,26.87516784,0.00186524,0.00839357,-0.00066616,-0.36763772,-0.15049959,0.91771020,-0.00467673,-0.00184415,0.01148897,-0.00289950,-0.18749295,-0.07740286,0.97920713,0.37646760,-0.16254777,3.11648535
26918732,26.90820312,0.02797856,0.00639510,0.01252374,-0.36654324,-0.14910984,0.91837491,-0.00674778,-0.00274563,0.01692784,-0.00298845,-0.18689685,-0.07669517,0.97937660,0.37529089,-0.16095817,3.11706900
26951740,26.94121170,0.04196784,0.02224962,0.01039204,-0.36501698,-0.14833767,0.91910734,-0.00412363,-0.00156467,0.01424229,-0.00300242,-0.18608234,-0.07628657,0.97956352,0.37365107,-0.16001338,3.11741304
26984828,26.97430038,0.03543951,0.01492190,0.01838591,-0.36669442,-0.14870332,0.91838016,-0.00781730,-0.00217558,0.00349486,-0.00303147,-0.18697108,-0.07649598,0.97937774,0.37545351,-0.16052593,3.11722588
27017908,27.00737953,0.02304901,0.01012557,0.00746095,-0.36843335,-0.14873201,0.91767911,-0.00925219,-0.00068204,0.00004548,-0.00309398,-0.18788820,-0.07653946,0.97919855,0.37732334,-0.16067695,3.11716985
27050928,27.04039955,0.01332312,0.00812710,0.00026646,-0.36972661,-0.14988313,0.91697158,-0.00136715,-0.00172819,-0.00388569,-0.00303362,-0.18858618,-0.07713204,0.97901811,0.37871482,-0.16202170,3.11667227
27083984,27.07345581,0.01758652,0.03130934,-0.00119908,-0.37144403,-0.15005212,0.91624984,-0.01112431,-0.00351232,0.01807630,-0.00308191,-0.18949485,-0.07724506,0.97883377,0.38056385,-0.16232675,3.11655735
27117072,27.10654449,0.03916999,0.01145789,0.01452220,-0.36974322,-0.14982305,0.91697483,-0.00574505,-0.00325312,0.02394313,-0.00303879,-0.18859422,-0.07710231,0.97901897,0.37873270,-0.16195732,3.11669373
27150120,27.13959121,0.03490658,0.01385605,0.01438897,-0.36805911,-0.14951066,0.91770286,0.00941652,0.00107317,0.01222873,-0.00300426,-0.18770172,-0.07691877,0.97920494,0.37692074,-0.16149947,3.11686229
27183140,27.17261123,0.04250077,-0.00732772,0.01052527,-0.36972749,-0.14987927,0.91697177,-0.01479399,-0.00344104,-0.00486237,-0.00303222,-0.18858676,-0.07712981,0.97901811,0.37871580,-0.16201757,3.11667013
27216236,27.20570755,0.00626187,0.02264931,-0.00852680,-0.36801221,-0.14973127,0.91768608,0.00692824,0.00007308,0.00760692,-0.00297998,-0.18768016,-0.07702703,0.97920074,0.37687029,-0.16173660,3.11677145
27249284,27.23875617,0.02891118,0.00439663,0.01545482,-0.36971881,-0.14994806,0.91696414,-0.03213665,-0.00801092,0.02663940,-0.00302462,-0.18858319,-0.07716361,0.97901620,0.37870645,-0.16209197,3.11664104
27282328,27.27179908,0.04689740,-0.00053292,0.03237519,-0.36797058,-0.15019092,0.91762733,0.00395691,-0.00312939,0.01474571,-0.00293628,-0.18766451,-0.07725448,0.97918586,0.37682559,-0.16223461,3.11659049
27315352,27.30482482,0.05355895,-0.02344870,0.02611332,-0.36971716,-0.14996438,0.91696243,-0.00674766,-0.00042623,0.00418013,-0.00302469,-0.18858240,-0.07717198,0.97901592,0.37870454,-0.16210961,3.11663794
27348464,27.33793640,0.03943645,-0.07154518,0.01705360,-0.37142655,-0.15008072,0.91625194,-0.00430587,0.00091080,-0.01244336,-0.00307967,-0.18948596,-0.07725917,0.97883424,0.38054512,-0.16235674,3.11654853
27381520,27.37099266,0.00519602,-0.06475038,0.02704594,-0.37034714,-0.14867192,0.91691837,0.01365769,0.01390630,-0.00529724,-0.00317520,-0.18889659,-0.07654284,0.97900409,0.37938282,-0.16074409,3.11715221
27414520,27.40399169,-0.01705360,-0.03770444,0.02584686,-0.36865458,-0.14837235,0.91764888,0.00537333,-0.00177413,0.03791755,-0.00314292,-0.18799939,-0.07636617,0.97919073,0.37756123,-0.16030023,3.11732244
27447644,27.43711662,0.02224962,0.09299541,0.02837825,-0.36787917,-0.15020364,0.91766223,-0.00516769,-0.01410300,0.02398819,-0.00294147,-0.18761569,-0.07726112,0.97919483,0.37672715,-0.16224207,3.11660790
27480732,27.47020339,0.01998469,0.11790965,0.02518070,-0.36935224,-0.15110177,0.91692247,-0.00149736,-0.00295097,-0.02898300,-0.00291298,-0.18840509,-0.07773160,0.97900590,0.37831199,-0.16332442,3.11620879
27513768,27.50324058,-0.12470445,0.13669525,0.04969525,-0.37082848,-0.15201908,0.91617488,-0.01784340,-0.01375240,-0.04727840,-0.00288880,-0.18919639,-0.07821303,0.97881517,0.37990095,-0.16442990,3.11581182
27546804,27.53627586,-0.17866308,0.16747165,0.08793262,-0.37235064,-0.15084209,0.91575174,-0.02193648,0.00411359,0.02467793,-0.00306949,-0.18998233,-0.07765781,0.97870645,0.38154056,-0.16325345,3.11627030
27579896,27.56936836,-0.06421746,0.11844258,0.06967994,-0.37063918,-0.15082429,0.91644887,0.00125441,-0.00444914,0.03325814,-0.00301181,-0.18907823,-0.07762060,0.97888479,0.37969710,-0.16311258,3.11633491
27612972,27.60244369,-0.11084840,0.13869371,0.05808882,-0.37220180,-0.15156483,0.91569290,-0.01549351,-0.00810313,-0.04337847,-0.00300755,-0.18991300,-0.07801599,0.97869167,0.38138019,-0.16403210,3.11600613
27646028,27.63549995,-0.11937520,0.08620062,0.05289280,-0.37234926,-0.15350487,0.91530990,0.00516176,-0.01177832,-0.01784897,-0.00283531,-0.19001816,-0.07898186,0.97859439,0.38153905,-0.16616177,3.11522722
27679100,27.66857147,-0.08193721,0.12310566,-0.01971822,-0.37399277,-0.15401823,0.91455278,-0.02639786,-0.00931184,0.02148235,-0.00284976,-0.19089365,-0.07926520,0.97840080,0.38331060,-0.16684270,3.11497187
27712208,27.70167922,-0.03064318,0.02797856,0.04569831,-0.37436871,-0.15587248,0.91408519,-0.02040667,-0.03187165,0.03098315,-0.00269124,-0.19111930,-0.08019223,0.97828187,0.38371591,-0.16889835,3.11421132
27745236,27.73470878,-0.02238285,0.06901378,0.03330781,-0.37563757,-0.15705385,0.91336193,-0.02695030,-0.02019224,0.01412833,-0.00263068,-0.19180737,-0.08080130,0.97809705,0.38508474,-0.17028612,3.11369585
27778300,27.76777267,0.01945176,0.01598775,0.07247780,-0.37727360,-0.15750401,0.91260995,-0.02726740,-0.00997646,0.03612047,-0.00265735,-0.19267868,-0.08105495,0.97790489,0.38685062,-0.17090278,3.11347341
27811380,27.80085182,0.03543951,0.03797090,0.05795559,-0.37798330,-0.15917656,0.91202602,-0.00214365,-0.00952461,-0.00894982,-0.00252708,-0.19307957,-0.08189796,0.97775592,0.38761709,-0.17279028,3.11276650
27844424,27.83389663,0.01065850,0.03650536,0.01252374,-0.37893528,-0.16067357,0.91136827,-0.00729519,-0.01828150,-0.02294052,-0.00242089,-0.19360664,-0.08265802,0.97758798,0.38864555,-0.17450608,3.11211752
27877452,27.86692428,-0.11204748,0.09206279,0.03397396,-0.38042917,-0.16150443,0.91059856,-0.02533254,-0.01647408,-0.07051063,-0.00240630,-0.19441002,-0.08309880,0.97739114,0.39026042,-0.17553534,3.11173701
27910532,27.90000343,-0.15494793,0.13003368,0.05928790,-0.38203506,-0.16209655,0.90982055,-0.04496687,-0.01710266,0.01840210,-0.00242231,-0.19526915,-0.08342401,0.97719202,0.39199752,-0.17631320,3.11145639
27943588,27.93305969,-0.04076876,0.03197550,0.03397396,-0.38313064,-0.16345478,0.90911684,-0.02800217,-0.02258037,0.02716249,-0.00233810,-0.19587127,-0.08411907,0.97701225,0.39318321,-0.17789452,3.11085867
27976620,27.96609115,-0.00985911,0.10498622,0.04556508,-0.38422929,-0.16481273,0.90840740,-0.02299726,-0.01804860,0.02469808,-0.00225287,-0.19647574,-0.08481407,0.97683086,0.39437298,-0.17947809,3.11025595
28009684,27.99915695,0.02078407,0.06741500,0.10365391,-0.38595258,-0.16485743,0.90766859,-0.06546342,-0.00726171,0.00810289,-0.00232713,-0.19738949,-0.08487051,0.97664155,0.39624032,-0.17966876,3.11019563
28042760,28.03223228,0.04143491,-0.00413017,0.13336446,-0.38644738,-0.16662726,0.90713491,-0.00564247,-0.02380243,-0.00967395,-0.00218176,-0.19768102,-0.08575982,0.97650537,0.39677658,-0.18166017,3.10944485
28075852,28.06532478,-0.01878561,-0.11151455,0.07567535,-0.38781558,-0.16758015,0.90637512,-0.00183284,-0.00429484,-0.03503722,-0.00215355,-0.19842248,-0.08626085,0.97631082,0.39826049,-0.18282589,3.10901021
28108988,28.09845924,0.00226493,-0.01345635,-0.00532925,-0.38854263,-0.16922507,0.90575780,-0.00134996,-0.01803079,-0.02733982,-0.00202063,-0.19883699,-0.08709117,0.97615299,0.39904949,-0.18470312,3.10828065
28142124,28.13159561,-0.01652067,0.00173201,0.02038438,-0.38936254,-0.17080459,0.90510931,-0.01591089,-0.01547471,0.01920706,-0.00190085,-0.19929992,-0.08789166,0.97598724,0.39993934,-0.18651809,3.10757923
28175192,28.16466331,0.06541654,-0.08353599,-0.00519602,-0.38980493,-0.17258820,0.90458021,-0.01131812,-0.01173797,0.01949209,-0.00174066,-0.19956707,-0.08878547,0.97585191,0.40041980,-0.18852787,3.10679340
28208268,28.19774055,0.07527565,-0.02877795,-0.00826034,-0.38932600,-0.17450572,0.90441865,-0.01326188,-0.01958607,0.03674346,-0.00152524,-0.19934820,-0.08972734,0.97581090,0.39989976,-0.19060564,3.10597848
28241356,28.23082733,0.15281622,-0.18252679,-0.03757121,-0.38762569,-0.17522449,0.90500974,0.00163937,-0.02033214,0.05910158,-0.00137248,-0.19845972,-0.09004918,0.97596254,0.39805455,-0.19124977,3.10571742
28274468,28.26394081,0.19291883,-0.15095100,-0.07007963,-0.38871156,-0.17650260,0.90429515,-0.00508726,-0.01368293,-0.03539866,-0.00128455,-0.19906061,-0.09070390,0.97577962,0.39923286,-0.19275911,3.10511207
28307560,28.29703140,0.01385605,-0.11364625,0.00066616,-0.39041278,-0.17606550,0.90364751,-0.04855206,0.00809675,-0.00252444,-0.00140605,-0.19995532,-0.09052140,0.97561349,0.40107989,-0.19242787,3.10524368
28340608,28.33008003,0.16507351,-0.27045941,0.14735375,-0.38866038,-0.17609888,0.90439586,0.01024240,-0.01701635,0.09658068,-0.00133385,-0.19902481,-0.09050464,0.97580537,0.39917731,-0.19230808,3.10531067
28373660,28.36313247,0.18985451,0.02757887,0.01438897,-0.38879375,-0.17797009,0.90397224,0.02233869,0.00340955,-0.05460698,-0.00114789,-0.19913139,-0.09143579,0.97569704,0.39932208,-0.19438957,3.10449028
28406692,28.39616394,0.02611332,0.09166309,0.02211639,-0.38853385,-0.17610490,0.90444927,0.02232292,0.02107561,-0.04483008,-0.00132144,-0.19895833,-0.09050383,0.97581901,0.39903988,-0.19230344,3.10529994
28439724,28.42919540,0.01199081,0.00532925,-0.00679479,-0.38683066,-0.17606184,0.90518722,0.05675253,0.00833723,-0.02017748,-0.00124806,-0.19805412,-0.09044811,0.97600822,0.39719228,-0.19210463,3.10537481
28472796,28.46226882,-0.05795559,0.10511945,-0.07873966,-0.38851685,-0.17630209,0.90441818,-0.02969605,-0.00729165,0.01525950,-0.00129438,-0.19895360,-0.09060009,0.97581119,0.39902141,-0.19251995,3.10520219
28505884,28.49535560,-0.01838591,0.00279786,0.02078407,-0.38744688,-0.17495746,0.90513792,-0.01562929,0.00235005,0.07166869,-0.00138226,-0.19836072,-0.08991121,0.97599544,0.39786054,-0.19093899,3.10581994
28538888,28.52836036,0.05102756,0.00039969,0.02931087,-0.38672245,-0.17330742,0.90576467,-0.00609982,0.01168634,0.03979200,-0.00151430,-0.19794624,-0.08907747,0.97615566,0.39707498,-0.18905326,3.10655093
28571916,28.56138801,0.08513477,-0.00959265,0.03930321,-0.38531942,-0.17237544,0.90654029,0.00250691,0.00245357,0.01313746,-0.00154512,-0.19718542,-0.08858711,0.97635421,0.39555401,-0.18790329,3.10699582
28604980,28.59445190,0.05609035,0.00919296,0.02304901,-0.38377859,-0.17172217,0.90731725,0.01903251,0.00814795,-0.01180941,-0.00154171,-0.19635724,-0.08823260,0.97655315,0.39388492,-0.18705115,3.10732316
28637996,28.62746810,0.03570597,-0.04556508,0.01265697,-0.38220407,-0.17112756,0.90809421,0.01208690,0.00413539,0.02159333,-0.00153160,-0.19551266,-0.08790689,0.97675209,0.39218039,-0.18626255,3.10762596
28671016,28.66048812,0.05169372,-0.04889586,0.00492956,-0.38069055,-0.17038322,0.90886993,0.00862023,0.00461175,0.03302461,-0.00153784,-0.19469835,-0.08750802,0.97695074,0.39054288,-0.18531619,3.10798573
28704084,28.69355583,0.04996171,0.07687443,-0.00319755,-0.38042757,-0.17232406,0.90861368,-0.00140837,-0.00492203,0.00422812,-0.00133428,-0.19459372,-0.08846655,0.97688531,0.39025874,-0.18742995,3.10717535
28737188,28.72665977,0.05089433,0.09272895,-0.03224196,-0.37969934,-0.17068058,0.90922842,0.00518763,0.00783879,-0.00224596,-0.00145682,-0.19417989,-0.08763505,0.97704248,0.38947132,-0.18556069,3.10787439
28770240,28.75971221,0.00359724,-0.00373047,-0.01332312,-0.38127322,-0.16963679,0.90876493,0.00139040,0.00069149,-0.00349146,-0.00162570,-0.19499469,-0.08714645,0.97692356,0.39117321,-0.18454353,3.10825920
28803324,28.79279518,-0.01465544,-0.01718683,0.00119908,-0.38051259,-0.16800932,0.90938587,-0.00547373,-0.00142427,0.01493055,-0.00175260,-0.19456397,-0.08632401,0.97708225,0.39035060,-0.18269035,3.10896682
28836436,28.82590866,0.01119142,0.02331547,0.00346401,-0.37917470,-0.16697242,0.91013545,0.00319815,0.00559548,0.02980590,-0.00179591,-0.19383846,-0.08578386,0.97727403,0.38890428,-0.18144121,3.10944032
28869448,28.85891914,0.04076876,-0.00253139,0.00546248,-0.37750277,-0.16667336,0.91088476,-0.00335661,-0.00276023,0.02173245,-0.00175295,-0.19294930,-0.08560394,0.97746572,0.38709816,-0.18097755,3.10961389
28902496,28.89196777,0.04876263,0.01732006,0.00786064,-0.37576701,-0.16700272,0.91154203,0.00491741,0.00049882,-0.00455958,-0.00164625,-0.19203748,-0.08573507,0.97763395,0.38522445,-0.18119954,3.10952782
28935548,28.92502021,0.01798622,0.00985911,0.02438132,-0.37420969,-0.16808273,0.91198406,0.00311595,-0.00061843,-0.00280434,-0.00147740,-0.19123289,-0.08624304,0.97774724,0.38354446,-0.18225915,3.10913300
28968624,28.95809555,0.01732006,0.01065850,-0.00506279,-0.37592988,-0.16815736,0.91126260,-0.00883573,-0.00225279,0.00939167,-0.00154269,-0.19214295,-0.08631170,0.97756271,0.38540008,-0.18247947,3.10904788
29001624,28.99109649,0.03424043,0.01292343,0.01345635,-0.37736692,-0.16685032,0.91090908,-0.01374635,-0.00014186,0.02146399,-0.00172975,-0.19288044,-0.08568922,0.97747201,0.38695135,-0.18116083,3.10954403
29034676,29.02414894,0.06634916,0.04396631,0.01039204,-0.37784588,-0.16863462,0.91038169,-0.00765216,-0.00983217,0.01173747,-0.00157585,-0.19316410,-0.08658393,0.97733736,0.38746862,-0.18315905,3.10878562
29067764,29.05723571,0.04103522,0.02025115,0.02491424,-0.37656168,-0.16750984,0.91112117,-0.00210041,-0.00021477,0.01026553,-0.00162973,-0.19246608,-0.08600134,0.97752647,0.38608202,-0.18181983,3.10929131
29100836,29.09030723,0.02158346,0.01705360,-0.00346401,-0.37484526,-0.16743940,0.91184158,0.00423980,-0.00175005,0.01516032,-0.00156222,-0.19155806,-0.08593437,0.97771081,0.38422986,-0.18160457,3.10936999
29133848,29.12331962,0.02518070,-0.00559571,0.00146554,-0.37651097,-0.16776170,0.91109552,-0.01069605,-0.00362501,0.01273262,-0.00160168,-0.19244371,-0.08612520,0.97751989,0.38602733,-0.18209223,3.10918545
29166892,29.15636444,0.03677182,0.02131700,0.01092496,-0.37750651,-0.16920290,0.91041698,-0.00481769,-0.00413694,0.00559866,-0.00150478,-0.19299457,-0.08685955,0.97734651,0.38710217,-0.18375557,3.10855722
29200008,29.18947982,0.02478101,0.02318224,0.01638744,-0.37663898,-0.16764836,0.91106376,-0.00202313,0.00065617,0.00861400,-0.00161769,-0.19250946,-0.08607119,0.97751178,0.38616542,-0.18197809,3.10922765
29233020,29.22249221,0.04543185,0.00532925,0.00652833,-0.37550954,-0.16632819,0.91177158,-0.00364083,0.00080085,0.01913667,-0.00169572,-0.19189054,-0.08539442,0.97769260,0.38494658,-0.18043900,3.10980439
29266032,29.25550460,0.04316692,0.01292343,0.00719449,-0.37698426,-0.16507971,0.91138954,-0.00875792,0.00150549,0.00999713,-0.00187712,-0.19264934,-0.08480150,0.97759456,0.38653826,-0.17918698,3.11027336
29299092,29.28856468,0.03011026,-0.00506279,0.01345635,-0.37672617,-0.16702594,0.91114187,0.00612071,-0.00216350,-0.01392508,-0.00167861,-0.19254530,-0.08576314,0.97753162,0.38625960,-0.18130202,3.10947656
29332184,29.32165527,0.00253139,0.00985911,0.00146554,-0.37545654,-0.16852905,0.91138925,-0.00271729,-0.00090453,0.00609124,-0.00147959,-0.19189977,-0.08648616,0.97759523,0.38488933,-0.18284910,3.10889458
29365212,29.35468482,0.01132465,0.03024349,0.00772741,-0.37429502,-0.16725432,0.91210117,-0.00998232,-0.00217926,0.03516447,-0.00155186,-0.19126477,-0.08583141,0.97777709,0.38363652,-0.18135771,3.10945296
29398280,29.38775253,0.04156814,0.00706126,0.01372282,-0.37595522,-0.16641833,0.91157150,-0.01540220,-0.00106212,0.02055740,-0.00170230,-0.19212784,-0.08544670,0.97764148,0.38542745,-0.18057345,3.10974645
29431352,29.42082405,0.06288515,-0.00666156,0.01185758,-0.37506816,-0.16486434,0.91221904,-0.00652364,0.00251083,0.02894306,-0.00181331,-0.19163352,-0.08465850,0.97780685,0.38447034,-0.17879886,3.11041092
29464396,29.45386886,0.06395100,-0.00426340,0.01692037,-0.37643060,-0.16586928,0.91147527,0.00069818,-0.00209947,-0.02500069,-0.00177335,-0.19237011,-0.08518245,0.97761669,0.38594053,-0.18000907,3.10995483
29497436,29.48690795,-0.00119908,0.02704594,0.00972588,-0.37728495,-0.16743807,0.91083517,-0.00333029,-0.00199552,0.00688946,-0.00165874,-0.19284795,-0.08597743,0.97745323,0.38686280,-0.18179946,3.10928106
29530508,29.51997947,0.02677948,0.00945942,-0.00452986,-0.37613315,-0.16614727,0.91154747,-0.00399381,0.00135236,0.02375525,-0.00173282,-0.19221763,-0.08531476,0.97763528,0.38561944,-0.18029031,3.10984659
29563592,29.55306434,0.04476570,0.01732006,0.00239816,-0.37740614,-0.16463660,0.91129522,-0.01395127,0.00081824,0.02254266,-0.00193070,-0.19286566,-0.08458794,0.97757034,0.38699374,-0.17873427,3.11043000
29596576,29.58604812,0.06648239,0.01292343,0.03597244,-0.37914397,-0.16425733,0.91064214,-0.00073883,0.00092725,-0.00365972,-0.00204063,-0.19377850,-0.08443201,0.97740306,0.38887109,-0.17845641,3.11053609
29629616,29.61908721,0.01598775,0.00786064,0.00253139,-0.38079028,-0.16464184,0.90988521,0.00481373,0.00350903,-0.03219968,-0.00207161,-0.19465610,-0.08465348,0.97720937,0.39065093,-0.17901093,3.11032438
29662704,29.65217590,-0.04343338,-0.01252374,-0.01958499,-0.37905759,-0.16474200,0.91059064,0.02725095,0.00141193,-0.00531721,-0.00198931,-0.19374082,-0.08467082,0.97739009,0.38877768,-0.17898175,3.11033558
29695832,29.68530464,-0.02105054,-0.00666156,-0.04423277,-0.38045630,-0.16340571,0.91024789,-0.01505151,0.00007564,0.02358997,-0.00217498,-0.19445920,-0.08403319,0.97730197,0.39028973,-0.17762587,3.11084508
29728936,29.71840858,-0.00466309,-0.01279020,-0.00532925,-0.37937319,-0.16204093,0.91094341,-0.00466001,-0.00031258,0.01727927,-0.00226291,-0.19386388,-0.08333593,0.97747955,0.38911890,-0.17604117,3.11144709
29762088,29.75156021,0.00772741,0.00812710,-0.01079173,-0.37876849,-0.16394238,0.91085519,-0.00672954,-0.00671192,0.01858819,-0.00205210,-0.19357496,-0.08426803,0.97745761,0.38846535,-0.17808066,3.11067152
29795124,29.78459548,0.03956968,0.01865237,0.00492956,-0.37709646,-0.16468980,0.91141376,-0.00473946,-0.01206800,0.04244363,-0.00190880,-0.19270315,-0.08460789,0.97760066,0.38665943,-0.17876806,3.11040949
29828160,29.81763267,0.05369219,-0.00159877,0.02318224,-0.37678008,-0.16662905,0.91119194,-0.00432342,-0.00280455,0.01068306,-0.00170829,-0.19256813,-0.08556491,0.97754430,0.38631792,-0.18087082,3.10961675
29861224,29.85069656,0.03050996,0.02078407,-0.00532925,-0.37512490,-0.16626803,0.91194076,0.00476357,0.00171725,-0.00666738,-0.00167121,-0.19168753,-0.08535471,0.97773590,0.38453151,-0.18034240,3.10981202
29894304,29.88377571,0.02851149,0.05062787,-0.00026646,-0.37562825,-0.16804957,0.91140708,-0.00669596,-0.00162816,0.01779217,-0.00151988,-0.19198351,-0.08624857,0.97759971,0.38507452,-0.18233682,3.10906004
29927352,29.91682434,0.03157581,0.00199847,0.00439663,-0.37565617,-0.16997463,0.91103811,0.00065619,-0.00409763,-0.00259083,-0.00133534,-0.19203127,-0.08720539,0.97750558,0.38510486,-0.18445177,3.10826420
29960444,29.94991683,0.01958499,0.00719449,0.01159112,-0.37431120,-0.17139236,0.91132612,-0.00923371,-0.00829513,0.02959186,-0.00114091,-0.19134539,-0.08788492,0.97757949,0.38365390,-0.18589773,3.10772228
29993548,29.98302078,0.04929555,0.03823736,0.00945942,-0.37576060,-0.17009139,0.91097316,-0.01608509,0.00407577,0.01651704,-0.00132741,-0.19208859,-0.08726511,0.97748889,0.38521752,-0.18458847,3.10821032
30026588,30.01605987,0.04729709,0.00346401,0.02078407,-0.37402758,-0.17052417,0.91160554,0.00806078,-0.00330394,0.00782806,-0.00121083,-0.19118061,-0.08744796,0.97765083,0.38334803,-0.18492207,3.10808563
30059592,30.04906463,0.02491424,0.00972588,-0.00759418,-0.37351703,-0.16874474,0.91214580,0.00266743,0.00932091,0.00289327,-0.00135731,-0.19088072,-0.08655393,0.97778882,0.38279767,-0.18292941,3.10882711
30092672,30.08214378,0.03464012,0.02011792,0.00892649,-0.37510933,-0.16771492,0.91168212,-0.01746878,0.00267586,0.01629639,-0.00152358,-0.19170429,-0.08607151,0.97767000,0.38451478,-0.18192798,3.10920071
30125744,30.11521530,0.03877029,0.02451455,0.02171669,-0.37352604,-0.16713194,0.91243886,-0.00342709,-0.00205751,0.02603769,-0.00151200,-0.19085830,-0.08575282,0.97786350,0.38280736,-0.18116228,3.10948753
30158768,30.14823913,0.05768913,0.03570597,0.02065084,-0.37409181,-0.16520871,0.91255722,-0.02312500,0.00456418,0.04789197,-0.00171915,-0.19112522,-0.08480774,0.97789344,0.38341741,-0.17909942,3.11025714
30191792,30.18126487,0.08953140,0.03623890,0.03090965,-0.37564694,-0.16408700,0.91212091,-0.01180422,0.00026865,0.01585758,-0.00189089,-0.19192844,-0.08427897,0.97778158,0.38509478,-0.17799229,3.11067008
30224844,30.21431541,0.08193721,0.03650536,0.03690505,-0.37518265,-0.16227017,0.91263704,0.00018266,0.00724088,0.00704068,-0.00204585,-0.19165377,-0.08336853,0.97791328,0.38459382,-0.17596468,3.11143064
30257900,30.24737167,0.06928025,0.02091731,0.03743798,-0.37646307,-0.16340017,0.91190748,-0.00317559,-0.00530100,-0.01762039,-0.00199069,-0.19234865,-0.08395290,0.97772674,0.38597569,-0.17730343,3.11092853
30290948,30.28042030,0.07993874,0.07727412,0.00546248,-0.37764670,-0.16465702,0.91119213,-0.00809547,-0.00770626,0.00018483,-0.00191558,-0.19299518,-0.08459794,0.97754402,0.38725349,-0.17877578,3.11036682
30324000,30.31347274,0.05449157,0.01652067,0.03783767,-0.37608835,-0.16401062,0.91195268,0.00279734,0.00092468,0.02115280,-0.00191372,-0.19216072,-0.08424855,0.97773847,0.38557114,-0.17794330,3.11068248
30357044,30.34651565,0.05555743,0.01532159,0.01292343,-0.37770528,-0.16305083,0.91145658,-0.00974590,0.00509185,-0.00130033,-0.00207254,-0.19299995,-0.08380163,0.97761135,0.38731672,-0.17701795,3.11102914
30390100,30.37957191,0.02851149,-0.00799387,0.01905207,-0.37939658,-0.16236553,0.91087636,0.00342002,0.01417217,-0.05028069,-0.00220961,-0.19388340,-0.08349287,0.97746267,0.38914399,-0.17639932,3.11126470
30423124,30.41259574,-0.06981317,-0.03370750,-0.02598009,-0.38112115,-0.16228060,0.91017093,0.01344538,0.00773959,-0.04371583,-0.00228979,-0.19479476,-0.08348291,0.97728195,0.39100880,-0.17644272,3.11124968
30456280,30.44575119,-0.10325421,-0.02931087,-0.03597244,-0.38021018,-0.16077090,0.91081981,-0.00138161,0.00110294,0.00739306,-0.00240045,-0.19428817,-0.08271730,0.97744770,0.39002361,-0.17471265,3.11191010
30489388,30.47886085,-0.05968760,-0.00399694,-0.03797090,-0.37906682,-0.15947800,0.91152324,-0.02230036,-0.00751418,0.06137717,-0.00247875,-0.19366274,-0.08205482,0.97762737,0.38878774,-0.17320460,3.11248087
30522504,30.51197624,0.02997703,0.00306432,0.00719449,-0.37914137,-0.15752239,0.91183271,-0.03370040,-0.00605182,0.08157551,-0.00267112,-0.19367179,-0.08108625,0.97770614,0.38886821,-0.17106525,3.11329102
30555560,30.54503250,0.11724350,0.04916233,0.05315927,-0.37741348,-0.15769112,0.91251983,-0.01589707,-0.01027763,0.05769497,-0.00258534,-0.19276045,-0.08113854,0.97788200,0.38700162,-0.17111844,3.11327028
30588612,30.57808494,0.19651605,0.10165544,0.11804287,-0.37841849,-0.15591871,0.91240806,-0.03857368,-0.00326097,0.07831460,-0.00279829,-0.19326488,-0.08027810,0.97785282,0.38808727,-0.16925216,3.11397862
30621624,30.61109542,0.45791573,0.30696475,0.23821744,-0.37833766,-0.15391002,0.91278238,-0.09383028,0.00669323,0.24371175,-0.00298924,-0.19319214,-0.07928082,0.97794790,0.38799996,-0.16704504,3.11481285
30654644,30.64411544,1.03707194,0.46537671,0.59101381,-0.37948570,-0.15202255,0.91262226,-0.26870765,0.01847764,0.48435044,-0.00322332,-0.19377137,-0.07836730,0.97790622,0.38924045,-0.16506218,3.11557745
30687724,30.67719650,2.00819444,0.65789585,1.13499689,-0.38090097,-0.15014450,0.91234388,-0.33296620,0.03491013,0.51636705,-0.00347508,-0.19449234,-0.07746520,0.97783432,0.39077048,-0.16310806,3.11635065
30720764,30.71023559,3.00209951,1.37254822,1.50338134,-0.37998156,-0.14829183,0.91302995,-0.12953990,0.02768637,0.65581769,-0.00362272,-0.19397931,-0.07653165,0.97800912,0.38977637,-0.16101132,3.11715221
30753768,30.74324035,4.10991716,1.46727561,1.94784069,-0.38147460,-0.14595413,0.91278381,-0.44127931,0.03120804,0.74224543,-0.00390613,-0.19473770,-0.07540070,0.97794513,0.39139106,-0.15855777,3.11808633
30786820,30.77629280,4.36558818,1.65566453,1.66698932,-0.38006410,-0.14553426,0.91343898,0.41570863,-0.12595010,0.30213713,-0.00386218,-0.19398760,-0.07516142,0.97811279,0.38986558,-0.15799767,3.11823225
30819896,30.80936813,4.36558818,1.71135530,2.04430007,-0.38207297,-0.14498946,0.91268711,-0.22559304,-0.02835038,-0.24642729,-0.00398558,-0.19504446,-0.07492648,0.97791996,0.39203855,-0.15754351,3.11839818
30852964,30.84243583,4.36558818,1.39559721,2.36019134,-0.38410320,-0.14395379,0.91199874,0.08063641,0.12930535,-0.76673507,-0.00418539,-0.19610463,-0.07445480,0.97774324,0.39423635,-0.15655267,3.11882710
30886032,30.87550354,4.36558818,1.90254211,1.78862943,-0.38410100,-0.14128968,0.91241626,0.34455022,0.40544981,-0.61285572,-0.00442009,-0.19607042,-0.07313143,0.97784891,0.39423397,-0.15363198,3.11989307
30919084,30.90855598,3.62029242,1.38480556,0.96845788,-0.38573873,-0.13926470,0.91203660,0.21606099,0.60825881,-1.54191946,-0.00461786,-0.19691742,-0.07214689,0.97775096,0.39600844,-0.15152597,3.12058138
30952136,30.94160842,1.46221280,1.17083609,0.89158344,-0.38725929,-0.13750029,0.91165990,0.04326516,0.79521512,-1.47953104,-0.00485281,-0.19770156,-0.07130294,0.97765350,0.39765712,-0.14969586,3.12130355
30985152,30.97462463,0.37371363,0.69027099,0.83962326,-0.38833606,-0.13563120,0.91148166,0.06387317,1.00745737,-1.26719450,-0.00512048,-0.19824695,-0.07040739,0.97760658,0.39882537,-0.14771907,3.12216210
31018168,31.00764083,0.29564010,0.46231241,0.71345324,-0.38889322,-0.13360660,0.91154346,0.07273111,1.08526670,-0.68180713,-0.00538125,-0.19851558,-0.06942523,0.97762098,0.39942984,-0.14553552,3.12309312
31051224,31.04069519,0.52639665,0.26592955,0.39782848,-0.38938827,-0.13156988,0.91162824,0.24119491,1.00705814,-0.98731184,-0.00561123,-0.19875402,-0.06843021,0.97764129,0.39996738,-0.14333433,3.12397098
31084308,31.07378005,-0.06688208,0.13323123,-0.03210873,-0.38981885,-0.12964689,0.91171960,0.20231885,0.96802577,-0.84580163,-0.00581563,-0.19896102,-0.06748798,0.97766351,0.40043497,-0.14125341,3.12477827
31117376,31.10684776,-0.09912405,-0.06728178,-0.18892190,-0.39043598,-0.12778475,0.91171836,0.03862935,1.07480621,-0.83945274,-0.00601093,-0.19926908,-0.06657738,0.97766199,0.40110526,-0.13925105,3.12553739
31150560,31.14003181,-0.17426645,-0.24407963,-0.24594488,-0.39103908,-0.12594240,0.91171636,0.04069727,1.01388192,-0.82284917,-0.00620403,-0.19957041,-0.06567655,0.97766027,0.40176038,-0.13726900,3.12629032
31183664,31.17313575,-0.32974731,-0.30056967,-0.43659873,-0.39164793,-0.12414480,0.91170139,0.08622801,0.97277755,-0.91463108,-0.00638366,-0.19987651,-0.06479620,0.97765522,0.40242204,-0.13533591,3.12700653
31216836,31.20630836,-0.98284683,-0.68041191,-0.77220826,-0.39255051,-0.12265466,0.91151504,0.17721849,0.87314300,-1.46278452,-0.00654117,-0.20034251,-0.06407261,0.97760658,0.40340309,-0.13375788,3.12758421
31249984,31.23945617,-2.64517307,-1.03267526,-0.96685905,-0.39362721,-0.12162814,0.91118812,0.17609792,0.71342496,-1.53716468,-0.00670160,-0.20090339,-0.06358982,0.97752189,0.40457410,-0.13269855,3.12805008
31283076,31.27254867,-4.12923574,-0.77087593,-1.28781318,-0.39413928,-0.12048920,0.91111831,0.16025257,0.61755948,-0.79710464,-0.00687859,-0.20116152,-0.06304668,0.97750291,0.40513114,-0.13148027,3.12862515
31316252,31.30572319,-3.76311635,-1.26889443,-1.81287755,-0.39432456,-0.11926727,0.91119899,0.18851402,0.54993133,-0.65192165,-0.00700636,-0.20124828,-0.06244730,0.97752265,0.40533270,-0.13015058,3.12914681
31349372,31.33884429,-4.36572122,-0.64737057,-2.08626794,-0.39544682,-0.11863566,0.91079444,-0.03594964,0.25388956,-0.38564796,-0.00709484,-0.20184035,-0.06215338,0.97741832,0.40655446,-0.12952588,3.12937569
31382500,31.37197113,-3.88182544,-0.72544407,-2.15514850,-0.39551069,-0.11742902,0.91092357,-0.18456743,0.36132550,0.35201592,-0.00718981,-0.20186467,-0.06155387,0.97745075,0.40662384,-0.12820498,3.12983822
31415708,31.40517997,-3.87836151,-1.70522665,-1.89001836,-0.39692876,-0.11821844,0.91020412,-0.34672358,0.05791570,-0.81352443,-0.00715225,-0.20262749,-0.06196715,0.97726707,0.40816836,-0.12915819,3.12946271
31448852,31.43832397,-4.36572122,-2.87206573,-1.09982383,-0.39707746,-0.12076113,0.90980520,0.07310286,-0.26864316,-0.52626032,-0.00698916,-0.20272574,-0.06324150,0.97716608,0.40833044,-0.13196157,3.12853670
31482016,31.47148895,-4.36572122,-1.70189580,-1.73560333,-0.39512667,-0.12226614,0.91045360,0.34043917,-0.40312447,1.08948540,-0.00680795,-0.20169978,-0.06395590,0.97733325,0.40620574,-0.13349281,3.12799310
31515192,31.50466346,-3.04779791,-1.63314857,-1.79369220,-0.39632131,-0.12368075,0.90974292,-0.53580760,-0.23374111,0.39885087,-0.00668146,-0.20235183,-0.06466994,0.97715234,0.40750665,-0.13512290,3.12730789
31548336,31.53780746,-3.34636902,-3.19341969,-0.95420217,-0.39555397,-0.12625296,0.90972356,0.21855201,-0.24630563,-0.44414739,-0.00646929,-0.20196554,-0.06593986,0.97714881,0.40667099,-0.13790084,3.12635731
31581496,31.57096862,-4.01345777,-1.76371517,-1.47380399,-0.39403162,-0.12849115,0.91007051,0.84300622,-0.65373539,-0.42252168,-0.00623407,-0.20117692,-0.06702528,0.97723903,0.40501413,-0.14026103,3.12550711
31614672,31.60414314,-4.36572122,-2.02844572,-2.30636596,-0.39295282,-0.13120553,0.91014995,0.70081415,-0.97890186,-0.65746440,-0.00591512,-0.20063428,-0.06834358,0.97726144,0.40384063,-0.14317179,3.12434124
31647824,31.63729667,-4.36572122,-2.22909188,-2.34140563,-0.39172072,-0.13386892,0.91029319,0.63732619,-1.08976387,-0.22669947,-0.00559568,-0.20001096,-0.06963436,0.97729997,0.40250105,-0.14601466,3.12320423
31681028,31.67049980,-4.36572122,-0.87199850,-2.93894786,-0.39045362,-0.13641972,0.91045875,0.86848096,-1.62822866,0.52972679,-0.00522467,-0.19937355,-0.07085683,0.97734432,0.40112438,-0.14872979,3.12199449
31714156,31.70362854,-3.93818206,-1.96049776,-2.74269819,-0.38920602,-0.13902330,0.91059932,0.22880563,-1.10658216,0.67314095,-0.00486228,-0.19874763,-0.07210897,0.97738218,0.39976957,-0.15150244,3.12079286
31747300,31.73677253,-1.96849164,-1.11221432,-1.61316385,-0.38822164,-0.14128970,0.91067037,0.05350485,-0.85407161,0.63351907,-0.00455487,-0.19825767,-0.07320213,0.97740182,0.39870123,-0.15392191,3.11975646
31780456,31.76992797,-0.24860949,-0.52719597,-0.22382848,-0.38751028,-0.14324475,0.91066808,0.16436574,-0.92731189,0.27683191,-0.00433234,-0.19790609,-0.07415553,0.97740230,0.39792933,-0.15601799,3.11893796
31813580,31.80305290,0.59167995,0.08793262,0.11151455,-0.38676052,-0.14498676,0.91071109,0.40678005,-0.66946640,-0.24860172,-0.00412029,-0.19753267,-0.07500124,0.97741422,0.39711627,-0.15787680,3.11819386
31846588,31.83605957,0.81737365,0.26806125,0.24194793,-0.38608625,-0.14670001,0.91072301,0.58506083,-0.66091718,-0.67048864,-0.00391422,-0.19719944,-0.07583436,0.97741813,0.39638517,-0.15970890,3.11746215
31879680,31.86915206,0.14868606,-0.11084840,0.07887290,-0.38519945,-0.14844551,0.91081542,0.93329515,-0.78734550,-1.04289555,-0.00371133,-0.19675339,-0.07668275,0.97744255,0.39542403,-0.16156039,3.11675357
31912736,31.90220832,-0.52359876,-0.04076876,-0.31522512,-0.38431510,-0.15033662,0.91087875,0.73026237,-0.78887233,-0.65208969,-0.00348473,-0.19631209,-0.07760159,0.97745952,0.39446597,-0.16357111,3.11596608
31945884,31.93535614,-0.56210260,-0.20117917,-0.35252985,-0.38339660,-0.15223406,0.91095085,0.67490053,-0.72105693,-0.60284543,-0.00325668,-0.19585342,-0.07852330,0.97747879,0.39347119,-0.16558539,3.11518001
31979056,31.96852874,-0.30829706,-0.08513477,-0.16134304,-0.38250387,-0.15408326,0.91101493,0.58465232,-0.80245971,-0.35022397,-0.00303917,-0.19540804,-0.07942286,0.97749576,0.39250488,-0.16754798,3.11442542
32012160,32.00163269,0.15215005,-0.04236753,0.08859878,-0.38161811,-0.15584037,0.91108818,0.53664741,-0.77238225,-0.27900810,-0.00283494,-0.19496521,-0.08027792,0.97751531,0.39154623,-0.16940915,3.11371946
32045172,32.03464508,0.82816543,0.71691727,0.36012401,-0.38084793,-0.15746778,0.91113052,0.35667800,-0.67578415,-0.00951922,-0.00263702,-0.19458311,-0.08106890,0.97752666,0.39071316,-0.17113628,3.11304378
32078220,32.06769180,2.05735683,1.40892028,1.09049773,-0.38029375,-0.15889621,0.91111402,0.18058671,-0.80594749,0.36403245,-0.00247453,-0.19431214,-0.08176683,0.97752285,0.39011387,-0.17266124,3.11246132
32111268,32.10073852,3.31505966,1.57412710,1.68404283,-0.37964715,-0.16001129,0.91118831,0.47730340,-1.01845550,0.18720036,-0.00234187,-0.19398736,-0.08230841,0.97754211,0.38941493,-0.17383484,3.11201953
32144284,32.13375473,3.97921752,2.45745015,1.83113012,-0.37916502,-0.16102411,0.91121063,0.36622557,-0.93858528,0.28288121,-0.00220366,-0.19375009,-0.08279799,0.97754812,0.38889384,-0.17490873,3.11157083
32177332,32.16680526,4.36558818,2.15315008,2.77534008,-0.37879137,-0.16198073,0.91119661,0.22278552,-1.20691573,0.61150846,-0.00214038,-0.19356399,-0.08327463,0.97754468,0.38849008,-0.17592925,3.11127591
32210420,32.19989013,4.36558818,2.09199690,3.26216697,-0.37828447,-0.16283404,0.91125497,0.32896807,-1.17920696,0.62194819,-0.00212036,-0.19330252,-0.08370527,0.97755966,0.38794245,-0.17682578,3.11110758
32243444,32.23291778,4.36558818,3.39006900,2.88672113,-0.37762551,-0.16342352,0.91142263,0.77386574,-1.15054130,0.59053044,-0.00207245,-0.19296049,-0.08399289,0.97760267,0.38723063,-0.17742060,3.11095738
32276444,32.26591491,4.36558818,3.30719923,3.03554058,-0.37736735,-0.16432703,0.91136713,0.15642008,-1.06931555,0.74170904,-0.00202371,-0.19283448,-0.08444633,0.97758855,0.38695192,-0.17839150,3.11069178
32309476,32.29894638,4.36558818,2.47796773,3.27708864,-0.37678346,-0.16508691,0.91147155,0.44123659,-1.05512797,0.52846984,-0.00200541,-0.19253137,-0.08482843,0.97761526,0.38632144,-0.17917888,3.11055755
32342560,32.33203125,4.36558818,2.48556208,2.40229249,-0.37625133,-0.16595543,0.91153326,0.60037240,-0.89483556,-0.10489268,-0.00191070,-0.19226348,-0.08525207,0.97763118,0.38574707,-0.18008935,3.11023807
32375604,32.36507415,4.36558818,2.33581018,1.51657114,-0.37626714,-0.16710820,0.91131639,0.62773199,-0.35632929,-1.28802537,-0.00174510,-0.19229581,-0.08581397,0.97757616,0.38576407,-0.18135537,3.10964870
32408644,32.39811706,4.36558818,2.28305053,0.66868758,-0.37847161,-0.16654174,0.91050682,0.39751458,0.25369997,-1.59849510,-0.00177285,-0.19346238,-0.08554993,0.97736902,0.38814463,-0.18091117,3.10956954
32441704,32.43117523,2.93894786,1.31126177,0.08393568,-0.38021636,-0.16486074,0.91008605,0.21639800,0.64703845,-1.72527160,-0.00190274,-0.19436663,-0.08472680,0.97726116,0.39003019,-0.17920522,3.10999774
32474784,32.46425628,0.82843189,1.17469978,-0.09752527,-0.38182914,-0.16338231,0.90967731,-0.08594429,0.93804054,-1.66016554,-0.00206338,-0.19520032,-0.08401310,0.97715625,0.39177460,-0.17771004,3.11046314
32507840,32.49731063,0.27885298,0.58635067,0.26739511,-0.38298358,-0.16162628,0.90950546,-0.25788555,1.05444860,-0.82527694,-0.00228655,-0.19578276,-0.08316430,0.97711172,0.39302408,-0.17587184,3.11117315
32540876,32.53034973,0.74436287,0.18425880,0.42420825,-0.38381578,-0.15964871,0.90950412,-0.05807874,1.03269553,-0.78450417,-0.00252088,-0.19619132,-0.08220044,0.97711095,0.39392507,-0.17376357,3.11199402
32573960,32.56343078,0.23128943,0.06781470,0.08953140,-0.38482918,-0.15788345,0.90938367,0.09381357,0.89128189,-1.21529197,-0.00273400,-0.19670067,-0.08134395,0.97707948,0.39502282,-0.17190234,3.11270618
32606972,32.59644317,-0.26579632,0.05116080,-0.13642878,-0.38559842,-0.15609169,0.90936717,-0.06777072,0.97908973,-0.68622264,-0.00293888,-0.19708086,-0.08046984,0.97707462,0.39585638,-0.16999207,3.11343669
32640060,32.62953186,-0.02757887,0.05142726,-0.29257581,-0.38641204,-0.15429246,0.90932922,-0.10382232,1.03564012,-0.73257136,-0.00312632,-0.19748668,-0.07958907,0.97706432,0.39673831,-0.16807641,3.11413002
32673220,32.66269302,-0.22715926,-0.12976722,-0.61539506,-0.38719472,-0.15255226,0.90928983,0.06883535,0.89962253,-0.96324491,-0.00329088,-0.19787883,-0.07873397,0.97705373,0.39758708,-0.16622275,3.11476850
32706312,32.69578552,-0.83296165,-0.78206739,-0.87053289,-0.38845281,-0.15137245,0.90895004,-0.10764093,0.85669469,-1.46217274,-0.00342668,-0.19853148,-0.07816701,0.97696628,0.39895202,-0.16502106,3.11517333
32739420,32.72889328,-2.99303989,-1.98168144,-0.64270753,-0.38991479,-0.15137076,0.90832443,-0.09177464,0.57007193,-2.20788502,-0.00355781,-0.19930179,-0.07820845,0.97680578,0.40053906,-0.16513086,3.11528396
32772608,32.76208114,-4.36572122,-1.36002457,-0.83682537,-0.38978557,-0.15016987,0.90857906,0.23060588,0.33058979,-0.53479976,-0.00377086,-0.19920770,-0.07763174,0.97687015,0.40039882,-0.16379910,3.11600375
32805724,32.79519653,-4.08300447,-2.11371374,-1.70469369,-0.38920059,-0.14903910,0.90901575,0.15897598,0.56407814,-0.12874233,-0.00389226,-0.19887824,-0.07706763,0.97698135,0.39976372,-0.16251065,3.11656832
32838844,32.82831573,-4.36572122,-2.81810712,-1.55507507,-0.39042215,-0.15008528,0.90831956,-0.00850362,0.08099349,-0.95836839,-0.00389409,-0.19953745,-0.07762021,0.97680320,0.40109019,-0.16375443,3.11620664
32871988,32.86146163,-4.36572122,-1.21307039,-1.80301837,-0.38857326,-0.15046749,0.90904865,0.52333889,0.10701045,1.09089040,-0.00380680,-0.19855938,-0.07777932,0.97699003,0.39908289,-0.16403466,3.11614084
32905072,32.89454269,-1.94877328,-1.33364474,-3.20381164,-0.38727588,-0.14955232,0.90975360,-0.04900342,0.29725740,1.01529526,-0.00368179,-0.19787062,-0.07726864,0.97717103,0.39767501,-0.16293053,3.11622786
32938192,32.92766571,-2.11984229,-2.29877185,-1.73760175,-0.38860750,-0.15000631,0.90911073,-0.66681241,0.07163719,-0.79582948,-0.00365164,-0.19858688,-0.07751055,0.97700672,0.39911980,-0.16352986,3.11592268
32971380,32.96085357,-3.76045155,-2.73577022,-0.89931087,-0.38696393,-0.15222364,0.90944309,0.45825300,-0.19592088,-0.51393527,-0.00345838,-0.19773989,-0.07859613,0.97709236,0.39733676,-0.16584379,3.11520957
33004476,32.99394989,-4.23528766,-0.46884069,-2.71471977,-0.38607344,-0.15493476,0.90936346,0.30306563,-0.46591482,-0.23529119,-0.00309048,-0.19731353,-0.07990923,0.97707319,0.39637134,-0.16875669,3.11395120
33037644,33.02711486,-4.36572122,-3.03713941,-1.77437362,-0.38649959,-0.15725320,0.90878438,-0.46555118,-0.65280537,-0.11801291,-0.00292411,-0.19757157,-0.08107509,0.97692556,0.39683332,-0.17134023,3.11304783
33070804,33.06027603,-4.35133218,-4.18079662,-1.38853597,-0.38439714,-0.15932923,0.90931434,1.11779558,-0.83749694,-0.08631635,-0.00272649,-0.19648171,-0.08208316,0.97706174,0.39455482,-0.17345821,3.11241960
33103932,33.09340286,-4.36572122,-3.48306417,-2.38803672,-0.38282890,-0.16193103,0.90951633,0.63722343,-1.17547130,0.06143093,-0.00241201,-0.19569196,-0.08334494,0.97711429,0.39285659,-0.17619456,3.11138057
33137096,33.12656784,-4.36572122,-3.63694643,-1.29500759,-0.38150277,-0.16457897,0.90959835,0.18374886,-0.90597763,0.31305789,-0.00218998,-0.19502510,-0.08465209,0.97713575,0.39142155,-0.17899930,3.11049747
33170208,33.15967941,-4.32948207,-2.97825126,-0.45178713,-0.37977337,-0.16680096,0.90991725,1.02625775,-1.01947832,-0.14624536,-0.00204812,-0.19413389,-0.08575171,0.97721767,0.38955135,-0.18130147,3.10992336
33203356,33.19282913,-3.93964767,-0.05782236,-1.47953295,-0.37834897,-0.16889050,0.91012525,0.77385673,-1.08501577,0.75808763,-0.00179803,-0.19341454,-0.08676507,0.97727136,0.38801207,-0.18348132,3.10912489
33236524,33.22599411,-0.90557279,-1.14472281,-0.59021444,-0.37670483,-0.17035073,0.91053514,0.05517164,-0.58697347,1.08800005,-0.00158590,-0.19257031,-0.08745939,0.97737665,0.38623652,-0.18495049,3.10857033
33269628,33.25910186,1.03907048,-1.58185458,-0.05715620,-0.37528893,-0.17178386,0.91085023,0.64677333,-0.64413409,-0.24312562,-0.00137124,-0.19184835,-0.08814195,0.97745742,0.38470854,-0.18640775,3.10799169
33302712,33.29218292,0.43233537,-0.79259262,-0.19731546,-0.37456650,-0.17363398,0.91079673,0.66094346,-0.68232302,-1.00942945,-0.00114445,-0.19150083,-0.08904463,0.97744407,0.38392925,-0.18837924,3.10721683
33335872,33.32534408,-0.69240279,0.02877795,-0.30216846,-0.37385418,-0.17563023,0.91070671,0.67756509,-0.66055145,-0.91314811,-0.00091979,-0.19116044,-0.09002356,0.97742137,0.38316116,-0.19051168,3.10641527
33368936,33.35840988,-0.70505971,0.22049770,-0.15561408,-0.37305188,-0.17756862,0.91065988,0.54419445,-0.74137668,-0.41407785,-0.00070540,-0.19077136,-0.09097403,0.97740955,0.38229619,-0.19257266,3.10565996
33401988,33.39146041,-0.19371822,0.63644561,-0.01745329,-0.37210164,-0.17928896,0.91071166,0.61843957,-0.79971494,-0.17755734,-0.00049322,-0.19030200,-0.09181118,0.97742290,0.38127222,-0.19438114,3.10497617
33435128,33.42459869,0.90144252,1.03014397,0.37677793,-0.37125434,-0.18083281,0.91075191,0.34879341,-0.71125702,0.17665046,-0.00029243,-0.18988521,-0.09256074,0.97743320,0.38035966,-0.19600414,3.10434222
33468168,33.45764160,2.29304289,1.69803214,1.01122510,-0.37040362,-0.18201847,0.91086235,0.35526690,-0.74791316,0.38698923,-0.00012015,-0.18946076,-0.09313103,0.97746162,0.37944355,-0.19723300,3.10384488
33501176,33.49064636,3.86090831,2.28504896,1.69723281,-0.36958241,-0.18283288,0.91103258,0.47944569,-0.95608310,0.61972913,0.00002074,-0.18904572,-0.09351616,0.97750501,0.37855968,-0.19805655,3.10348796
33534196,33.52366638,4.36558818,2.70406126,2.19178724,-0.36883411,-0.18352729,0.91119642,0.40203723,-1.06647264,0.93890123,0.00013086,-0.18866543,-0.09384609,0.97754697,0.37775442,-0.19875438,3.10321092
33567240,33.55671310,4.36558818,3.10775184,2.84528636,-0.36848969,-0.18441818,0.91115589,0.49690766,-1.48159742,0.56809215,0.00019587,-0.18849760,-0.09429025,0.97753658,0.37738392,-0.19970239,3.10293340
33600276,33.58974838,4.36558818,3.47080707,2.58282065,-0.36795969,-0.18515887,0.91121969,0.85697336,-1.15346419,0.07413185,0.00028172,-0.18823175,-0.09465106,0.97755289,0.37681388,-0.20046956,3.10266923
33633288,33.62276077,4.36558818,4.36558818,2.97185611,-0.36743662,-0.18573513,0.91131353,0.59277844,-1.01470434,0.68829584,0.00033584,-0.18796496,-0.09493314,0.97757682,0.37625145,-0.20105667,3.10250425
33666336,33.65580749,4.36558818,3.02874565,2.76601362,-0.36698837,-0.18657943,0.91132192,0.23979110,-0.95892829,0.65923471,0.00040629,-0.18774228,-0.09535131,0.97757902,0.37576940,-0.20194420,3.10224008
33699352,33.68882369,4.36558818,1.62382230,3.42004585,-0.36695384,-0.18760231,0.91112556,0.05591869,-1.00722193,0.23389399,0.00040041,-0.18773393,-0.09588055,0.97752876,0.37573239,-0.20306382,3.10204100
33732364,33.72183609,4.36558818,1.73720207,2.89071826,-0.36676428,-0.18863542,0.91098852,0.61871743,-0.68026108,-0.98178930,0.00044628,-0.18764842,-0.09640366,0.97749366,0.37552862,-0.20418117,3.10175418
33765384,33.75485610,4.36558818,2.90350837,1.27622210,-0.36598632,-0.18892057,0.91124229,0.74855470,0.15205533,-1.38902544,0.00059471,-0.18725278,-0.09651487,0.97755851,0.37469253,-0.20442593,3.10149240
33798416,33.78788757,4.01772117,1.88122510,0.69533386,-0.36778900,-0.18693322,0.91092662,0.08971282,0.58122034,-1.26224493,0.00042342,-0.18817299,-0.09553867,0.97747793,0.37663018,-0.20240221,3.10202646
33831468,33.82093811,1.61582851,1.14139211,0.78060178,-0.36960709,-0.18552587,0.91047801,0.08567154,0.87937355,-2.13679647,0.00021215,-0.18910438,-0.09487037,0.97736320,0.37858626,-0.20101552,3.10252118
33864520,33.85399246,0.12124042,0.62458801,0.80618219,-0.37058684,-0.18366122,0.91045780,0.04246184,1.04230380,-1.06377816,-0.00005946,-0.18958030,-0.09396954,0.97735805,0.37964084,-0.19905271,3.10334753
33897516,33.88698959,0.24141499,0.29817152,0.42407503,-0.37072424,-0.18170184,0.91079511,0.36144690,1.17755150,-0.80483808,-0.00027232,-0.18961364,-0.09300024,0.97744436,0.37978873,-0.19691287,3.10418295
33930560,33.92003250,0.00279786,-0.27139205,-0.21849923,-0.37133302,-0.17987270,0.91091003,0.27831544,0.97870082,-1.27565610,-0.00046122,-0.18990182,-0.09209859,0.97747364,0.38044433,-0.19495673,3.10488247
33963640,33.95311355,-0.94940576,-0.50907654,-0.50707812,-0.37175586,-0.17816557,0.91107349,0.19402149,0.98260889,-0.93817310,-0.00064136,-0.19009357,-0.09125658,0.97751541,0.38089969,-0.19311856,3.10556244
33996732,33.98620223,-1.48086524,-1.15711331,-0.71824960,-0.37256355,-0.17673413,0.91102209,0.04858893,0.96897048,-1.22230148,-0.00082294,-0.19049293,-0.09056127,0.97750205,0.38176992,-0.19161533,3.10613965
34029912,34.01938247,-3.03500771,-1.90787134,-0.66229248,-0.37388684,-0.17623350,0.91057662,0.03135756,0.63619446,-1.62395548,-0.00100408,-0.19117559,-0.09035176,0.97738790,0.38319644,-0.19117691,3.10645413
34063044,34.05251693,-4.36572122,-2.10531997,-0.67508268,-0.37535390,-0.17648236,0.90992507,0.26280508,0.31246871,-1.35011065,-0.00116472,-0.19194375,-0.09052684,0.97722120,0.38477854,-0.19157409,3.10654783
34096172,34.08564376,-4.36572122,-1.46341190,-1.28328334,-0.37398240,-0.17594312,0.91059370,0.29756639,0.34244704,0.12798053,-0.00121692,-0.19120409,-0.09024448,0.97739210,0.38329935,-0.19086600,3.10694026
34129340,34.11881256,-4.36572122,-2.19924807,-1.63687906,-0.37274549,-0.17517842,0.91124801,0.15301892,0.14514912,-0.20836710,-0.00127988,-0.19053344,-0.08984935,0.97755928,0.38196606,-0.18992311,3.10738492
34162480,34.15195083,-4.36572122,-2.57682538,-1.59837522,-0.37060043,-0.17668044,0.91183271,0.50121569,-0.15852463,0.00784498,-0.00109376,-0.18942357,-0.09056621,0.97770910,0.37965550,-0.19139240,3.10694718
34195616,34.18508911,-4.36572122,0.92515773,-2.84848384,-0.36902997,-0.17712344,0.91238384,0.27430341,0.01525821,0.94918842,-0.00088352,-0.18861253,-0.09073819,0.97785024,0.37796509,-0.19174752,3.10661649
34228740,34.21821212,-3.41245174,-0.21303675,-1.62662019,-0.37070190,-0.17761564,0.91160993,-0.92031373,-0.09338046,0.52637834,-0.00089658,-0.18950432,-0.09101162,0.97765235,0.37976467,-0.19242657,3.10633254
34261852,34.25132369,-2.79452514,-4.36572122,0.07833998,-0.37130954,-0.17918643,0.91105480,-0.18142482,-0.22511043,-0.63322277,-0.00093571,-0.18983823,-0.09183622,0.97751026,0.38041913,-0.19420137,3.10600256
34294960,34.28443145,-4.02251768,-0.56223583,-1.22173047,-0.36959414,-0.18088647,0.91141662,1.14522886,-0.53298068,-0.10721744,-0.00073683,-0.18896093,-0.09265771,0.97760305,0.37857220,-0.19592147,3.10544943
34328152,34.31762313,-4.36572122,0.44605817,-1.75798616,-0.37064621,-0.18309832,0.91054716,-0.64961743,-0.58692121,0.62167940,-0.00057048,-0.18955725,-0.09377851,0.97738075,0.37970476,-0.19843961,3.10450553
34361224,34.35069656,-2.83156375,-3.28494954,-0.47310414,-0.36880517,-0.18504963,0.91090002,0.46060204,-0.42530193,-0.07154459,-0.00040331,-0.18861364,-0.09473517,0.97747116,0.37772333,-0.20042285,3.10398507
34394380,34.38385009,-3.43003821,-1.45488510,-1.89188365,-0.36713690,-0.18709253,0.91115674,0.89741029,-0.72184300,-0.13234817,-0.00011548,-0.18777542,-0.09571807,0.97753686,0.37592914,-0.20252020,3.10318017
34427556,34.41702651,-3.39193391,-1.07850682,-1.62235689,-0.36584689,-0.18942243,0.91119394,0.19079807,-0.63894672,0.42596426,0.00016765,-0.18714171,-0.09685460,0.97754631,0.37454276,-0.20496449,3.10227894
34460660,34.45013046,-2.31902289,-1.77330780,-1.24664473,-0.36424305,-0.19137136,0.91142940,0.52146959,-0.60867743,0.07758427,0.00042347,-0.18633565,-0.09779680,0.97760648,0.37281994,-0.20696191,3.10155844
34493776,34.48324966,-2.20950698,-2.60547018,-1.17336750,-0.36281599,-0.19354091,0.91154041,0.56789407,-0.70709381,-0.32682366,0.00067550,-0.18562636,-0.09885601,0.97763471,0.37128810,-0.20921595,3.10077977
34526880,34.51635360,-2.74816060,-2.65170145,-0.98324651,-0.36168119,-0.19591672,0.91148414,0.58384919,-0.80115356,-0.68418922,0.00089969,-0.18507247,-0.10003052,0.97762022,0.37007057,-0.21172127,3.09997940
34559972,34.54944229,-3.20634317,-2.05242729,-0.61699390,-0.36049628,-0.19828035,0.91144218,0.62416815,-0.89156341,-0.46246757,0.00109242,-0.18448955,-0.10120470,0.97760925,0.36879997,-0.21420814,3.09925580
34593104,34.58257675,-2.89338283,-0.43180246,-0.69200301,-0.35922386,-0.20038344,0.91148481,0.65219259,-0.93560295,0.13563436,0.00130829,-0.18386051,-0.10223932,0.97761993,0.36743619,-0.21640043,3.09855389
34626200,34.61567306,-0.91010265,-0.84894943,-0.27991886,-0.35776984,-0.20202677,0.91169414,0.44907846,-0.77062945,0.48137230,0.00151332,-0.18312954,-0.10303674,0.97767314,0.36587855,-0.21807107,3.09799695
34659244,34.64871597,0.52479786,-0.57502603,-0.06688208,-0.35653481,-0.20357921,0.91183223,0.59481611,-0.63602042,-0.23849236,0.00173047,-0.18251563,-0.10378739,0.97770805,0.36455643,-0.21966133,3.09740591
34692264,34.68173599,0.79579019,0.22969064,0.11737672,-0.35568575,-0.20523478,0.91179294,0.58200411,-0.65560507,-0.53313088,0.00194470,-0.18210771,-0.10459599,0.97769765,0.36364769,-0.22139937,3.09674787
34725288,34.71475982,0.65323281,0.58595094,0.12683613,-0.35472693,-0.20681147,0.91181011,0.82176790,-0.67404789,-0.73822617,0.00215858,-0.18164121,-0.10536308,0.97770156,0.36262202,-0.22304055,3.09612369
34758308,34.74777984,0.58128790,0.61992497,-0.03064318,-0.35366127,-0.20833168,0.91187801,0.81044845,-0.65153160,-0.57301082,0.00238377,-0.18111917,-0.10609813,0.97771844,0.36148247,-0.22460947,3.09550476
34791288,34.78076171,1.00789439,1.99393882,-0.20144562,-0.35261116,-0.20961146,0.91199150,0.61335334,-0.60679478,0.02868235,0.00263701,-0.18060602,-0.10670398,0.97774677,0.36036002,-0.22591576,3.09487676
34824268,34.81373977,3.00689578,2.68567538,0.67987899,-0.35214006,-0.21086425,0.91188449,0.04501116,-0.86188964,0.77805690,0.00286082,-0.18039646,-0.10730698,0.97771873,0.35985672,-0.22724585,3.09423279
34857260,34.84673309,4.36558818,2.40295863,1.78543176,-0.35138335,-0.21164493,0.91199550,0.57062158,-1.12380433,0.56652011,0.00300740,-0.18002158,-0.10767724,0.97774677,0.35904834,-0.22803153,3.09388399
34890280,34.87975311,4.36558818,3.86064147,1.85857582,-0.35058732,-0.21211366,0.91219282,0.62890763,-1.04325747,1.06363725,0.00314874,-0.17962155,-0.10788669,0.97779664,0.35819826,-0.22847146,3.09361505
34923280,34.91275024,4.36558818,4.10671997,2.62811946,-0.35039556,-0.21302089,0.91205511,0.44683113,-1.67589511,0.84429254,0.00324071,-0.17954165,-0.10833790,0.97776117,0.35799348,-0.22944822,3.09327197
34956276,34.94574737,4.36558818,4.36558818,3.35822677,-0.35059618,-0.21400506,0.91174745,0.05054736,-1.19444215,0.63317441,0.00326627,-0.17966325,-0.10884486,0.97768239,0.35820772,-0.23054628,3.09299230
34989288,34.97875976,4.36558818,4.36558818,3.78803038,-0.34998509,-0.21439886,0.91189012,1.13196754,-1.52485895,1.08804893,0.00325084,-0.17934298,-0.10904607,0.97771902,0.35755524,-0.23092076,3.09303355
35022328,35.01179885,4.36558818,2.28384995,3.26416540,-0.34970154,-0.21534483,0.91177577,0.51400814,-1.38353216,0.03231597,0.00326910,-0.17920699,-0.10953023,0.97768964,0.35725259,-0.23193159,3.09284734
35055348,35.04481887,4.36558818,2.45678400,2.65316700,-0.34949061,-0.21635289,0.91161804,0.72351408,-0.63520960,-1.10595393,0.00333958,-0.17911619,-0.11003773,0.97764911,0.35702743,-0.23301742,3.09253144
35088336,35.07780838,4.36558818,2.84635210,1.29647314,-0.34870002,-0.21705362,0.91175422,0.68659067,-0.09935262,-0.98060188,0.00352800,-0.17872798,-0.11035913,0.97768325,0.35618371,-0.23371133,3.09212160
35121348,35.11082077,4.36558818,2.35139822,0.52213325,-0.35074565,-0.21537661,0.91136722,0.34561870,0.56840395,-1.74901366,0.00339743,-0.17977464,-0.10953273,0.97758474,0.35836730,-0.23206493,3.09242558
35154404,35.14387512,1.88082542,1.48193097,0.23875038,-0.35267620,-0.21407375,0.91092910,-0.04014605,0.91793117,-2.13016748,0.00323887,-0.18076282,-0.10890468,0.97747325,0.36042954,-0.23081760,3.09273123
35187416,35.17688751,0.36571977,0.87026643,0.78433227,-0.35425610,-0.21256878,0.91066827,-0.24755053,0.98966836,-1.31569755,0.00298238,-0.18155245,-0.10818718,0.97740736,0.36211850,-0.22931475,3.09333205
35220384,35.20985412,0.43913016,0.32668302,1.05319297,-0.35502097,-0.21059427,0.91082916,0.05375144,1.20253765,-0.95575103,0.00269928,-0.18190193,-0.10722413,0.97744932,0.36293659,-0.22721884,3.09420371
35253420,35.24289321,0.04663093,0.07540888,0.49588670,-0.35530996,-0.20868492,0.91115589,0.34407949,1.03656578,-1.02028679,0.00247479,-0.18200706,-0.10627976,0.97753353,0.36324570,-0.22514994,3.09501171
35286428,35.27590179,-0.21769986,-0.35319602,-0.19998008,-0.35554203,-0.20685777,0.91148204,0.32917485,1.02399647,-1.02500748,0.00229925,-0.18208890,-0.10536866,0.97761735,0.36349391,-0.22316648,3.09571123
35319500,35.30897140,-0.41941194,-0.40022664,-0.73317151,-0.35601696,-0.20509693,0.91169471,0.03668102,1.13942313,-0.72663612,0.00215148,-0.18230376,-0.10448927,0.97767210,0.36400210,-0.22127857,3.09630656
35352564,35.34203720,-0.59434456,-0.92182693,-0.67095255,-0.35721693,-0.20379285,0.91151771,-0.18526353,0.98186902,-1.34315824,0.00198770,-0.18290705,-0.10385643,0.97762718,0.36528654,-0.21995799,3.09674072
35385704,35.37517547,-2.86047458,-1.80928030,-0.37491273,-0.35876095,-0.20381643,0.91090574,0.04479611,0.66621875,-2.37867927,0.00181961,-0.18370832,-0.10391504,0.97747097,0.36694021,-0.22012572,3.09686374
35418792,35.40826416,-4.36572122,-2.01845335,-0.51320676,-0.36027359,-0.20461280,0.91012992,0.25187516,0.31301121,-1.57834291,0.00168461,-0.18450592,-0.10436756,0.97727279,0.36856122,-0.22114038,3.09676265
35451880,35.44135284,-4.36572122,-2.50128316,-0.76647930,-0.36018798,-0.20717010,0.90958518,0.27034423,0.14125213,-0.69547386,0.00180636,-0.18450386,-0.10566806,0.97713317,0.36846938,-0.22394299,3.09599494
35484988,35.47446060,-4.36572122,-2.54671525,-0.77367377,-0.35969784,-0.20983800,0.90916738,0.23543026,-0.35656824,-0.66429429,0.00195884,-0.18429249,-0.10701661,0.97702598,0.36794412,-0.22683036,3.09519958
35518124,35.50759506,-4.36572122,-1.68577480,-1.40892028,-0.35765485,-0.21056165,0.90980558,0.68797712,-0.12879381,1.09013342,0.00208076,-0.18323047,-0.10734829,0.97718896,0.36575555,-0.22743167,3.09509587
35551224,35.54069519,-3.74326491,-0.07860643,-2.04856348,-0.35803570,-0.20937588,0.90992965,-0.49816546,0.12124112,1.09000932,0.00199502,-0.18340871,-0.10675380,0.97722091,0.36616330,-0.22616450,3.09546089
35584320,35.57379150,-3.16743946,-2.60107350,0.00559571,-0.35931024,-0.21022653,0.90923080,-0.47809209,-0.07297659,-0.40947494,0.00186093,-0.18408071,-0.10723251,0.97704238,0.36752872,-0.22722072,3.09537553
35617404,35.60687637,-3.92779016,-2.73297238,-0.23595252,-0.35715494,-0.21144905,0.90979633,1.31662762,-0.26535761,-0.14807760,0.00193833,-0.18296033,-0.10782980,0.97718696,0.36522016,-0.22835948,3.09527707
35650500,35.63997268,-4.36572122,1.00536298,-2.12170743,-0.35667321,-0.21417036,0.90934858,-0.00807288,-0.46380815,0.27058303,0.00226268,-0.18277433,-0.10917482,0.97707166,0.36470448,-0.23130526,3.09412360
35683604,35.67307662,-3.40632319,-1.27235829,-1.70535984,-0.35494792,-0.21612553,0.90956096,0.33102214,-0.36761469,0.18907189,0.00254110,-0.18191504,-0.11011947,0.97712526,0.36285851,-0.23328890,3.09340691
35716716,35.70618820,-3.82706737,-2.80838127,-1.78463244,-0.35342028,-0.21856503,0.90957288,0.61025619,-0.63763613,-0.44985609,0.00281793,-0.18116755,-0.11131811,0.97712764,0.36122488,-0.23582303,3.09256911
35749808,35.73928070,-4.36572122,-0.16227564,-2.97825126,-0.35215332,-0.22108941,0.90945415,0.55283689,-0.88682069,0.11837787,0.00321347,-0.18057417,-0.11254211,0.97709598,0.35987091,-0.23847525,3.09143590
35782928,35.77239990,-3.16943788,-1.58478555,-1.77437362,-0.35046088,-0.22312922,0.90960998,0.16589057,-0.70802311,0.89361267,0.00350565,-0.17973816,-0.11353040,0.97713489,0.35806312,-0.24055223,3.09068059
35816052,35.80552291,-1.89121742,-1.90081005,-1.22412860,-0.34901084,-0.22517299,0.90966377,0.35999717,-0.72966098,0.22583432,0.00377394,-0.17902888,-0.11452810,0.97714767,0.35651545,-0.24265670,3.08994007
35849104,35.83857727,-1.76264929,-1.68457579,-1.03480708,-0.34804179,-0.22738707,0.90948448,0.37538554,-0.64419498,-0.39630084,0.00402281,-0.17857525,-0.11562283,0.97710084,0.35548157,-0.24499516,3.08913421
35882212,35.87168502,-2.08213782,-2.63677954,-0.31082847,-0.34702796,-0.22962925,0.90930852,0.53233070,-0.71714806,-0.79675965,0.00419237,-0.17808967,-0.11674677,0.97705507,0.35440030,-0.24736008,3.08849430
35915332,35.90480422,-3.04659867,-2.26319909,-0.24101531,-0.34590644,-0.23197133,0.90914115,0.74409980,-0.85250129,-0.92208061,0.00435034,-0.17754778,-0.11792417,0.97701158,0.35320477,-0.24982392,3.08787751
35948408,35.93788146,-3.55754065,-1.18096172,-0.33241195,-0.34455392,-0.23418612,0.90908699,0.80549144,-0.91693696,-0.26919441,0.00452412,-0.17688436,-0.11903090,0.97699689,0.35176362,-0.25212419,3.08729314
35981548,35.97101974,-2.28091883,-1.29367542,-0.19385146,-0.34299588,-0.23602004,0.90920190,0.67575955,-0.77887253,0.13596409,0.00470149,-0.17610782,-0.11993756,0.97702550,0.35010447,-0.25398433,3.08681297
36014692,36.00416564,-0.76314849,-2.66835522,0.04223430,-0.34112775,-0.23748543,0.90952291,0.41485824,-0.72467279,0.63661966,0.00486391,-0.17516070,-0.12065289,0.97710676,0.34811642,-0.25540738,3.08648872
36047740,36.03721237,-0.15628025,-0.57755737,-0.32415161,-0.34009017,-0.23929364,0.90943775,0.83545150,-0.66353840,-1.00318777,0.00509356,-0.17466687,-0.12154244,0.97708387,0.34701287,-0.25729074,3.08582901
36080856,36.07032775,-0.46750841,0.21969833,-0.44366002,-0.33917074,-0.24115781,0.90928859,0.62725667,-0.47075624,-0.77891755,0.00533721,-0.17423872,-0.12246010,0.97704439,0.34603533,-0.25924742,3.08511257
36113932,36.10340499,0.28231701,1.12114083,-0.10511945,-0.33834993,-0.24285211,0.90914344,0.48629913,-0.67926702,-0.22164344,0.00557405,-0.17385996,-0.12329195,0.97700586,0.34516298,-0.26102735,3.08442902
36146948,36.13642120,1.43330168,1.75518836,0.18932159,-0.33739006,-0.24417295,0.90914630,0.53929433,-0.77609071,0.16018962,0.00581108,-0.17340253,-0.12392853,0.97700519,0.34414312,-0.26238214,3.08384227
36179932,36.16940307,3.30213618,1.09516084,0.63990969,-0.33656537,-0.24532632,0.90914144,0.52748336,-0.93191976,0.01248938,0.00603043,-0.17301219,-0.12448260,0.97700271,0.34326717,-0.26356637,3.08330345
36212896,36.20236968,3.73340582,1.84778413,0.43899693,-0.33567140,-0.24629702,0.90920944,0.92160892,-0.82450380,-0.50491261,0.00628206,-0.17258686,-0.12493553,0.97701845,0.34231796,-0.26454248,3.08274650
36245928,36.23540115,4.11751127,4.33014869,0.70612554,-0.33510563,-0.24713180,0.90919218,0.33119938,-0.68914747,0.43651094,0.00654338,-0.17233437,-0.12531901,0.97701244,0.34171733,-0.26540246,3.08214282
36278964,36.26843643,4.36558818,3.76884531,2.22456192,-0.33456516,-0.24787993,0.90918722,0.55380344,-1.34269618,0.88036355,0.00667328,-0.17207731,-0.12568101,0.97701025,0.34114384,-0.26616990,3.08182120
36311956,36.30142974,4.36558818,4.36558818,2.10412096,-0.33388545,-0.24839637,0.90929613,0.68056511,-1.20692586,1.09064281,0.00681456,-0.17174456,-0.12591928,0.97703714,0.34042260,-0.26666808,3.08154463
36344992,36.33446502,4.36558818,4.36558818,2.73164010,-0.33375978,-0.24930438,0.90909357,0.40919923,-1.64693584,0.80379705,0.00690473,-0.17170430,-0.12637519,0.97698459,0.34028935,-0.26765394,3.08120536
36378044,36.36751556,4.36558818,4.36558818,3.77857112,-0.33323576,-0.24982247,0.90914354,0.83030605,-1.50945482,1.09079551,0.00690660,-0.17143601,-0.12664026,0.97699737,0.33973355,-0.26816985,3.08118867
36411096,36.40056610,4.36558818,3.62655425,3.35769367,-0.33291645,-0.25063977,0.90903558,0.64126605,-1.74936017,0.72109136,0.00693757,-0.17128444,-0.12705779,0.97696952,0.33939490,-0.26903595,3.08102083
36444116,36.43358612,4.36558818,2.26546406,2.88845329,-0.33284637,-0.25166797,0.90877714,0.74886202,-1.34159374,-1.05330848,0.00697768,-0.17126922,-0.12758575,0.97690315,0.33932054,-0.27015995,3.08075213
36477144,36.46661758,4.36558818,2.56057119,1.64234151,-0.33316655,-0.25281548,0.90834121,0.74014897,-0.40782904,-2.04188609,0.00710551,-0.17147373,-0.12816393,0.97679061,0.33966012,-0.27145621,3.08021497
36510228,36.49969863,3.60790205,1.68057880,0.64403982,-0.33519611,-0.25279455,0.90760021,0.17919025,0.43760900,-2.78601813,0.00705990,-0.17254019,-0.12817836,0.97660131,0.34181346,-0.27164578,3.07996964
36543220,36.53269195,0.01598775,1.15205061,0.45778255,-0.33709156,-0.25177690,0.90718097,-0.07135570,1.05158162,-2.21553063,0.00683899,-0.17349709,-0.12770349,0.97649555,0.34382603,-0.27072393,3.08030033
36576220,36.56569290,-0.71172132,0.84988203,0.86573657,-0.33824000,-0.25011980,0.90721187,-0.27333226,1.26135027,-0.76927242,0.00655282,-0.17404055,-0.12690092,0.97650547,0.34504609,-0.26901843,3.08101797
36609260,36.59873199,-0.40768756,-0.51853599,1.25197398,-0.33903717,-0.24836893,0.90739545,0.19279694,1.03450179,-1.29142856,0.00623092,-0.17439272,-0.12605320,0.97655458,0.34589328,-0.26717238,3.08188796
36642360,36.63183212,-1.19601678,-0.71971516,0.55384225,-0.33894281,-0.24675905,0.90786981,0.50666742,1.06340944,-1.16226434,0.00600528,-0.17428845,-0.12525413,0.97667741,0.34579300,-0.26538882,3.08268237
36675440,36.66491317,-2.39043498,-1.48699378,-0.07780705,-0.33981087,-0.24558272,0.90786418,0.29610969,0.91526041,-1.66738567,0.00575407,-0.17469732,-0.12469433,0.97667751,0.34671583,-0.26418347,3.08328461
36708504,36.69797515,-4.36572122,-1.97568597,-0.08993109,-0.34137308,-0.24603812,0.90715446,0.20270121,0.45404596,-1.62736940,0.00553356,-0.17550299,-0.12498544,0.97649707,0.34837741,-0.26484825,3.08338761
36741644,36.73111724,-4.36572122,-2.83702611,-0.08113782,-0.33960418,-0.24574251,0.90789813,0.50220184,0.37220735,-0.43768334,0.00543985,-0.17455028,-0.12483181,0.97668800,0.34649610,-0.26433796,3.08393073
36774720,36.76419067,-4.36572122,-2.95959873,-1.00722813,-0.33735778,-0.24655239,0.90851602,0.73164486,0.20993130,-0.67121133,0.00554197,-0.17338751,-0.12521456,0.97684555,0.34410877,-0.26499691,3.08393383
36807828,36.79729843,-4.36572122,-1.38960194,-1.91626491,-0.33528254,-0.24780371,0.90894374,0.97834892,-0.21679589,0.20751130,0.00577523,-0.17233960,-0.12580591,0.97695369,0.34190511,-0.26615982,3.08355569
36840984,36.83045578,-4.36572122,0.13403062,-3.69330310,-0.33335537,-0.24900629,0.90932407,0.59434170,-0.33009529,0.97519741,0.00616554,-0.17139030,-0.12634624,0.97704868,0.33986024,-0.26728436,3.08284330
36874020,36.86349105,-4.36572122,0.59820833,-3.21233844,-0.33488397,-0.25053045,0.90834293,-0.69465703,-0.37544610,0.53941097,0.00633411,-0.17224388,-0.12712393,0.97679643,0.34148211,-0.26911950,3.08194851
36907088,36.89656066,-4.36572122,-3.77404141,-1.30233538,-0.33449664,-0.25310027,0.90777311,-0.11301312,-0.42976102,0.01800817,0.00647382,-0.17209835,-0.12843501,0.97664966,0.34107115,-0.27190904,3.08122873
36940244,36.92971420,-4.36572122,-3.39473199,-1.39319896,-0.33234105,-0.25505366,0.90801811,1.13043677,-0.64899911,-0.21905326,0.00669132,-0.17101924,-0.12939600,0.97671089,0.33878469,-0.27383427,3.08077073
36973360,36.96283340,-4.36572122,-0.99776878,-2.67515015,-0.33219680,-0.25774288,0.90731134,-0.19465866,-1.03156375,0.05704415,0.00698986,-0.17102663,-0.13074483,0.97652797,0.33863172,-0.27678184,3.07966518
37006500,36.99597167,-4.31749153,-3.64933681,-0.64670443,-0.33088331,-0.26030220,0.90706081,0.09406692,-0.76557674,0.32658176,0.00714148,-0.17039527,-0.13204214,0.97646274,0.33723950,-0.27946326,3.07908797
37039640,37.02911376,-4.26100158,-4.36572122,0.15481469,-0.32941195,-0.26278784,0.90687932,0.71149206,-1.04360866,-0.68935008,0.00722076,-0.16967015,-0.13331288,0.97641563,0.33568072,-0.28204669,3.07870411
37072704,37.06217575,-4.36572122,-2.42121124,-0.06515007,-0.32792992,-0.26515240,0.90672807,1.04692411,-1.15672254,-0.58983354,0.00734798,-0.16894450,-0.13451253,0.97637596,0.33411154,-0.28449533,3.07825088
37105852,37.09532546,-4.36572122,-1.53522348,-0.32335221,-0.32637026,-0.26737663,0.90663757,0.74922180,-1.10689091,0.34653627,0.00750869,-0.16818077,-0.13563301,0.97635154,0.33246107,-0.28678071,3.07777309
37139000,37.12847137,-2.92735671,-1.74652824,-0.21370291,-0.32446260,-0.26894881,0.90685758,0.75805635,-0.73837542,0.56384558,0.00766643,-0.16722240,-0.13641080,0.97640666,0.33044352,-0.28830921,3.07749009
37172064,37.16153717,0.92462482,-0.25540428,0.41061868,-0.32281999,-0.26986443,0.90717153,1.16266369,-0.71060428,0.05059213,0.00784425,-0.16639615,-0.13684477,0.97648563,0.32870755,-0.28914227,3.07724499
37205140,37.19461059,0.28031852,-0.19851453,-0.60806741,-0.32152726,-0.27142615,0.90716466,0.77391982,-0.55694298,-0.58709630,0.00811267,-0.16577881,-0.13760437,0.97648162,0.32734203,-0.29072521,3.07663249
37238240,37.22771072,0.54025268,-0.20237824,-0.65882849,-0.32051241,-0.27312502,0.90701408,0.54829559,-0.47492184,-0.62918205,0.00838382,-0.16531144,-0.13843804,0.97644081,0.32627038,-0.29248903,3.07594108
37271328,37.26079940,0.22116384,0.51680397,-0.26513016,-0.31997432,-0.27496838,0.90664682,0.57681026,-0.72576403,-0.93203744,0.00861037,-0.16509239,-0.13935924,0.97634487,0.32570245,-0.29446377,3.07522988
37304336,37.29380798,0.43406739,0.92782230,-0.01318989,-0.31919322,-0.27665672,0.90640869,0.54624404,-0.74482765,-0.39639890,0.00883781,-0.16474306,-0.14019763,0.97628183,0.32487807,-0.29624161,3.07459068
37337376,37.32684707,1.51936912,1.61915931,0.04902909,-0.31821579,-0.27798533,0.90634555,0.55112595,-0.65951466,-0.07480264,0.00909106,-0.16428797,-0.14084224,0.97626323,0.32384700,-0.29760136,3.07400250
37370440,37.35991287,3.13133382,2.46757578,0.39369831,-0.31743259,-0.27907147,0.90628652,0.32133884,-0.75852622,0.39010019,0.00934827,-0.16393184,-0.14136118,0.97624578,0.32302088,-0.29871473,3.07341694
37403472,37.39294433,4.36558818,2.63398170,1.44515933,-0.31688308,-0.28000097,0.90619239,0.45360183,-1.15701079,0.37212789,0.00953178,-0.16368572,-0.14181258,0.97621994,0.32244138,-0.29968056,3.07296943
37436468,37.42594146,4.36558818,3.29201054,1.69669971,-0.31602027,-0.28056368,0.90631942,0.76963353,-1.01631128,0.55168838,0.00970518,-0.16326642,-0.14207141,0.97625074,0.32153196,-0.30020766,3.07266831
37469512,37.45898437,4.36558818,3.73407196,2.09159708,-0.31562330,-0.28142688,0.90619010,0.38617994,-1.31549692,0.77276492,0.00984831,-0.16309399,-0.14249634,0.97621622,0.32111356,-0.30111696,3.07228875
37502584,37.49205780,4.36558818,2.58961558,2.27359127,-0.31488676,-0.28216503,0.90621690,0.75604887,-1.08087205,0.16873425,0.00996519,-0.16273654,-0.14285768,0.97622184,0.32033731,-0.30185127,3.07204890
37535612,37.52508544,4.36558818,4.16387605,2.85021591,-0.31454060,-0.28295269,0.90609159,0.35457966,-1.22998678,0.83170137,0.01005052,-0.16258131,-0.14325333,0.97618885,0.31997265,-0.30268285,3.07179307
37568640,37.55811309,4.36558818,3.10015773,2.84035682,-0.31393530,-0.28367755,0.90607442,0.52096652,-1.14161539,0.59856424,0.01012518,-0.16228687,-0.14361600,0.97618370,0.31933517,-0.30341699,3.07161879
37601672,37.59114456,4.36558818,2.08919906,2.66609025,-0.31342206,-0.28456890,0.90597295,0.34882245,-1.01206195,0.32205438,0.01019538,-0.16204345,-0.14406735,0.97615699,0.31879453,-0.30434474,3.07140660
37634720,37.62419128,4.36558818,2.52752971,2.42081165,-0.31311345,-0.28553557,0.90577545,0.44177556,-0.71006989,-0.35035550,0.01028587,-0.16191244,-0.14455649,0.97610549,0.31846961,-0.30537805,3.07110142
37667744,37.65721511,4.36558818,2.32821583,1.69576730,-0.31328244,-0.28664205,0.90536746,0.39506955,-0.31125833,-1.04110956,0.01040333,-0.16203993,-0.14511814,0.97599973,0.31864752,-0.30661842,3.07062649
37700768,37.69023895,4.36558818,1.39466452,1.21200466,-0.31512408,-0.28681378,0.90467367,0.22357134,0.32856183,-1.98157787,0.01033711,-0.16300434,-0.14523325,0.97582263,0.32058742,-0.30701162,3.07038593
37733848,37.72332000,2.22029852,0.61459569,0.79232616,-0.31707882,-0.28643465,0.90411043,0.34051632,0.83037996,-2.83916902,0.01017500,-0.16400414,-0.14507685,0.97568006,0.32264785,-0.30681004,3.07042169
37766852,37.75632476,-0.31335988,1.15005207,0.47177181,-0.31822202,-0.28479946,0.90422544,0.11412045,1.22840297,-1.43864927,0.00994177,-0.16454169,-0.14426789,0.97571191,0.32385349,-0.30512907,3.07099008
37799852,37.78932571,-0.69240279,0.00692802,0.57515926,-0.31891293,-0.28314695,0.90450115,0.24371762,1.21307861,-1.36470627,0.00969441,-0.16483865,-0.14344905,0.97578516,0.32458231,-0.30337862,3.07167673
37832852,37.82232284,-1.46514391,-0.58288664,0.26020061,-0.31928634,-0.28165488,0.90483531,0.40131759,1.04093217,-1.43339967,0.00947228,-0.16497530,-0.14270788,0.97587289,0.32497630,-0.30177080,3.07234144
37865964,37.85543441,-3.44602608,-1.33764159,-0.23941655,-0.32065179,-0.28145070,0.90441589,0.41244869,0.84810104,-2.24816584,0.00924873,-0.16565956,-0.14264994,0.97576761,0.32641754,-0.30169653,3.07258510
37899068,37.88853836,-4.36572122,-1.72587752,-0.28284990,-0.32170004,-0.28336319,0.90344543,0.26139731,0.22330460,-1.62878727,0.00918913,-0.16623988,-0.14367115,0.97551937,0.32752454,-0.30392971,3.07215237
37932184,37.92165756,-4.36572122,-1.17203521,-0.33854057,-0.31969833,-0.28436338,0.90384149,0.70812606,-0.06378114,0.06442022,0.00929605,-0.16521730,-0.14416048,0.97561988,0.32541122,-0.30481181,3.07211923
37965320,37.95479202,-4.36572122,-1.02188360,-1.70749163,-0.31823992,-0.28403677,0.90445890,0.53235125,0.49228873,0.78792386,0.00936487,-0.16445160,-0.14396553,0.97577743,0.32387235,-0.30428771,3.07231140
37998400,37.98787307,-4.36572122,-1.61582851,-1.62288975,-0.31914484,-0.28596946,0.90353059,-0.08124578,-0.08317116,-0.85592317,0.00942197,-0.16497379,-0.14497661,0.97553901,0.32482707,-0.30652685,3.07166409
38031564,38.02103424,-4.36572122,-0.65989437,-1.37188196,-0.31716239,-0.28703608,0.90389051,0.56252374,-0.33918461,0.89371690,0.00962616,-0.16397791,-0.14548513,0.97562932,0.32273592,-0.30748460,3.07141923
38064688,38.05416107,-4.36572122,-1.08530163,-2.35392951,-0.31820724,-0.28886237,0.90294103,-0.45913653,-0.36470208,0.16273278,0.00973202,-0.16457985,-0.14643397,0.97538490,0.32383785,-0.30962383,3.07066440
38097796,38.08726882,-4.36572122,-2.50861096,-0.53865389,-0.31779325,-0.29140985,0.90226783,-0.04939425,-0.55502567,-0.03361547,0.00983028,-0.16442492,-0.14775114,0.97521133,0.32340123,-0.31239914,3.07006573
38130968,38.12044143,-4.36572122,-0.77727103,-1.36735224,-0.31601378,-0.29334759,0.90226497,0.99448060,-0.82652549,0.27351629,0.01008877,-0.16356224,-0.14871048,0.97520799,0.32152509,-0.31434364,3.06951570
38164092,38.15356445,-4.36572122,0.08633384,-1.92359256,-0.31539211,-0.29598021,0.90162248,-0.30618991,-0.75187134,1.09831643,0.01037941,-0.16333006,-0.15003979,0.97504024,0.32086987,-0.31719126,3.06855034
38197164,38.18663787,-1.99686985,-2.08879947,-0.56530017,-0.31344475,-0.29751300,0.90179738,0.20699944,-0.39926433,0.45123000,0.01058873,-0.16236476,-0.15079463,0.97508287,0.31881842,-0.31866743,3.06821513
38230240,38.21971130,-2.34260487,-1.90853748,-1.15245020,-0.31201589,-0.29962468,0.90159339,0.70166435,-0.49309992,-0.77634930,0.01084452,-0.16169254,-0.15185092,0.97502765,0.31731419,-0.32084541,3.06757974
38263344,38.25281524,-3.42817306,-0.38690349,-1.52203369,-0.31109406,-0.30204124,0.90110511,0.38189485,-0.70650367,-0.29026532,0.01112307,-0.16129833,-0.15306861,0.97489929,0.31634421,-0.32342038,3.06674504
38296436,38.28590774,-3.19715023,-1.25117444,-1.11554515,-0.30978360,-0.30428724,0.90080127,0.52145347,-0.78189439,-0.15275436,0.01137161,-0.16069174,-0.15419925,0.97481851,0.31496553,-0.32576177,3.06608223
38329552,38.31902313,-3.12747025,-1.40105972,-1.14565539,-0.30839025,-0.30649175,0.90053195,0.66825351,-0.81020746,-0.30946750,0.01162375,-0.16004199,-0.15530765,0.97474651,0.31350040,-0.32804789,3.06543898
38362684,38.35215759,-2.88485603,-1.65726337,-1.11234760,-0.30695750,-0.30865430,0.90028295,0.63557076,-0.80853319,-0.25331025,0.01187296,-0.15937094,-0.15639491,0.97467966,0.31199457,-0.33028328,3.06482028
38395784,38.38525772,-2.39243340,-1.44529247,-0.84108877,-0.30579090,-0.31082634,0.89993247,0.46350574,-0.76143927,-0.28323328,0.01209923,-0.15883755,-0.15749375,0.97458696,0.31076910,-0.33256068,3.06419634
38428916,38.41838836,-1.94317760,-0.90304136,-0.47297091,-0.30467483,-0.31288602,0.89959735,0.52147173,-0.69663548,-0.38958764,0.01231047,-0.15832667,-0.15853690,0.97449836,0.30959703,-0.33471963,3.06361579
38462036,38.45150756,-1.40492343,-0.57689132,-0.19358499,-0.30350713,-0.31478884,0.89932804,0.52909307,-0.61318969,-0.33926939,0.01251506,-0.15778479,-0.15949866,0.97442665,0.30837132,-0.33669865,3.06308984
38495132,38.48460388,-0.56077032,-0.47043952,-0.01052527,-0.30229806,-0.31651077,0.89913091,0.59624338,-0.60170211,-0.39009766,0.01271985,-0.15721781,-0.16036522,0.97437343,0.30710268,-0.33847198,3.06260657
38528208,38.51768112,0.15055130,0.38730320,-0.09379480,-0.30116031,-0.31808769,0.89895629,0.64149236,-0.57449045,-0.42434692,0.01295542,-0.15669089,-0.16115131,0.97432556,0.30590927,-0.34009261,3.06207346
38561232,38.55070495,1.24411332,1.30979633,0.01838591,-0.30006849,-0.31940901,0.89885272,0.51320323,-0.59318866,-0.04973167,0.01321209,-0.15618667,-0.16179993,0.97429552,0.30476453,-0.34143459,3.06153488
38594276,38.58374786,2.74802756,1.74013328,0.42500762,-0.29911745,-0.32051038,0.89877786,0.37724244,-0.69950914,0.24477684,0.01345937,-0.15575065,-0.16233529,0.97427291,0.30376765,-0.34254851,3.06102705
38627236,38.61670684,4.36558818,1.99607038,1.04479932,-0.29830457,-0.32136936,0.89874134,0.53609752,-0.97867946,0.22088761,0.01367770,-0.15537765,-0.16274852,0.97426052,0.30291585,-0.34340903,3.06059408
38660204,38.64967727,4.36558818,3.14878726,1.23438739,-0.29746845,-0.32204818,0.89877557,0.67368912,-1.01242446,0.43838262,0.01390110,-0.15498949,-0.16306588,0.97426614,0.30203998,-0.34406650,3.06018805
38693232,38.68270492,4.36558818,3.53555750,1.68750677,-0.29706489,-0.32294776,0.89858598,0.50604925,-1.32353663,0.42148237,0.01408063,-0.15482701,-0.16350995,0.97421483,0.30161738,-0.34502034,3.05974388
38726264,38.71573638,4.36558818,3.70862483,2.45971536,-0.29661822,-0.32374236,0.89844760,0.36571002,-1.21800565,0.76927704,0.01420198,-0.15462984,-0.16390763,0.97417755,0.30114960,-0.34585237,3.05944705
38759252,38.74872589,4.36558818,3.88808727,3.00263237,-0.29597539,-0.32430794,0.89845571,0.69270391,-1.42080926,1.04465949,0.01428617,-0.15431804,-0.16418896,0.97417850,0.30047652,-0.34640650,3.05930805
38792244,38.78171539,4.36558818,3.32078886,2.77387452,-0.29545869,-0.32507002,0.89835023,0.62724580,-1.50574054,0.70223569,0.01437617,-0.15407822,-0.16457419,0.97415008,0.29993570,-0.34719431,3.05909657
38825244,38.81471633,4.36558818,2.22296309,2.53272581,-0.29480948,-0.32587823,0.89827089,0.64417467,-1.16948306,0.16667050,0.01446883,-0.15377013,-0.16498260,0.97412834,0.29925613,-0.34801790,3.05889964
38858292,38.84776306,4.36558818,2.31515908,1.61436295,-0.29423200,-0.32679529,0.89812679,0.69535503,-0.75596837,-0.56902527,0.01463624,-0.15351514,-0.16543743,0.97408885,0.29865193,-0.34897131,3.05851554
38891312,38.88078308,4.36558818,2.71711778,0.60180549,-0.29357590,-0.32772147,0.89800434,0.58141765,-0.22281563,-0.81768207,0.01489941,-0.15323542,-0.16588169,0.97405347,0.29796547,-0.34992563,3.05795025
38924336,38.91380691,4.36558818,1.85018234,0.27898621,-0.29553179,-0.32779674,0.89733524,0.16345172,0.43570690,-1.89660282,0.01487729,-0.15426363,-0.16593730,0.97388210,0.30001213,-0.35023977,3.05757164
38957348,38.94681930,2.68327736,1.03360795,0.20957274,-0.29759659,-0.32732062,0.89682626,0.01659075,0.80730113,-2.38999032,0.01474559,-0.15531850,-0.16571962,0.97375335,0.30217421,-0.34995422,3.05749177
38990392,38.97986221,0.24647779,1.08516847,0.30922973,-0.29916408,-0.32590093,0.89682159,-0.09439060,1.19382083,-1.57016134,0.01451820,-0.15607383,-0.16501529,0.97375555,0.30381658,-0.34855823,3.05788207
39023424,39.01289749,-0.00293109,0.58248701,0.35932464,-0.29987737,-0.32414779,0.89721851,0.03962347,1.33000719,-0.85937671,0.01431410,-0.15637558,-0.16412569,0.97386045,0.30456421,-0.34668889,3.05846524
39056408,39.04587936,0.04036906,-0.17386675,0.13136600,-0.30073742,-0.32251148,0.89752063,0.15571790,1.11743330,-1.32940530,0.01410394,-0.15675680,-0.16330027,0.97394113,0.30546579,-0.34496765,3.05901050
39089392,39.07886505,-1.42850532,-0.39289892,-0.16813781,-0.30137729,-0.32108402,0.89781742,0.22935581,1.07669925,-1.28966307,0.01390754,-0.15702938,-0.16258197,0.97402009,0.30613687,-0.34345350,3.05953693
39122528,39.11199951,-1.94903964,-0.90330781,-0.61352987,-0.30198743,-0.31973595,0.89809360,0.10569838,1.11123991,-1.10805451,0.01372629,-0.15729088,-0.16190328,0.97409353,0.30677678,-0.34202444,3.06002497
39155600,39.14507293,-3.63468146,-1.80714855,-0.61659412,-0.30356655,-0.31998314,0.89747285,-0.05165806,0.72940692,-1.88673067,0.01351823,-0.15809469,-0.16207864,0.97393712,0.30843372,-0.34248735,3.06008076
39188760,39.17823028,-4.36572122,-2.49635362,-0.32361867,-0.30482044,-0.32137932,0.89654865,0.09095326,0.31625237,-1.45807209,0.01336501,-0.15876183,-0.16285045,0.97370204,0.30974996,-0.34419407,3.05988144
39221880,39.21135330,-4.36572122,-1.71761713,-0.60939970,-0.30319919,-0.32113065,0.89718751,0.38425388,0.28206815,0.23196287,0.01336788,-0.15790122,-0.16270668,0.97386608,0.30804810,-0.34372220,3.06025838
39254940,39.24441146,-4.36572122,-2.13303208,-1.33937358,-0.30231633,-0.32026112,0.89779567,0.11432806,0.27875721,-0.04110622,0.01330646,-0.15740610,-0.16225085,0.97402296,0.30712187,-0.34264829,3.06072449
39288088,39.27756118,-4.36572122,-1.93012094,-0.93208580,-0.30039057,-0.32038230,0.89839868,0.25668940,-0.02287942,0.75907201,0.01338266,-0.15640606,-0.16228885,0.97417659,0.30510220,-0.34255554,3.06094455
39321212,39.31068420,-4.36572122,-1.75145778,-1.09329557,-0.29844274,-0.32057251,0.89898004,0.07944861,-0.04099974,0.36518013,0.01348366,-0.15540057,-0.16235957,0.97432441,0.30306072,-0.34253871,3.06110525
39354296,39.34376907,-4.36572122,-2.13689589,-0.46777491,-0.29872047,-0.32284517,0.89807405,-0.10752953,-0.26895170,-0.15198028,0.01349849,-0.15559935,-0.16355977,0.97409172,0.30335168,-0.34510059,3.06061363
39387464,39.37693786,-4.36572122,-2.42107820,-0.31429247,-0.29656929,-0.32438435,0.89823188,1.02825880,-0.41633830,0.01192433,0.01364189,-0.15452399,-0.16433551,0.97413024,0.30109844,-0.34656133,3.06049370
39420568,39.41004180,-4.36572122,0.86866769,-2.34020662,-0.29483425,-0.32611393,0.89817733,0.04922879,-0.58453059,1.09596323,0.01401032,-0.15371074,-0.16517975,0.97411108,0.29928205,-0.34828319,3.05979442
39453624,39.44309616,-2.06468439,-1.08530163,-0.41181774,-0.29490246,-0.32464969,0.89868526,-0.36916003,-0.19756710,1.10125374,0.01384528,-0.15368622,-0.16443216,0.97424373,0.29935340,-0.34666137,3.06037616
39486752,39.47622299,-1.21506893,-2.53126025,-0.27752068,-0.29282097,-0.32591607,0.89890775,0.61606316,-0.14258978,-0.39182763,0.01403620,-0.15265069,-0.16505768,0.97429819,0.29717576,-0.34782803,3.06019568
39519892,39.50936508,-2.03977036,-0.46724195,-0.93128643,-0.29207792,-0.32808492,0.89836015,0.17537870,-0.31180765,-0.24528396,0.01426660,-0.15234707,-0.16616361,0.97415428,0.29639878,-0.35015511,3.05949997
39552980,39.54245376,-2.24747776,-0.69653291,-0.47776722,-0.29056873,-0.32991340,0.89817934,0.44291248,-0.37296745,-0.15965395,0.01449140,-0.15163228,-0.16708612,0.97410449,0.29482126,-0.35201482,3.05903744
39586124,39.57559585,-2.62891888,-0.70252828,-0.91356658,-0.28888387,-0.33166277,0.89807853,0.82599325,-0.45324935,-0.37781488,0.01474903,-0.15082949,-0.16796123,0.97407474,0.29306089,-0.35376632,3.05856084
39619228,39.60869979,-2.64144253,-0.83029708,-1.27488970,-0.28747604,-0.33371958,0.89776868,0.39001510,-0.57570419,0.01287585,0.01502911,-0.15018404,-0.16899812,0.97399101,0.29159064,-0.35589292,3.05792951
39652276,39.64174652,-2.24361419,-1.62568750,-1.08197093,-0.28609385,-0.33578362,0.89744014,0.46456065,-0.58145275,-0.27170777,0.01528017,-0.14954802,-0.17004439,0.97390270,0.29014787,-0.35803141,3.05735373
39685400,39.67487335,-2.28265070,-1.68071198,-0.80911331,-0.28487687,-0.33790802,0.89702978,0.48336319,-0.61814665,-0.46148295,0.01549768,-0.14899513,-0.17112957,0.97379388,0.28887807,-0.36025719,3.05680394
39718540,39.70801162,-2.70712566,-1.85844268,-0.59727568,-0.28360912,-0.34007751,0.89661178,0.63590407,-0.65723695,-0.69983444,0.01569104,-0.14841293,-0.17224283,0.97368354,0.28755569,-0.36252799,3.05630946
39751660,39.74113082,-3.14479017,-1.45754981,-0.56303520,-0.28236889,-0.34229519,0.89615936,0.64711499,-0.76707983,-0.56437230,0.01588402,-0.14784691,-0.17338268,0.97356424,0.28626262,-0.36485674,3.05580425
39784844,39.77431488,-2.95040588,-1.18709028,-0.45205359,-0.28098857,-0.34437749,0.89579534,0.66721906,-0.74204826,-0.33695745,0.01608387,-0.14720585,-0.17444969,0.97346744,0.28482408,-0.36701903,3.05534076
39817952,39.80742263,-2.12450528,-0.75715312,-0.36758499,-0.27951571,-0.34620971,0.89554996,0.65183019,-0.68504028,-0.12772774,0.01630027,-0.14651375,-0.17538165,0.97340087,0.28328969,-0.36889193,3.05490827
39851076,39.84054946,-0.35226340,-0.76301527,-0.04023584,-0.27783107,-0.34751329,0.89556922,0.47778224,-0.55238904,0.27069048,0.01651593,-0.14569812,-0.17603237,0.97340221,0.28153553,-0.37015042,3.05461454
39884208,39.87368011,0.41634759,0.12110720,-0.02971057,-0.27677631,-0.34910073,0.89527816,0.66447162,-0.52663173,-0.71485824,0.01673771,-0.14522200,-0.17683707,0.97332363,0.28043783,-0.37180013,3.05412483
39917260,39.90673065,0.67454977,1.08943176,-0.05848851,-0.27581474,-0.35061459,0.89498348,0.53338313,-0.46920962,-0.46041321,0.01698280,-0.14479777,-0.17760015,0.97324371,0.27943727,-0.37337884,3.05358052
39950272,39.93974304,1.99673652,2.20884060,0.28924503,-0.27462248,-0.35154609,0.89498443,0.43941740,-0.59108085,0.36233973,0.01724665,-0.14424204,-0.17805011,0.97323923,0.27819716,-0.37428045,3.05314636
39983276,39.97274780,4.36558818,2.75055885,0.98471202,-0.27369194,-0.35221827,0.89500532,0.38404350,-1.00544774,0.84693803,0.01748734,-0.14381355,-0.17836727,0.97324028,0.27722952,-0.37492299,3.05274581
40016352,40.00582504,4.36558818,1.49565386,1.83832464,-0.27302148,-0.35311565,0.89485664,0.62360739,-1.34878861,0.11490900,0.01761685,-0.14350702,-0.17882214,0.97319984,0.27653245,-0.37584760,3.05247974
40049380,40.03885269,4.36558818,3.58365392,1.29061102,-0.27210676,-0.35362970,0.89493227,0.85999736,-0.91712226,0.33040952,0.01784675,-0.14308137,-0.17905735,0.97321510,0.27558174,-0.37631564,3.05212497
40082396,40.07186889,4.36558818,4.36558818,2.72124814,-0.27222895,-0.35457098,0.89452238,0.10181881,-1.63737239,0.92627840,0.01792462,-0.14318324,-0.17954731,0.97310829,0.27570881,-0.37738199,3.05178308
40115428,40.10490036,4.36558818,4.27165985,3.48213148,-0.27156481,-0.35499134,0.89455766,0.83601799,-1.41478404,1.10538125,0.01797967,-0.14285487,-0.17975978,0.97311639,0.27501864,-0.37777452,3.05174827
40148480,40.13795089,4.36558818,2.98731088,3.11681175,-0.27099847,-0.35571312,0.89444265,0.61914300,-1.64428687,0.91268625,0.01803514,-0.14258552,-0.18013315,0.97308578,0.27443025,-0.37851557,3.05164170
40181480,40.17095184,4.36558818,2.79186081,2.98158187,-0.27053570,-0.35652437,0.89425983,0.75222516,-1.46500883,0.12893348,0.01809136,-0.14237302,-0.18055461,0.97303781,0.27394950,-0.37936878,3.05149626
40214500,40.20397186,4.36558818,2.49568772,1.73800158,-0.26991620,-0.35738234,0.89410438,0.96791419,-1.11258840,-0.58721961,0.01825083,-0.14209861,-0.18098530,0.97299489,0.27330608,-0.38025619,3.05116629
40247536,40.23700714,4.36558818,1.67511630,0.38117458,-0.26977016,-0.35853295,0.89368782,0.76146936,-0.29869360,-2.08045530,0.01846394,-0.14209046,-0.18156633,0.97288379,0.27315437,-0.38152642,3.05057287
40280572,40.27004241,4.00706291,1.48206434,-0.40515623,-0.27136249,-0.35894474,0.89304008,0.37146015,0.70660104,-2.63498353,0.01851023,-0.14294623,-0.18178617,0.97271642,0.27480840,-0.38217403,3.05005311
40313568,40.30303955,0.25833537,0.58062171,-0.72451152,-0.27322146,-0.35841572,0.89268560,-0.01803830,1.15236103,-2.48106455,0.01837876,-0.14388554,-0.18153237,0.97262783,0.27674040,-0.38180117,3.04999303
40346576,40.33604812,-1.69723281,-0.14042572,-0.26179938,-0.27489554,-0.35773136,0.89244651,-0.29663764,1.13385438,-1.75304222,0.01815171,-0.14470623,-0.18120945,0.97257070,0.27848112,-0.38123331,3.05019736
40379752,40.36922454,-2.80678253,-1.10155582,0.43713169,-0.27620844,-0.35687863,0.89238224,-0.09976810,1.06171262,-1.43461856,0.01783821,-0.14531702,-0.18080853,0.97255992,0.27984690,-0.38043470,3.05068945
40412852,40.40232467,-4.15215158,-1.74159884,0.33614242,-0.27711791,-0.35627543,0.89234142,0.27369995,0.77522077,-1.44116950,0.01753627,-0.14572430,-0.18053711,0.97255496,0.28079330,-0.37986757,3.05120730
40445920,40.43539047,-4.36572122,-2.29304289,-0.08779939,-0.27691698,-0.35879156,0.89139499,0.41558885,0.23403570,-1.58133640,0.01756419,-0.14568685,-0.18187276,0.97231111,0.28058423,-0.38266458,3.05077242
40479068,40.46854019,-4.36572122,-1.76731243,-0.71984839,-0.27487115,-0.36048247,0.89134626,0.64913873,-0.28966400,-0.08397323,0.01777101,-0.14469161,-0.18273256,0.97229490,0.27845568,-0.38431491,3.05052685
40512192,40.50166320,-4.36572122,-1.33670902,-1.93411788,-0.27280101,-0.36096811,0.89178571,0.32724437,-0.11022330,0.64263815,0.01800271,-0.14365849,-0.18294647,0.97240362,0.27630329,-0.38461170,3.05043840
40545296,40.53476715,-4.36572122,-1.69070444,-1.52496480,-0.27353053,-0.36295390,0.89075517,-0.40225071,-0.45320820,-0.34290361,0.01803202,-0.14409811,-0.18400533,0.97213802,0.27706174,-0.38692736,3.04988265
40578484,40.56795501,-4.36572122,-2.54378414,-0.53572278,-0.27130019,-0.36443674,0.89083204,0.98882951,-0.67731132,0.60990037,0.01820549,-0.14299550,-0.18475978,0.97215452,0.27474367,-0.38832397,3.04978871
40611608,40.60108184,-4.36572122,-0.57982234,-2.97145633,-0.26929614,-0.36624984,0.89069662,0.42456955,-0.84322280,1.07439124,0.01862521,-0.14206796,-0.18565649,0.97211179,0.27266211,-0.39011969,3.04908490
40644712,40.63418579,-4.23382234,-1.98194789,-1.11954200,-0.27047266,-0.36764731,0.88976373,-0.65555276,-0.53762617,0.71057806,0.01853303,-0.14270508,-0.18642229,0.97187356,0.27388403,-0.39183073,3.04877448
40677892,40.66736221,-3.51264142,-3.26309967,-0.33894026,-0.26839113,-0.36946632,0.88964071,0.80965089,-0.46964497,-0.30541224,0.01869883,-0.14168910,-0.18736001,0.97183885,0.27172250,-0.39362463,3.04861402
40710996,40.70046615,-4.31296157,0.54491577,-1.97994947,-0.26692821,-0.37162659,0.88918075,0.65096139,-0.83809013,0.19700086,0.01905291,-0.14104440,-0.18845676,0.97171354,0.27020428,-0.39587785,3.04787039
40744060,40.73353195,-2.99730300,-0.63777790,-1.55480861,-0.26534433,-0.37358686,0.88883342,0.01778573,-0.48529987,0.61556110,0.01936639,-0.14032386,-0.18945291,0.97161798,0.26856110,-0.39789274,3.04727387
40777208,40.76668167,-1.65286684,-1.99207353,-0.76461410,-0.26366307,-0.37535274,0.88858985,0.42967872,-0.54066286,0.00349998,0.01960461,-0.13953304,-0.19035639,0.97155055,0.26681776,-0.39967818,3.04688930
40810300,40.79977035,-1.83152980,-1.66166009,-0.85001525,-0.26231303,-0.37731766,0.88815727,0.53086767,-0.55456709,-0.48434867,0.01983615,-0.13892089,-0.19136972,0.97143459,0.26541841,-0.40172843,3.04641151
40843396,40.83286666,-2.13756203,-1.22905814,-0.74742727,-0.26106057,-0.37933287,0.88766746,0.52131452,-0.58599910,-0.46481585,0.02006059,-0.13836060,-0.19241235,0.97130384,0.26412079,-0.40384821,3.04591965
40876564,40.86603546,-2.11477947,-1.37907660,-0.54464931,-0.25980899,-0.38133823,0.88717527,0.53056097,-0.58838834,-0.49581785,0.02026472,-0.13779705,-0.19345340,0.97117290,0.26282448,-0.40595808,3.04547333
40909684,40.89915466,-2.00579643,-1.25770282,-0.42127718,-0.25861620,-0.38333309,0.88666391,0.56476855,-0.63351259,-0.56610727,0.02045923,-0.13726276,-0.19449127,0.97103719,0.26158947,-0.40806441,3.04503679
40942828,40.93230056,-1.92545785,-1.01082539,-0.39982698,-0.25742011,-0.38529686,0.88616094,0.61703925,-0.62983984,-0.61809453,0.02066012,-0.13672766,-0.19551235,0.97090349,0.26035139,-0.41013636,3.04459500
40975976,40.96544647,-1.85830926,-0.89864463,-0.31429247,-0.25620605,-0.38722748,0.88567085,0.64683103,-0.59983305,-0.65056343,0.02085961,-0.13618249,-0.19651661,0.97077293,0.25909528,-0.41217012,3.04416775
41009076,40.99854660,-1.41798019,-1.32538437,-0.16454057,-0.25451419,-0.38879027,0.88547401,0.39928958,-0.47156128,0.10915489,0.02106828,-0.13537849,-0.19732094,0.97071781,0.25734541,-0.41373238,3.04389643
41042208,41.03168106,-0.05422511,-0.30070290,0.19425115,-0.25357522,-0.39047252,0.88500328,0.56216897,-0.60757436,-0.67846035,0.02124414,-0.13496716,-0.19819742,0.97059278,0.25637450,-0.41552028,3.04349517
41075316,41.06478881,-0.18732311,-0.27139205,0.14069218,-0.25272855,-0.39221320,0.88447542,0.61625394,-0.48864617,-1.03095984,0.02141648,-0.13460563,-0.19910683,0.97045297,0.25549933,-0.41738657,3.04307103
41108352,41.09782409,-0.10152221,-0.28338284,0.01425574,-0.25151011,-0.39379038,0.88412170,0.69438123,-0.55494012,-0.61996150,0.02162756,-0.13405258,-0.19992222,0.97035713,0.25424027,-0.41902441,3.04268407
41141380,41.13085174,0.40941958,0.28071821,-0.19411790,-0.25046415,-0.39534916,0.88372306,0.68674345,-0.57340087,-0.73064684,0.02186482,-0.13359547,-0.20072529,0.97024908,0.25315971,-0.42066278,3.04220581
41174440,41.16391372,0.70386066,1.35696017,-0.24088208,-0.24952783,-0.39683341,0.88332242,0.57447900,-0.43690681,-0.59157438,0.02213195,-0.13320058,-0.20148510,0.97013978,0.25219273,-0.42223081,3.04165220
41207468,41.19694137,1.70575962,1.76224956,0.09739203,-0.24841854,-0.39797391,0.88312225,0.38953182,-0.51852998,0.09148717,0.02240534,-0.13270678,-0.20205881,0.97008199,0.25104732,-0.42338957,3.04118251
41240472,41.22994232,3.53089427,2.01432323,0.76035065,-0.24737029,-0.39878349,0.88305120,0.38115935,-0.79164619,0.48535699,0.02264948,-0.13222994,-0.20245883,0.97005805,0.24996528,-0.42418141,3.04081034
41273440,41.26291275,4.36558818,2.09199690,1.27249157,-0.24647712,-0.39952511,0.88296556,0.57802009,-0.99183235,0.28231763,0.02285480,-0.13182480,-0.20282826,0.97003107,0.24904360,-0.42491521,3.04049134
41306452,41.29592514,4.36558818,3.30973052,1.52469835,-0.24595556,-0.40034909,0.88273773,0.32774267,-1.02762937,0.51301422,0.02304846,-0.13161493,-0.20324490,0.96996774,0.24850544,-0.42578654,3.04009318
41339480,41.32895278,4.36558818,3.06485152,2.88658809,-0.24580318,-0.40123147,0.88237962,0.30561761,-1.40467667,0.43475904,0.02309703,-0.13157041,-0.20371387,0.96987438,0.24834823,-0.42676825,3.03989481
41372504,41.36197662,4.36558818,4.08633565,3.37141656,-0.24523713,-0.40178256,0.88228645,0.48034458,-1.35798311,1.11765241,0.02316757,-0.13130373,-0.20400016,0.96984872,0.24776430,-0.42732543,3.03980398
41405492,41.39496231,4.36558818,3.41551613,3.42577481,-0.24452462,-0.40229077,0.88225250,0.82802066,-1.59770917,1.05939793,0.02322433,-0.13095606,-0.20426492,0.96983852,0.24702951,-0.42781691,3.03978443
41438524,41.42799758,4.36558818,1.87736139,2.90737228,-0.24390532,-0.40306863,0.88206892,0.51514554,-1.56665792,0.69703264,0.02327362,-0.13066357,-0.20467658,0.96979007,0.24639084,-0.42862529,3.03971648
41471588,41.46105957,4.36558818,2.24667835,2.20657587,-0.24342749,-0.40393857,0.88180274,0.71242165,-1.47106146,-0.08346289,0.02337819,-0.13045980,-0.20513098,0.96971883,0.24589815,-0.42955508,3.03948593
41504628,41.49409866,4.36558818,2.71778416,0.93874731,-0.24273240,-0.40477962,0.88160896,0.94195117,-0.86987857,-0.71852302,0.02361485,-0.13016917,-0.20555164,0.96966323,0.24518151,-0.43042650,3.03904151
41537512,41.52698516,4.36558818,1.12007510,-0.00452986,-0.24298012,-0.40590052,0.88102502,0.44390783,-0.04307410,-2.13810515,0.02378368,-0.13036781,-0.20613498,0.96950855,0.24543690,-0.43172779,3.03846096
41570424,41.55989456,3.92312717,0.96446094,-0.56663246,-0.24435956,-0.40652580,0.88035507,0.22531659,0.71951408,-2.88035507,0.02383029,-0.13112089,-0.20646972,0.96933460,0.24685921,-0.43260259,3.03792595
41603448,41.59291839,0.20957274,0.77460641,-0.37424657,-0.24622459,-0.40578799,0.88017568,-0.23253517,1.18752622,-1.97026348,0.02364621,-0.13204038,-0.20610048,0.96929283,0.24878304,-0.43198909,3.03795480
41636492,41.62596511,-0.11804287,0.50148239,0.36678557,-0.24745979,-0.40432691,0.88050165,-0.37436640,1.50369215,-1.01282596,0.02341370,-0.13259758,-0.20534601,0.96938257,0.25005764,-0.43047876,3.03835368
41669532,41.65900421,-0.00826034,0.03717151,0.49601988,-0.24835062,-0.40282850,0.88093757,0.10381938,1.17528939,-1.27668952,0.02319217,-0.13297543,-0.20456957,0.96950035,0.25097715,-0.42888522,3.03882265
41702512,41.69198226,-0.89091730,-0.05289280,-0.11657733,-0.24887034,-0.40141611,0.88143529,0.17587230,1.23784184,-1.15169894,0.02303906,-0.13317544,-0.20382966,0.96963224,0.25151374,-0.42734532,3.03922986
41735656,41.72512817,-1.30793118,-0.36172282,-0.46324501,-0.24963707,-0.40008239,0.88182458,-0.05505042,1.26946711,-0.99119958,0.02287136,-0.13350484,-0.20313534,0.96973657,0.25230555,-0.42592525,3.03959465
41768760,41.75823211,-2.49382233,-1.29660642,-0.27272436,-0.25127985,-0.40001640,0.88138809,-0.10955998,0.95275077,-1.87040176,0.02261888,-0.13431382,-0.20313951,0.96963005,0.25400233,-0.42604951,3.03972077
41801872,41.79134368,-4.36572122,-1.89614696,-0.04076876,-0.25249485,-0.40166597,0.88029022,0.00566870,0.51787686,-2.21720433,0.02243987,-0.13496294,-0.20405859,0.96935110,0.25525779,-0.42807083,3.03952932
41835044,41.82451629,-4.36572122,-2.28331708,0.04876263,-0.25213098,-0.40409502,0.87928209,0.30095911,-0.15816082,-1.31556141,0.02245526,-0.13484503,-0.20536730,0.96909065,0.25488176,-0.43078694,3.03920388
41868116,41.85758972,-4.36572122,-2.14702129,-0.18625726,-0.25031650,-0.40611133,0.87887172,0.88703527,-0.59388866,-0.40133266,0.02262039,-0.13398377,-0.20642809,0.96898097,0.25300712,-0.43285636,3.03899884
41901252,41.89072418,-4.36572122,-2.20151305,-1.34643483,-0.24808492,-0.40768876,0.87877388,0.62772359,-0.57424488,0.51600151,0.02288736,-0.13291258,-0.20723719,0.96894941,0.25070290,-0.43437681,3.03876018
41934392,41.92386245,-4.36572122,-2.42134451,-1.03533995,-0.24767682,-0.41008810,0.87777223,-0.10193254,-0.96002902,-0.09212768,0.02297961,-0.13278789,-0.20852169,0.96868886,0.25028159,-0.43705840,3.03829789
41967488,41.95695877,-4.36572122,-3.83212995,-0.16760489,-0.24584605,-0.41227793,0.87726039,0.98681278,-1.40803456,-0.07135224,0.02309820,-0.13191459,-0.20968577,0.96855382,0.24839253,-0.43932862,3.03817510
42000592,41.99006271,-4.36572122,1.65579786,-3.79948854,-0.24415376,-0.41420483,0.87682561,1.25367522,-1.58579516,1.12311339,0.02364649,-0.13120021,-0.21065056,0.96842842,0.24664700,-0.44131774,3.03717398
42033700,42.02317047,-4.36572122,-1.26809489,-2.07534289,-0.24540011,-0.41559405,0.87581977,-0.85860376,-0.82879066,1.12411916,0.02361371,-0.13189041,-0.21141195,0.96816959,0.24793243,-0.44305667,3.03670859
42066796,42.05626678,-2.87592964,-2.40628933,-0.84641799,-0.24351177,-0.41740908,0.87548332,0.50645122,-0.52619447,0.00024909,0.02384760,-0.13100216,-0.21235964,0.96807689,0.24598503,-0.44489603,3.03642725
42099888,42.08935928,-3.24311470,-1.94877328,-1.51030921,-0.24205157,-0.41956944,0.87485561,0.69297933,-0.72789144,-0.62925009,0.02411289,-0.13035712,-0.21349282,0.96790819,0.24447979,-0.44718437,3.03592085
42132944,42.12241744,-3.98841047,-2.08013939,-1.61462936,-0.24083929,-0.42192640,0.87405633,0.46007757,-0.72699937,-0.54886102,0.02435043,-0.12984309,-0.21473841,0.96769580,0.24323053,-0.44973011,3.03538036
42165952,42.15542221,-3.95443649,-1.30859720,-1.31659102,-0.23966794,-0.42423510,0.87326011,0.51676754,-0.92366523,-0.37277178,0.02458650,-0.12934958,-0.21595942,0.96748409,0.24202389,-0.45222821,3.03484201
42198936,42.18840789,-3.34796786,-0.80165233,-0.85707654,-0.23820002,-0.42624511,0.87268276,0.49308280,-0.73830566,0.06359649,0.02483474,-0.12869418,-0.21701672,0.96732854,0.24051218,-0.45434942,3.03440380
42231904,42.22137451,-0.22049770,-1.12353909,-0.23102297,-0.23611381,-0.42652220,0.87311439,0.17605521,-0.45604615,0.91716880,0.02505651,-0.12765467,-0.21713361,0.96743431,0.23836469,-0.45441083,3.03444671
42264924,42.25439453,0.71625113,0.32028789,-0.03610566,-0.23546667,-0.42812142,0.87250623,0.59752721,-0.61533555,-1.11249637,0.02524962,-0.12740694,-0.21797766,0.96727218,0.23769874,-0.45616393,3.03397464
42297940,42.28741073,-0.20517609,0.04196784,-0.11391271,-0.23494045,-0.42990341,0.87177143,0.55476469,-0.35207903,-1.43842182,0.02541709,-0.12722313,-0.21892554,0.96707782,0.23715736,-0.45814270,3.03349709
42330908,42.32038116,-0.71625113,-0.65043487,-0.05968760,-0.23365395,-0.43153710,0.87130975,0.61133952,-0.53477144,-0.49460077,0.02562265,-0.12664368,-0.21978690,0.96695308,0.23583405,-0.45985965,3.03316378
42363892,42.35336303,0.25926799,0.05022818,-0.16720520,-0.23268296,-0.43311858,0.87078495,0.56276106,-0.67015290,-0.55926156,0.02584198,-0.12623217,-0.22061922,0.96681156,0.23483555,-0.46155633,3.03272843
42396812,42.38628387,0.28311638,0.15801225,0.04703063,-0.23201138,-0.43476157,0.87014541,0.45735316,-0.42607827,-0.87331924,0.02601933,-0.12597097,-0.22149176,0.96664142,0.23414497,-0.46336154,3.03229284
42429736,42.41920852,0.16720520,0.04276723,0.06981317,-0.23097138,-0.43632392,0.86963977,0.71510224,-0.47627372,-0.93360462,0.02622609,-0.12552049,-0.22231655,0.96650505,0.23307600,-0.46503024,3.03190708
42462688,42.45215988,0.34107196,0.90757122,0.12363860,-0.22988905,-0.43775577,0.86920680,0.56582651,-0.47459774,-0.42657985,0.02646150,-0.12505059,-0.22306690,0.96638660,0.23196372,-0.46654481,3.03149414
42495616,42.48508834,1.51017608,1.83486061,0.17240123,-0.22853693,-0.43864879,0.86911315,0.46022644,-0.49518909,0.21755671,0.02675132,-0.12443449,-0.22351593,0.96635446,0.23057465,-0.46740727,3.03112173
42528500,42.51797103,3.78123569,1.81860637,0.53758807,-0.22724788,-0.43922734,0.86915893,0.45356626,-0.77854609,0.57444453,0.02703272,-0.12383990,-0.22379474,0.96635837,0.22925071,-0.46791648,3.03079724
42561400,42.55087280,4.36558818,1.98820981,1.02055132,-0.22631859,-0.43995304,0.86903467,0.42065453,-0.95531063,0.45738134,0.02726241,-0.12342754,-0.22416136,0.96631984,0.22829658,-0.46863903,3.03046274
42594252,42.58372497,4.36558818,2.71685147,1.66885461,-0.22579977,-0.44078006,0.86875019,0.38449117,-1.19984495,0.43886699,0.02742955,-0.12322007,-0.22459206,0.96624145,0.22776398,-0.46952829,3.03013372
42627140,42.61661148,4.36558818,3.73860168,2.67141962,-0.22552821,-0.44157104,0.86841926,0.31073331,-1.46516728,0.81956901,0.02753064,-0.12312629,-0.22501173,0.96615304,0.22748520,-0.47040600,3.02988100
42660024,42.64949417,4.36558818,4.23555421,3.31412720,-0.22492601,-0.44206056,0.86832656,0.65339279,-1.51204099,1.13161242,0.02762532,-0.12284737,-0.22526721,0.96612634,0.22686707,-0.47089710,3.02977442
42692972,42.68244552,4.36558818,3.30799841,2.89857883,-0.22403068,-0.44244160,0.86836366,0.95132560,-1.55755844,1.13157534,0.02774401,-0.12241646,-0.22546026,0.96613254,0.22594835,-0.47122817,3.02971267
42725904,42.71537780,4.36558818,2.52806282,2.64357423,-0.22342257,-0.44316787,0.86814994,0.56570773,-1.55683207,0.71021914,0.02783731,-0.12214195,-0.22584576,0.96607456,0.22532441,-0.47199158,3.02957653
42758828,42.74829864,4.36558818,2.13702917,1.92625722,-0.22279849,-0.44398117,0.86789474,0.99379453,-1.53355789,-0.33176188,0.02797491,-0.12187232,-0.22627348,0.96600446,0.22468419,-0.47285361,3.02934074
42791744,42.78121566,4.36558818,1.65713014,0.17946248,-0.22222032,-0.44497399,0.86753425,0.91753282,-0.83822917,-1.45957527,0.02822656,-0.12165967,-0.22678546,0.96590385,0.22409124,-0.47392854,3.02883076
42824664,42.81413650,4.36558818,1.67631540,-1.31126177,-0.22249689,-0.44612374,0.86687288,0.55257501,0.38997139,-2.83147239,0.02849637,-0.12190636,-0.22738153,0.96572475,0.22437481,-0.47528748,3.02803039
42857564,42.84703445,1.73387136,0.60167226,-1.47486972,-0.22419979,-0.44636759,0.86630821,-0.06120060,1.09797895,-2.76108360,0.02847249,-0.12280495,-0.22751858,0.96557922,0.22612187,-0.47577514,3.02758407
42890516,42.87998962,-0.23315467,1.07064616,-0.93834762,-0.22569851,-0.44520373,0.86651802,-0.49280734,1.35243034,-1.08404731,0.02833807,-0.12352370,-0.22689821,0.96563758,0.22766003,-0.47461447,3.02762866
42923532,42.91300582,0.49748544,0.15441501,-0.03797090,-0.22692375,-0.44376983,0.86693334,-0.36511726,1.39372098,-0.99852514,0.02813425,-0.12407354,-0.22613925,0.96575098,0.22891793,-0.47311000,3.02793216
42956440,42.94591140,0.16414088,-0.38410566,0.00852680,-0.22831549,-0.44264788,0.86714191,-0.13716301,1.18337059,-1.45405602,0.02789843,-0.12471414,-0.22555592,0.96581192,0.23034713,-0.47198662,3.02821230
42989384,42.97885513,-0.85041503,0.00626187,-0.32295250,-0.22919101,-0.44132614,0.86758432,-0.07769375,1.25382614,-0.97818002,0.02773102,-0.12509272,-0.22485466,0.96593122,0.23124651,-0.47057051,3.02852058
43022308,43.01177978,-0.64896936,0.11884226,-0.62418837,-0.22989809,-0.43988924,0.86812686,-0.24764096,1.34735989,-0.40499210,0.02760677,-0.12538911,-0.22408509,0.96607513,0.23197295,-0.46900181,3.02880287
43055288,43.04476165,-0.35252985,-0.60220522,-0.47217149,-0.23125181,-0.43877143,0.86833286,-0.38520326,1.17241406,-1.10026645,0.02739313,-0.12601592,-0.22350275,0.96613454,0.23336420,-0.46788115,3.02905035
43088368,43.07783889,-2.32555127,-1.34017312,-0.12004135,-0.23293020,-0.43927245,0.86763038,-0.29539012,0.92584476,-2.20381212,0.02714143,-0.12685793,-0.22381172,0.96595983,0.23508973,-0.46866679,3.02904629
43121376,43.11084747,-4.36572122,-1.44356050,0.02624655,-0.23453607,-0.44035415,0.86664905,-0.15242681,0.65983653,-1.78461790,0.02687597,-0.12767777,-0.22444095,0.96571331,0.23674135,-0.47011547,3.02899980
43154312,43.14378356,-4.36572122,-1.87136602,0.15881162,-0.23601558,-0.44149985,0.86566390,-0.05817387,0.38388266,-1.05243146,0.02660258,-0.12843151,-0.22510724,0.96546573,0.23826363,-0.47162590,3.02899098
43187288,43.17676162,-4.36572122,-2.94201202,0.45085453,-0.23617217,-0.44366340,0.86451444,0.01376007,-0.14569208,-1.17091083,0.02647962,-0.12855610,-0.22630960,0.96517143,0.23842475,-0.47414684,3.02887034
43220272,43.20974349,-4.36572122,-3.56660032,0.55544099,-0.23395802,-0.44531803,0.86426582,0.95637016,-0.65233821,0.09496266,0.02657278,-0.12746428,-0.22720019,0.96510457,0.23614673,-0.47577772,3.02902674
43253288,43.24275970,-4.36572122,-2.99037504,-0.94807348,-0.23200240,-0.44736542,0.86373558,0.94318399,-0.89736118,-0.19625514,0.02678930,-0.12655116,-0.22829153,0.96496124,0.23413574,-0.47789835,3.02880024
43286280,43.27575302,-4.36572122,-1.70176258,-0.73343796,-0.23155684,-0.44972496,0.86262903,0.07970137,-1.55027508,-0.60091023,0.02687861,-0.12641507,-0.22957503,0.96467199,0.23367772,-0.48057527,3.02837896
43319312,43.30878448,-4.36572122,-2.00099992,-0.95473499,-0.22956190,-0.45158104,0.86219224,1.44684705,-1.54841899,0.54039568,0.02712756,-0.12548364,-0.23055939,0.96455173,0.23162760,-0.48247375,3.02813100
43352312,43.34178543,-4.36572122,0.57995557,-4.16147804,-0.22779097,-0.45365481,0.86157293,0.70313272,-1.54634523,1.13836598,0.02769309,-0.12475422,-0.23162415,0.96437511,0.22980847,-0.48465542,3.02713513
43385328,43.37480163,-4.36572122,-3.17729878,-2.98877639,-0.22602233,-0.45595941,0.86082191,-0.17754211,-0.84506597,1.13911700,0.02804312,-0.12398316,-0.23284564,0.96417036,0.22799246,-0.48710813,3.02655410
43418348,43.40782165,-2.43573355,-3.31759119,-1.44955587,-0.22466382,-0.45799942,0.86009445,0.07476150,-0.57788925,0.22169260,0.02824886,-0.12338538,-0.23394179,0.96397571,0.22659807,-0.48930749,3.02620100
43451292,43.44076538,-2.05016231,-1.78796329,-0.73743486,-0.22380518,-0.45998902,0.85925626,0.20842432,-0.63717894,-0.29773283,0.02840602,-0.12303820,-0.23501801,0.96375370,0.22571697,-0.49151363,3.02581882
43484284,43.47375488,-1.74253129,-1.27422368,-0.19598316,-0.22295334,-0.46190147,0.85845108,0.29399826,-0.53297162,-0.45415425,0.02854450,-0.12268787,-0.23605506,0.96354064,0.22484309,-0.49363293,3.02548623
43517332,43.50680541,-1.50817766,-0.88891878,0.06261868,-0.22208919,-0.46375951,0.85767326,0.38859308,-0.46177759,-0.63697009,0.02868197,-0.12232925,-0.23706309,0.96333484,0.22395668,-0.49568920,3.02516865
43550324,43.53979492,-1.08783304,-0.61086521,0.16907045,-0.22095456,-0.46546039,0.85704469,0.54712638,-0.51256694,-0.56090211,0.02885521,-0.12183176,-0.23798036,0.96316642,0.22279314,-0.49752979,3.02487778
43583248,43.57271957,-0.37544562,-0.52279939,0.12883460,-0.21978604,-0.46703701,0.85648717,0.58062591,-0.51782627,-0.56620397,0.02904568,-0.12131670,-0.23882758,0.96301603,0.22159514,-0.49922270,3.02458071
43616172,43.60564422,-0.15108423,-0.55703978,-0.08207044,-0.21879839,-0.46867089,0.85584716,0.62480425,-0.48347754,-0.96717529,0.02923474,-0.12089910,-0.23970754,0.96284408,0.22058291,-0.50100679,3.02422833
43649136,43.63860702,-0.30776414,-0.27458956,-0.11511180,-0.21800251,-0.47034878,0.85512981,0.41819782,-0.43785433,-0.72036418,0.02941285,-0.12058184,-0.24061408,0.96265249,0.21976728,-0.50286779,3.02383899
43682168,43.67163848,0.13216538,0.01771975,0.12710260,-0.21725888,-0.47194652,0.85443840,0.44162411,-0.55417652,-0.68280749,0.02958243,-0.12028763,-0.24147810,0.96246767,0.21900539,-0.50464339,3.02346515
43715104,43.70457458,0.01758652,-0.11551148,0.05235988,-0.21651277,-0.47358589,0.85372047,0.57832918,-0.50908012,-1.09664034,0.02975264,-0.11999407,-0.24236583,0.96227588,0.21824111,-0.50646882,3.02308559
43748044,43.73751449,-0.01638744,0.15961103,-0.04330015,-0.21558353,-0.47515907,0.85308103,0.48194098,-0.44256553,-0.62285642,0.02995925,-0.11961112,-0.24321303,0.96210336,0.21728942,-0.50819530,3.02269363
43780940,43.77041244,0.63298158,1.11940884,-0.14322358,-0.21460621,-0.47656264,0.85254440,0.46973319,-0.49487290,-0.34961466,0.03022020,-0.11921093,-0.24396002,0.96195573,0.21628868,-0.50971813,3.02222847
43813836,43.80330657,1.78250074,1.79049453,-0.15787900,-0.21327707,-0.47748332,0.85236282,0.48549385,-0.44439167,0.02483439,0.03054956,-0.11862565,-0.24443094,0.96189823,0.21492798,-0.51063127,3.02179384
43846744,43.83621597,3.88622207,2.44452667,0.13283154,-0.21196100,-0.47794923,0.85242986,0.37724421,-0.69319334,0.58824396,0.03089707,-0.11803605,-0.24464764,0.96190443,0.21358118,-0.51101374,3.02138400
43879636,43.86910629,4.36558818,2.28811335,0.83935680,-0.21110584,-0.47868328,0.85223016,0.43132071,-1.06306481,0.46393194,0.03115134,-0.11767576,-0.24502494,0.96184434,0.21270618,-0.51176862,3.02099680
43912560,43.90203094,4.36558818,3.20714235,1.31565845,-0.21037080,-0.47936687,0.85202789,0.49967746,-1.20202958,0.58889007,0.03139065,-0.11737347,-0.24537630,0.96178407,0.21195423,-0.51247973,3.02061367
43945472,43.93494415,4.36558818,3.77324199,2.46118092,-0.21004745,-0.48011598,0.85168561,0.17562363,-1.51988401,1.14825332,0.03152164,-0.11726330,-0.24577720,0.96169080,0.21162352,-0.51331906,3.02032756
43978408,43.96788024,4.36558818,4.03850555,3.06671690,-0.20929057,-0.48049659,0.85165719,0.77447609,-1.51950335,1.14828181,0.03165707,-0.11691229,-0.24597315,0.96167888,0.21084947,-0.51367239,3.02021074
44011292,44.00076293,4.36558818,3.46947455,2.69939827,-0.20846035,-0.48093562,0.85161314,0.87838220,-1.51906442,0.93281068,0.03180777,-0.11652867,-0.24619998,0.96166248,0.21000051,-0.51408553,3.02007532
44044172,44.03364562,4.36558818,2.53685617,2.13876104,-0.20782873,-0.48166856,0.85135316,0.85358066,-1.51833143,0.09933043,0.03195004,-0.11625845,-0.24659137,0.96159019,0.20935475,-0.51486873,3.01985836
44077096,44.06656646,4.36558818,1.84245491,0.92076110,-0.20721800,-0.48255043,0.85100250,0.93231563,-1.25035977,-0.86150054,0.03215589,-0.11602110,-0.24705812,0.96149215,0.20873041,-0.51582975,3.01948237
44109988,44.09946060,4.36558818,1.97208871,-0.27805356,-0.20669987,-0.48355641,0.85055742,0.81021547,-0.43734202,-1.66208086,0.03244653,-0.11585921,-0.24758396,0.96136665,0.20820081,-0.51694860,3.01888585
44142912,44.13238525,4.36558818,1.17763090,-1.42290964,-0.20705146,-0.48458847,0.84988460,0.43263740,0.71554555,-2.48440599,0.03267696,-0.11614207,-0.24813051,0.96118392,0.20856013,-0.51820554,3.01815748
44175896,44.16536712,1.38067543,0.50428018,-1.65086832,-0.20875909,-0.48482213,0.84933319,-0.23850653,1.12422645,-2.55831766,0.03263184,-0.11704052,-0.24826369,0.96104202,0.21030597,-0.51869230,3.01771879
44208848,44.19831848,-0.13043338,0.72824192,-0.85641040,-0.21042492,-0.48386778,0.84946622,-0.73415517,1.26731503,-1.02182948,0.03245968,-0.11784044,-0.24775068,0.96108236,0.21200964,-0.51777701,3.01772689
44241812,44.23128509,0.44965543,0.10218837,-0.05209342,-0.21172440,-0.48254613,0.84989490,-0.50165452,1.43347382,-0.92216053,0.03224379,-0.11842235,-0.24703953,0.96120109,0.21333911,-0.51638498,3.01798748
44274720,44.26419067,0.28138437,-0.09952374,0.08220368,-0.21308090,-0.48132886,0.85024614,-0.27129411,1.21448314,-1.11660361,0.03200484,-0.11903263,-0.24638998,0.96130046,0.21472725,-0.51512393,3.01826572
44307636,44.29710769,-0.55943799,-0.14708728,-0.06475038,-0.21424992,-0.48014502,0.85062198,-0.20030086,1.23698091,-1.05374693,0.03178504,-0.11955035,-0.24575746,0.96140556,0.21592383,-0.51387977,3.01855516
44340672,44.33014297,-0.52573051,0.01825268,-0.30549921,-0.21505627,-0.47876615,0.85119552,-0.31570541,1.39502596,-0.43640060,0.03162583,-0.11988518,-0.24500980,0.96155996,0.21674945,-0.51236152,3.01885366
44373664,44.36313629,0.03637212,-0.17320060,-0.20211176,-0.21621317,-0.47742896,0.85165328,-0.46176533,1.31214570,-0.68173141,0.03141918,-0.12039487,-0.24429163,0.96168575,0.21793425,-0.51093797,3.01914405
44406624,44.39609527,-0.63804440,-0.56996326,0.06208576,-0.21791665,-0.47683811,0.85155010,-0.39194660,1.15896701,-1.56444072,0.03113527,-0.12120115,-0.24399833,0.96166810,0.21967933,-0.51046152,3.01932787
44439580,44.42905044,-2.62265706,-0.73117308,0.26792800,-0.21969337,-0.47678022,0.85112581,-0.29666404,1.03659462,-1.64604768,0.03081196,-0.12205584,-0.24400694,0.96156826,0.22150013,-0.51062226,3.01949334
44472532,44.46200561,-4.15241813,-1.20374429,0.37997550,-0.22139854,-0.47686681,0.85063543,-0.22537879,0.93780431,-1.44340896,0.03044968,-0.12286839,-0.24410166,0.96145229,0.22324838,-0.51094555,3.01973819
44505564,44.49503707,-4.36572122,-1.84658508,0.46977334,-0.22303335,-0.47778167,0.84969434,-0.09434947,0.61035003,-1.33870792,0.03010365,-0.12367814,-0.24465579,0.96121845,0.22492513,-0.51223621,3.01984333
44538532,44.52800369,-4.36572122,-2.66169357,0.64124197,-0.22313661,-0.47992730,0.84845714,0.11449404,0.12104059,-1.02204108,0.02997118,-0.12377682,-0.24586715,0.96090068,0.22503108,-0.51477694,3.01976346
44571468,44.56093978,-4.36572122,-3.19408559,0.23688514,-0.22078561,-0.48110756,0.84840383,0.48811960,-0.15756430,0.07835400,0.03010547,-0.12261015,-0.24650516,0.96088266,0.22261991,-0.51585717,3.01999616
44604392,44.59386444,-4.36572122,-4.36572122,0.15654669,-0.21961059,-0.48339104,0.84741020,0.40759887,-0.66626715,-0.85766410,0.03010746,-0.12207192,-0.24777669,0.96062402,0.22141532,-0.51839561,3.01999497
44637372,44.62684249,-4.36572122,-4.36572122,0.73077335,-0.21783435,-0.48548245,0.84667263,1.24615466,-1.51451754,-0.58470973,0.03013496,-0.12121528,-0.24893860,0.96043119,0.21959505,-0.52063131,3.02014970
44670404,44.65987777,-4.36572122,0.37664470,-1.96249618,-0.21589539,-0.48699564,0.84630022,2.21583437,-1.51300430,0.82142438,0.03053724,-0.12034908,-0.24973165,0.96032152,0.21760878,-0.52216548,3.01966118
44703404,44.69287490,-4.36572122,0.43140277,-3.88941974,-0.21435420,-0.48918585,0.84542827,0.28613157,-1.51081418,1.15451073,0.03106263,-0.11975113,-0.25088920,0.96007766,0.21603066,-0.52455420,3.01870059
44736308,44.72578048,-4.36572122,-3.47560334,-3.02448225,-0.21224176,-0.49129619,0.84473705,0.10408748,-1.04654562,0.99803638,0.03143651,-0.11880960,-0.25202293,0.95988550,0.21386847,-0.52677764,3.01824045
44769332,44.75880432,-4.30296945,-3.84865074,-2.19032168,-0.21001348,-0.49328236,0.84413623,0.75200567,-1.12659072,0.36973094,0.03174619,-0.11778619,-0.25309696,0.95971879,0.21158883,-0.52884263,3.01797056
44802360,44.79183197,-3.58698463,-1.54628181,-2.09879159,-0.20850200,-0.49535660,0.84329614,0.24463481,-0.78687000,0.30636203,0.03206764,-0.11714904,-0.25422024,0.95948925,0.21004304,-0.53110713,3.01745223
44835388,44.82485961,-2.04763102,-1.15644717,-0.83282842,-0.20800290,-0.49726099,0.84229812,-0.07349123,-0.39727025,0.31444020,0.03220173,-0.11699204,-0.25527193,0.95922470,0.20953278,-0.53330278,3.01704692
44868376,44.85784912,0.61113166,-0.82097091,0.70412707,-0.20721740,-0.49870781,0.84163608,0.13812559,-0.40949530,-0.06722200,0.03230287,-0.11665784,-0.25607199,0.95904874,0.20872979,-0.53492031,3.01686358
44901268,44.89073944,0.13269830,-0.67188510,0.61939201,-0.20621573,-0.50023612,0.84097480,0.86710443,-0.51123847,-1.38223457,0.03244023,-0.11622225,-0.25691423,0.95887174,0.20770602,-0.53660864,3.01665925
44934204,44.92367553,-0.67081933,0.29590659,-0.06688208,-0.20517351,-0.50184388,0.84027147,0.66489028,-0.35826354,-0.91058397,0.03266176,-0.11579109,-0.25779175,0.95868082,0.20664100,-0.53838777,3.01628160
44967184,44.95665740,-0.00852680,-0.82243642,-0.09979021,-0.20372424,-0.50321969,0.83980112,0.64317741,-0.53242483,-0.38814096,0.03289281,-0.11513867,-0.25853900,0.95855026,0.20516049,-0.53984060,3.01604247
45000244,44.98971557,0.17106891,-0.05302603,-0.12403829,-0.20274126,-0.50472984,0.83913269,0.52500686,-0.41299476,-0.72658390,0.03310523,-0.11473346,-0.25936434,0.95836858,0.20415654,-0.54151434,3.01568269
45033224,45.02269744,0.19678253,-0.03703828,0.17959570,-0.20185389,-0.50624966,0.83843040,0.52143392,-0.31723666,-0.88164329,0.03328505,-0.11437081,-0.26019978,0.95817909,0.20325047,-0.54321365,3.01536154
45066140,45.05561065,-0.03623890,-0.02757887,0.12950075,-0.20076832,-0.50774168,0.83778896,0.70711603,-0.46833252,-0.87099208,0.03349013,-0.11390935,-0.26101753,0.95800466,0.20214216,-0.54485597,3.01505351
45099108,45.08858108,0.02971057,-0.05848851,0.02344870,-0.19965548,-0.50921096,0.83716278,0.59809298,-0.43488082,-0.67895965,0.03370493,-0.11343561,-0.26182222,0.95783367,0.20100636,-0.54646940,3.01473808
45132040,45.12151336,0.47390351,0.34333686,0.00333078,-0.19855413,-0.51058697,0.83658657,0.52423772,-0.42788958,-0.49771938,0.03393974,-0.11297018,-0.26257271,0.95767498,0.19988245,-0.54797458,3.01439189
45165028,45.15449905,0.96526031,0.41408271,0.05289280,-0.19734647,-0.51182870,0.83611316,0.56184840,-0.43055410,-0.42742176,0.03419049,-0.11244804,-0.26324653,0.95754241,0.19865047,-0.54930725,3.01406526
45197956,45.18742752,1.66379175,1.17190194,-0.01692037,-0.19589489,-0.51270432,0.83591804,0.68271131,-0.37816481,-0.24241213,0.03450613,-0.11180071,-0.26370713,0.95748014,0.19717001,-0.55017271,3.01373076
45230924,45.22039413,3.27096009,2.13236594,0.09592649,-0.19431157,-0.51281919,0.83621702,0.40207524,-0.50646791,0.57564821,0.03486469,-0.11106609,-0.26373407,0.95754518,0.19555566,-0.55011301,3.01345372
45263832,45.25330352,4.36558818,2.19711637,0.82030477,-0.19323720,-0.51339454,0.83611316,0.38781728,-0.89065818,0.53766613,0.03514422,-0.11059724,-0.26402959,0.95750789,0.19446052,-0.55066843,3.01312112
45296756,45.28622817,4.36558818,3.23858499,1.22213017,-0.19236591,-0.51397185,0.83595933,0.60154557,-0.97968044,0.34543716,0.03541245,-0.11023299,-0.26432738,0.95745782,0.19357254,-0.55125179,3.01274967
45329680,45.31915283,4.36558818,4.36558818,2.01658797,-0.19164493,-0.51444597,0.83583335,0.29442813,-1.14204812,1.02305340,0.03564835,-0.10993543,-0.26457037,0.95741615,0.19283789,-0.55173044,3.01241397
45362664,45.35213470,4.36558818,4.36558818,3.52862930,-0.19094102,-0.51475458,0.83580436,0.53493518,-1.33656382,1.16413450,0.03576919,-0.10960868,-0.26473321,0.95740413,0.19212074,-0.55201368,3.01233625
45395620,45.38509368,4.36558818,4.35106611,3.20367836,-0.19008523,-0.51491212,0.83590230,1.08241928,-1.48508787,1.16403675,0.03592590,-0.10920562,-0.26480724,0.95742378,0.19124900,-0.55209803,3.01225113
45428544,45.41801452,4.36558818,1.79182696,2.91469974,-0.18936772,-0.51555776,0.83566694,0.56021733,-1.48444223,0.63210649,0.03599482,-0.10887078,-0.26516687,0.95735969,0.19051826,-0.55278353,3.01224040
45461460,45.45093154,4.36558818,2.37764453,1.80834760,-0.18870745,-0.51630439,0.83535566,1.34886372,-1.47856864,-0.90347089,0.03616259,-0.10859766,-0.26557233,0.95727214,0.18984580,-0.55359702,3.01199221
45494400,45.48387145,4.36558818,2.31289434,-0.43619909,-0.18806623,-0.51725125,0.83491439,1.12947249,-0.50472140,-2.04829335,0.03649010,-0.10838713,-0.26607325,0.95714454,0.18919290,-0.55465326,3.01137757
45527388,45.51686096,4.36558818,1.92785606,-1.35629403,-0.18888002,-0.51819314,0.83414621,0.17887025,0.62048807,-2.71915602,0.03666537,-0.10890412,-0.26658341,0.95693712,0.19002156,-0.55588064,3.01063108
45560352,45.54982376,0.59287905,0.90304136,-1.07517611,-0.19066011,-0.51826648,0.83369560,-0.23585355,1.27192854,-2.32466244,0.03654711,-0.10981612,-0.26663188,0.95682392,0.19183456,-0.55618629,3.01031541
45593316,45.58278656,0.16081009,0.51174116,-0.38783617,-0.19196206,-0.51703619,0.83416061,-0.70574302,1.57758307,-0.71160202,0.03636619,-0.11040538,-0.26595165,0.95695228,0.19316105,-0.55487155,3.01045894
45626268,45.61574172,0.66815471,0.07274425,0.18972128,-0.19342379,-0.51587109,0.83454408,-0.41473050,1.30127143,-1.09846019,0.03611518,-0.11106266,-0.26531670,0.95706195,0.19465066,-0.55365633,3.01069164
45659180,45.64865112,-0.26672892,-0.17453291,0.33987288,-0.19459777,-0.51477718,0.83494672,-0.12522643,1.27454280,-1.21385288,0.03587045,-0.11157256,-0.26472282,0.95717639,0.19584740,-0.55249176,3.01099181
45692196,45.68166732,-0.71705055,-0.01145789,-0.12243951,-0.19523370,-0.51349124,0.83558959,-0.11384834,1.39581548,-0.64393920,0.03572250,-0.11181702,-0.26401140,0.95734977,0.19649576,-0.55103168,3.01128387
45725240,45.71471023,-0.26286525,-0.04383307,-0.26579632,-0.19601154,-0.51212329,0.83624696,-0.35696697,1.37296319,-0.28668642,0.03556745,-0.11213160,-0.26325454,0.95752725,0.19728891,-0.54949216,3.01155924
45758272,45.74774551,0.07554212,-0.20850687,-0.08993109,-0.19701875,-0.51078653,0.83682765,-0.37060821,1.34794473,-0.64029450,0.03536893,-0.11255718,-0.26252050,0.95768623,0.19831617,-0.54802007,3.01185131
45791228,45.78070068,-0.34373660,-0.38277335,0.10445330,-0.19839705,-0.50975646,0.83712997,-0.38876115,1.30003964,-1.12179803,0.03510608,-0.11317394,-0.26196672,0.95777473,0.19972223,-0.54696230,3.01212167
45824196,45.81366729,-1.24624502,-0.38264012,0.28937826,-0.19980679,-0.50888290,0.83732595,-0.31923615,1.25546491,-1.18205261,0.03481822,-0.11380705,-0.26150488,0.95783634,0.20116078,-0.54609684,3.01241350
45857220,45.84669113,-2.36605358,-0.85454521,0.40329093,-0.20143041,-0.50854249,0.83714399,-0.26414575,1.12597417,-1.45750522,0.03447912,-0.11456065,-0.26134996,0.95780115,0.20281808,-0.54589633,3.01267147
45890240,45.87971115,-4.36572122,-1.80888061,0.61432929,-0.20293111,-0.50970706,0.83607273,-0.07807476,0.84662113,-1.84876804,0.03413807,-0.11530797,-0.26204524,0.95753374,0.20435039,-0.54748082,3.01275467
45923244,45.91271591,-4.36572122,-1.87043333,0.39183309,-0.20251548,-0.51200714,0.83476657,0.26989829,0.32475125,-1.15434670,0.03412185,-0.11517384,-0.26334664,0.95719318,0.20392601,-0.55018043,3.01258563
45956208,45.94567871,-4.36572122,-3.09509491,-0.05409188,-0.20142583,-0.51425333,0.83364915,0.44336919,-0.20669393,-1.09317064,0.03417335,-0.11469919,-0.26461191,0.95689954,0.20281341,-0.55273180,3.01249313
45989276,45.97874832,-4.36572122,-4.27858781,0.23861715,-0.20043048,-0.51649408,0.83250312,0.50975666,-1.28648447,-1.38987612,0.03414030,-0.11425100,-0.26588559,0.95660123,0.20179729,-0.55529255,3.01255083
46022300,46.01177215,-4.36572122,-4.04183626,0.23395404,-0.19833448,-0.51833496,0.83186063,1.77377390,-1.48166503,-0.36579620,0.03424962,-0.11324319,-0.26691875,0.95642938,0.19965838,-0.55723409,3.01271486
46055296,46.04476928,-4.36572122,0.66855435,-3.08123898,-0.19644819,-0.52009191,0.83121128,1.48770799,-1.47990808,0.54793906,0.03476029,-0.11245585,-0.26785807,0.95624122,0.19773425,-0.55910501,3.01198887
46088264,46.07773590,-4.36572122,-1.58358659,-3.20234608,-0.19456582,-0.52213850,0.83037071,0.29832558,-1.47786149,1.16956830,0.03519470,-0.11166181,-0.26897263,0.95600557,0.19581479,-0.56132841,3.01138305
46121292,46.11076354,-4.36572122,-3.82200450,-2.71565222,-0.19235088,-0.52413787,0.82962646,0.65597391,-1.47586212,0.74898676,0.03554204,-0.11066606,-0.27007339,0.95579805,0.19355727,-0.56345682,3.01107406
46154356,46.14382934,-4.36572122,-2.42174410,-2.40135979,-0.19017601,-0.52596406,0.82897186,0.53343772,-1.28848910,0.99085235,0.03591534,-0.10969270,-0.27107462,0.95561285,0.19134150,-0.56538562,3.01072573
46187352,46.17682266,-1.23545336,-2.82383632,-1.67178559,-0.19135036,-0.52525706,0.82915000,-0.84405002,-0.38001637,1.17078900,0.03569275,-0.11022348,-0.27069485,0.95566778,0.19253778,-0.56468019,3.01091861
46220372,46.20984268,2.40215921,0.63697853,0.56276874,-0.19092882,-0.52645354,0.82848854,0.34058701,-0.70010895,-0.64147682,0.03583133,-0.11008765,-0.27136054,0.95548963,0.19210825,-0.56607055,3.01059556
46253324,46.24279785,1.25730323,0.15121746,0.72277946,-0.19065380,-0.52787647,0.82764539,0.41404247,-0.20576608,-1.47730360,0.03590857,-0.11002157,-0.27216243,0.95526599,0.19182814,-0.56775455,3.01032304
46286292,46.27576446,-0.03250842,0.14535528,0.64177489,-0.18993324,-0.52943129,0.82681779,0.62206215,-0.26890854,-1.30411267,0.03603890,-0.10973992,-0.27303514,0.95504455,0.19109416,-0.56954298,3.01006317
46319244,46.30871582,-0.71931548,-0.25220675,0.14948544,-0.18887712,-0.53101830,0.82604122,0.84366226,-0.65550513,-1.07018184,0.03622340,-0.10929746,-0.27392196,0.95483417,0.19001866,-0.57133035,3.00979328
46352220,46.34169387,-0.67308421,-0.09605972,-0.33321130,-0.18756677,-0.53248872,0.82539329,0.55451011,-0.39378082,-0.46211204,0.03647964,-0.10873632,-0.27473564,0.95465478,0.18868441,-0.57294635,3.00947213
46385244,46.37471771,0.01345635,-0.34986522,-0.22143032,-0.18665338,-0.53400201,0.82462253,0.40393853,-0.45012884,-0.58048191,0.03667325,-0.10836987,-0.27558064,0.95444555,0.18775457,-0.57466611,3.00915050
46418248,46.40771865,-0.17839664,-0.25393877,0.09006432,-0.18579436,-0.53554706,0.82381381,0.50561857,-0.46079082,-0.82967319,0.03684024,-0.10802624,-0.27644758,0.95422725,0.18688029,-0.57643327,3.00886392
46451248,46.44071960,-0.22635986,0.01079173,0.09845789,-0.18470896,-0.53700499,0.82310867,0.45131053,-0.31284852,-0.53209304,0.03704623,-0.10757054,-0.27726192,0.95403451,0.18577576,-0.57806816,3.00858163
46484192,46.47366333,-0.05995406,-0.38357272,0.25367226,-0.18382961,-0.53851842,0.82231655,0.51488428,-0.48076868,-0.81303920,0.03719952,-0.10721144,-0.27811405,0.95382099,0.18488109,-0.57979803,3.00833702
46517168,46.50664138,-0.09366157,-0.04463246,0.09086371,-0.18277792,-0.53997159,0.82159738,0.51554160,-0.45538973,-0.56915597,0.03740068,-0.10677269,-0.27892782,0.95362453,0.18381128,-0.58143515,3.00805711
46550136,46.53960800,0.37451303,0.03237519,0.07660796,-0.18204039,-0.54142642,0.82080354,0.33658142,-0.36360287,-0.58691682,0.03756828,-0.10649121,-0.27974591,0.95340986,0.18306114,-0.58311505,3.00774669
46583064,46.57253646,0.62072429,0.59221286,0.25673661,-0.18101058,-0.54273624,0.82016601,0.53940906,-0.41136531,-0.55795903,0.03778861,-0.10606434,-0.28047690,0.95323390,0.18201394,-0.58458375,3.00744128
46616016,46.60548782,1.21546852,0.71745018,-0.03170903,-0.17953505,-0.54369640,0.81985416,0.65048227,-0.38599109,-0.26126046,0.03809345,-0.10541138,-0.28100040,0.95314006,0.18051383,-0.58557252,3.00715208
46648964,46.63843536,2.20924043,1.05918836,-0.19824809,-0.17811833,-0.54453248,0.81960840,0.47450504,-0.40273313,-0.07082910,0.03842634,-0.10479302,-0.28145008,0.95306215,0.17907391,-0.58641886,3.00680255
46681888,46.67136001,3.27908730,1.57772436,-0.01652067,-0.17683876,-0.54524207,0.81941356,0.42342081,-0.51774621,0.07877976,0.03876090,-0.10424294,-0.28182706,0.95299749,0.17777371,-0.58712873,3.00642251
46714788,46.70426177,4.27379179,2.42081165,0.35812556,-0.17603976,-0.54598040,0.81909427,0.32398896,-0.72037701,0.15453851,0.03905402,-0.10393708,-0.28222322,0.95290184,0.17696194,-0.58793287,3.00596952
46747692,46.73716354,4.28898000,2.26053452,0.67641501,-0.17492959,-0.54653930,0.81895942,0.73987102,-0.59335327,-0.23033638,0.03935642,-0.10346146,-0.28251733,0.95285406,0.17583425,-0.58848123,3.00562286
46780628,46.77009963,4.36558818,3.69903230,0.57156205,-0.17360677,-0.54650168,0.81926574,0.23586263,-0.40515847,0.44904479,0.03974008,-0.10287179,-0.28246143,0.95291843,0.17449091,-0.58827676,3.00525403
46813548,46.80302047,4.36558818,2.64837074,1.82406892,-0.17316132,-0.54724063,0.81886634,0.23053436,-0.90319881,0.33201253,0.03989207,-0.10271230,-0.28287243,0.95280723,0.17403863,-0.58912591,3.00498294
46846512,46.83598327,4.36558818,1.50644564,1.29740583,-0.17185860,-0.54763679,0.81887636,0.74388008,-0.49313468,-0.14919858,0.04014005,-0.10211194,-0.28308119,0.95279951,0.17271608,-0.58945474,3.00483560
46879456,46.86892700,4.36558818,1.19814861,0.70812397,-0.17071754,-0.54825496,0.81870126,0.39142065,-0.06649113,-0.46884775,0.04039825,-0.10161012,-0.28341608,0.95274267,0.17155789,-0.59007501,3.00458526
46912396,46.90186691,3.57859110,2.23628640,0.69346861,-0.17081465,-0.54922637,0.81802959,0.11417404,-0.05331266,-0.47086162,0.04052573,-0.10174157,-0.28396086,0.95256099,0.17165646,-0.59127349,3.00415921
46945320,46.93479156,2.31915640,1.01628792,0.44805665,-0.16916863,-0.54966211,0.81807870,0.23435418,0.25327539,-0.47554941,0.04083155,-0.10097858,-0.28418970,0.95256071,0.16998612,-0.59161276,3.00399875
46978232,46.96770477,1.34976565,0.10591883,0.32255287,-0.17107503,-0.54874868,0.81829557,0.00335042,0.41959829,-0.55535607,0.04052090,-0.10185759,-0.28368487,0.95263090,0.17192072,-0.59072046,3.00414657
47011156,47.00062942,0.16707198,0.84535226,0.16893720,-0.17156777,-0.54726905,0.81918277,0.02117714,0.51723976,-0.24032533,0.04042303,-0.10202589,-0.28284122,0.95286788,0.17242088,-0.58897151,3.00438451
47044112,47.03358459,-0.28231701,0.44099540,-0.05848851,-0.17186699,-0.54586629,0.82005567,-0.02368964,0.57198934,0.04298144,0.04034685,-0.10210154,-0.28204135,0.95310010,0.17272459,-0.58729524,3.00463032
47077072,47.06654357,-0.10352067,0.08446861,-0.17666461,-0.17223222,-0.54443378,0.82093086,-0.10657637,0.55517597,0.21007502,0.04025429,-0.10220630,-0.28122649,0.95333356,0.17309535,-0.58559231,3.00489306
47110012,47.09948348,-0.11524503,-0.03290811,0.06621593,-0.17290289,-0.54301042,0.82173252,-0.18915765,0.54789323,0.13481044,0.04009571,-0.10245413,-0.28042270,0.95355052,0.17377620,-0.58393812,3.00519466
47142920,47.13239288,-0.10152221,0.07487596,-0.02464778,-0.17295031,-0.54158916,0.82265968,0.01108508,0.52425518,0.18393212,0.04003856,-0.10240188,-0.27961385,0.95379590,0.17382436,-0.58221530,3.00548481
47175848,47.16532135,0.00626187,0.06488361,-0.01039204,-0.17348670,-0.54012994,0.82350625,-0.15195275,0.50765924,0.19700157,0.03990952,-0.10258624,-0.27878859,0.95402326,0.17436890,-0.58050513,3.00577330
47208804,47.19827651,0.08446861,-0.00199847,0.09645942,-0.17384929,-0.53864898,0.82439889,-0.09568196,0.51447906,0.20270073,0.03979528,-0.10268230,-0.27795119,0.95426187,0.17473719,-0.57875051,3.00608968
47241780,47.23125076,0.19611637,-0.02344870,0.03557274,-0.17427589,-0.53715090,0.82528572,-0.10941550,0.50394778,0.16983151,0.03967611,-0.10281037,-0.27710487,0.95449914,0.17517039,-0.57698421,3.00639843
47274716,47.26418685,0.15161715,-0.12417151,0.14242420,-0.17469534,-0.53565368,0.82616977,-0.08751169,0.51563415,0.09155488,0.03954539,-0.10293163,-0.27626106,0.95473604,0.17559638,-0.57522010,3.00673389
47307648,47.29711914,0.09352833,0.03197550,0.06528330,-0.17507523,-0.53416433,0.82705326,-0.08127243,0.51927175,0.12778073,0.03943218,-0.10303763,-0.27542076,0.95497207,0.17598218,-0.57346248,3.00704455
47340532,47.33000564,0.05235988,0.01132465,0.02771210,-0.17541951,-0.53268041,0.82793664,-0.07775432,0.53365697,0.14423131,0.03932502,-0.10312708,-0.27458395,0.95520772,0.17633190,-0.57170944,3.00735330
47373404,47.36287689,0.01092496,0.02171669,0.10911638,-0.17603409,-0.53120794,0.82875204,-0.15355575,0.53731145,0.10825968,0.03917432,-0.10334780,-0.27375748,0.95542726,0.17695620,-0.57000331,3.00766658
47406300,47.39577102,0.02744564,-0.02424809,0.13669525,-0.17635545,-0.52971782,0.82963695,-0.07315627,0.50969829,0.16718917,0.03906060,-0.10342357,-0.27291939,0.95566349,0.17728262,-0.56824374,3.00799775
47439236,47.42870712,-0.01678714,-0.13762786,0.11178101,-0.17677879,-0.52823300,0.83049325,-0.08982277,0.52115292,0.08649891,0.03892869,-0.10354861,-0.27208642,0.95589284,0.17771275,-0.56650400,3.00833439
47472240,47.46171188,-0.05902143,-0.16693873,0.05369219,-0.17689120,-0.52676386,0.83140192,-0.00206387,0.50869746,0.08949649,0.03884315,-0.10352336,-0.27125983,0.95613393,0.17782695,-0.56474914,3.00866961
47505216,47.49468612,-0.16374120,-0.01838591,-0.09126340,-0.17716457,-0.52530136,0.83226852,-0.05135104,0.50821151,0.11231155,0.03875029,-0.10358170,-0.27043757,0.95636425,0.17810474,-0.56302251,3.00896883
47538252,47.52772521,-0.13509647,0.10631854,-0.05968760,-0.17753977,-0.52383022,0.83311529,-0.10786061,0.51943569,0.22889642,0.03864662,-0.10369071,-0.26961171,0.95658979,0.17848597,-0.56129908,3.00926017
47571268,47.56074142,0.08087137,0.03437366,-0.02504747,-0.17788515,-0.52232294,0.83398742,-0.10409728,0.50498895,0.24804382,0.03854314,-0.10378282,-0.26876618,0.95682182,0.17883692,-0.55953073,3.00956535
47604260,47.59373092,0.14948544,-0.10418684,-0.02251608,-0.17817485,-0.52080345,0.83487567,-0.05961812,0.49590110,0.12069077,0.03844170,-0.10384585,-0.26791448,0.95705804,0.17913131,-0.55774269,3.00988531
47637228,47.62670135,0.00346401,-0.08633384,-0.06754824,-0.17860836,-0.51930379,0.83571681,-0.07090335,0.49318075,0.01438081,0.03832310,-0.10398118,-0.26707582,0.95728244,0.17957191,-0.55599727,3.01019430
47670168,47.65964126,-0.13416385,0.01971822,-0.02824502,-0.17900467,-0.51781883,0.83655281,-0.08344649,0.48608055,0.11510730,0.03820967,-0.10409917,-0.26624584,0.95750532,0.17997472,-0.55426664,3.01050233
47703156,47.69262695,-0.12470445,-0.04090198,-0.02971057,-0.17927167,-0.51633172,0.83741436,-0.05705646,0.48532586,0.14891380,0.03811183,-0.10415341,-0.26541435,0.95773401,0.18024611,-0.55252051,3.01081800
47736196,47.72566986,-0.08513477,0.05022818,-0.08180397,-0.17956923,-0.51483721,0.83827037,-0.07091906,0.48651690,0.17808699,0.03801743,-0.10422470,-0.26457879,0.95796127,0.18054857,-0.55077056,3.01111817
47769188,47.75865936,-0.00719449,0.01332312,-0.03184226,-0.17994718,-0.51332569,0.83911619,-0.09593173,0.48256397,0.17919439,0.03790733,-0.10433367,-0.26373555,0.95818634,0.18093276,-0.54901142,3.01142907
47802184,47.79165649,0.01358959,-0.08526800,0.02637979,-0.18028652,-0.51180596,0.83997125,-0.06238925,0.46956963,0.09044868,0.03779432,-0.10442144,-0.26288893,0.95841398,0.18127773,-0.54723973,3.01175904
47835108,47.82458114,-0.08593415,-0.02771210,-0.03503981,-0.18063642,-0.51029963,0.84081182,-0.06203935,0.46684260,0.08179563,0.03768552,-0.10451681,-0.26205012,0.95863733,0.18163354,-0.54548711,3.01207542
47868136,47.85760879,-0.14175803,-0.05329250,0.00253139,-0.18108533,-0.50879945,0.84162406,-0.10211780,0.46802797,0.12492872,0.03755897,-0.10466003,-0.26121678,0.95885410,0.18208993,-0.54375457,3.01239848
47901156,47.89062881,-0.10445330,-0.06448392,-0.00559571,-0.18133009,-0.50729184,0.84248104,-0.04791794,0.44820981,0.13945257,0.03746030,-0.10470319,-0.26037800,0.95908145,0.18233881,-0.54199190,3.01272606
47934164,47.92363739,-0.12790198,-0.02091731,-0.01678714,-0.18159245,-0.50578494,0.84332981,-0.05497982,0.45500369,0.15349632,0.03736159,-0.10475594,-0.25954022,0.95930652,0.18260564,-0.54023370,3.01304841
47967204,47.95667648,-0.06155283,-0.06475038,0.00279786,-0.18182868,-0.50426654,0.84418764,-0.05449945,0.46373920,0.17534363,0.03726357,-0.10479496,-0.25869674,0.95953378,0.18284588,-0.53846092,3.01337862
48000208,47.98968124,-0.06355130,-0.00706126,-0.00892649,-0.18226535,-0.50274391,0.84500169,-0.09263699,0.45782203,0.11373854,0.03714184,-0.10493330,-0.25785293,0.95975065,0.18328989,-0.53670682,3.01369929
48033272,48.02274322,-0.04876263,-0.04316692,0.03464012,-0.18252962,-0.50121541,0.84585218,-0.05233366,0.44555134,0.14218491,0.03703840,-0.10498582,-0.25700554,0.95997610,0.18355870,-0.53492856,3.01403403
48066252,48.05572509,-0.07887290,-0.09312864,-0.01532159,-0.18277664,-0.49968953,0.84670085,-0.03841476,0.43206257,0.09177566,0.03693818,-0.10503052,-0.25616004,0.96020097,0.18380996,-0.53315324,3.01436686
48099236,48.08870697,-0.08913170,0.09486064,-0.03703828,-0.18299139,-0.49816641,0.84755182,-0.04259453,0.41955313,0.17612981,0.03685167,-0.10506225,-0.25531535,0.96042585,0.18402839,-0.53137898,3.01468038
48132192,48.12166213,0.04316692,0.02971057,0.02291577,-0.18328792,-0.49661498,0.84839773,-0.07501285,0.42459349,0.21263742,0.03674815,-0.10513173,-0.25445699,0.96064996,0.18432999,-0.52958250,3.01500892
48165132,48.15460586,0.09166309,-0.01998469,0.02291577,-0.18355284,-0.49505419,0.84925231,-0.04056825,0.42425341,0.09703672,0.03664721,-0.10518517,-0.25359392,0.96087627,0.18459950,-0.52777309,3.01534271
48198096,48.18756866,0.03783767,0.04529862,0.03064318,-0.18393601,-0.49349627,0.85007581,-0.06459915,0.41927752,0.08840072,0.03653196,-0.10529749,-0.25273406,0.96109485,0.18498930,-0.52598180,3.01567149
48231056,48.22052764,0.00399694,0.01199081,0.02984380,-0.18422875,-0.49194173,0.85091295,-0.05185523,0.41992025,0.12052263,0.03642673,-0.10536530,-0.25187621,0.96131649,0.18528714,-0.52418642,3.01600551
48263964,48.25343704,0.01412251,-0.00452986,-0.00093262,-0.18447142,-0.49038629,0.85175781,-0.04233521,0.42105035,0.12749028,0.03632986,-0.10540921,-0.25101780,0.96153984,0.18553407,-0.52238607,3.01633691
48296892,48.28636550,0.00972588,0.01372282,-0.00266462,-0.18479413,-0.48882603,0.85258426,-0.06349689,0.41778111,0.13374382,0.03622301,-0.10549272,-0.25015809,0.96175880,0.18586242,-0.52059054,3.01666665
48329808,48.31927871,0.01145789,0.00159877,0.05355895,-0.18511417,-0.48726077,0.85341033,-0.06146786,0.41475100,0.13194119,0.03611176,-0.10557379,-0.24929678,0.96197767,0.18618807,-0.51879072,3.01700711
48362700,48.35217285,0.02677948,0.00439663,0.02371516,-0.18532505,-0.48569669,0.85425586,-0.03391322,0.42124357,0.12816596,0.03601718,-0.10560214,-0.24843547,0.96220092,0.18640266,-0.51698188,3.01734423
48395612,48.38508224,0.01105819,-0.01945176,0.01851914,-0.18559498,-0.48412857,0.85508699,-0.04609446,0.41235122,0.11390717,0.03591381,-0.10565941,-0.24757330,0.96242065,0.18667736,-0.51517653,3.01768326
48428576,48.41804885,0.00746095,0.01758652,0.00399694,-0.18590824,-0.48255767,0.85590639,-0.05774410,0.41346588,0.12138856,0.03580735,-0.10573884,-0.24671034,0.96263751,0.18699615,-0.51337437,3.01801681
48461476,48.45094680,0.02091731,0.00839357,0.00386371,-0.18616099,-0.48098392,0.85673694,-0.04430775,0.40481204,0.12739396,0.03570827,-0.10578856,-0.24584593,0.96285686,0.18725342,-0.51156396,3.01835274
48494364,48.48383712,0.00719449,0.02811179,0.01732006,-0.18642979,-0.47940816,0.85756130,-0.04794520,0.39835348,0.13120824,0.03560658,-0.10584626,-0.24498131,0.96307458,0.18752699,-0.50975465,3.01868987
48527232,48.51670455,0.01385605,-0.00386371,0.00786064,-0.18674631,-0.47782831,0.85837383,-0.05617361,0.41386346,0.10793472,0.03549816,-0.10592745,-0.24411549,0.96328954,0.18784915,-0.50794734,3.01902818
48560096,48.54956817,0.00373047,-0.03064318,0.02011792,-0.18707464,-0.47624611,0.85918130,-0.05657772,0.40495705,0.09784991,0.03538607,-0.10601413,-0.24324944,0.96350326,0.18818336,-0.50614027,3.01937127
48592976,48.58244705,-0.01132465,0.01918530,0.02731240,-0.18728488,-0.47466783,0.86000862,-0.03439480,0.39556627,0.13193476,0.03529008,-0.10604335,-0.24238505,0.96372137,0.18839740,-0.50432672,3.01971364
48625872,48.61534500,0.00479632,-0.00079939,0.02091731,-0.18757308,-0.47308130,0.86081972,-0.05217300,0.40325708,0.12257875,0.03518379,-0.10611087,-0.24151744,0.96393566,0.18869080,-0.50251364,3.02005672
48658784,48.64825439,0.02078407,-0.00146554,0.01505513,-0.18779396,-0.47149224,0.86164255,-0.03339745,0.39702935,0.11101372,0.03508659,-0.10614557,-0.24064846,0.96415252,0.18891571,-0.50069217,3.02040004
48691752,48.68122482,0.01332312,0.03877029,0.00333078,-0.18797920,-0.46990485,0.86246900,-0.02515558,0.39324469,0.11653490,0.03499613,-0.10616359,-0.23978044,0.96437005,0.18910427,-0.49887046,3.02073907
48724648,48.71411895,0.00746095,-0.01052527,0.00719449,-0.18817018,-0.46831517,0.86329193,-0.02887084,0.40361790,0.11888582,0.03490227,-0.10618398,-0.23891215,0.96458683,0.18929872,-0.49704833,3.02108383
48757552,48.74702453,0.01039204,-0.02091731,-0.01425574,-0.18851923,-0.46671686,0.86408061,-0.05708623,0.39249813,0.08196432,0.03479003,-0.10628273,-0.23804104,0.96479520,0.18965416,-0.49523477,3.02142429
48790484,48.77995681,-0.03610566,0.01159112,-0.00746095,-0.18880559,-0.46512336,0.86487693,-0.04679009,0.38626594,0.10387302,0.03468557,-0.10635099,-0.23717262,0.96500530,0.18994577,-0.49342169,3.02176547
48823392,48.81286239,-0.02224962,0.01305666,0.01132465,-0.18911618,-0.46352396,0.86566743,-0.06063968,0.37636575,0.14043611,0.03457662,-0.10643093,-0.23630197,0.96521396,0.19026205,-0.49160594,3.02211022
48856348,48.84582138,0.04889586,-0.00013323,0.02957734,-0.18936396,-0.46191220,0.86647453,-0.04281376,0.37035944,0.12693369,0.03447411,-0.10647939,-0.23542473,0.96542663,0.19051438,-0.48977079,3.02246046
48889292,48.87876510,0.01039204,0.01279020,0.03197550,-0.18967605,-0.46030173,0.86726303,-0.05031417,0.37753806,0.09880144,0.03436360,-0.10655995,-0.23454942,0.96563482,0.19083224,-0.48794565,3.02280974
48922212,48.91168212,0.01412251,0.00066616,0.02371516,-0.18988342,-0.45869245,0.86806955,-0.02520447,0.37714946,0.08749682,0.03426604,-0.10658916,-0.23367450,0.96584701,0.19104348,-0.48611259,3.02316045
48955108,48.94458007,-0.01012557,0.01345635,0.01132465,-0.19011353,-0.45708379,0.86886787,-0.03620483,0.38213264,0.11355401,0.03416668,-0.10663011,-0.23280060,0.96605720,0.19127779,-0.48428411,3.02350878
48987996,48.97746658,-0.00479632,0.00732772,0.00253139,-0.19032054,-0.45547275,0.86966800,-0.03257984,0.37539463,0.11885739,0.03407031,-0.10665996,-0.23192586,0.96626768,0.19148868,-0.48245234,3.02385735
49020888,49.01036071,0.03144257,0.01478867,0.01159112,-0.19059056,-0.45385041,0.87045679,-0.04354030,0.37133088,0.10781474,0.03396619,-0.10672081,-0.23104603,0.96647539,0.19176369,-0.48061552,3.02420663
49053780,49.04325103,0.02358193,0.02997703,-0.00532925,-0.19082189,-0.45222873,0.87124977,-0.03207849,0.37019748,0.09579128,0.03386831,-0.10676324,-0.23016672,0.96668395,0.19199934,-0.47877721,3.02455329
49086680,49.07615280,0.00359724,0.01172435,0.00466309,-0.19121327,-0.45060424,0.87200527,-0.06757578,0.35856323,0.10040689,0.03374948,-0.10688464,-0.22928805,0.96688346,0.19239808,-0.47695360,3.02490139
49119560,49.10903167,0.00253139,0.01798622,0.02558040,-0.19145045,-0.44897913,0.87279119,-0.03804174,0.36450648,0.11622245,0.03364749,-0.10692964,-0.22840852,0.96709022,0.19263973,-0.47511506,3.02525568
49152488,49.14196014,0.01918530,0.01745329,0.00532925,-0.19170541,-0.44734869,0.87357168,-0.04169301,0.37020025,0.11226816,0.03354497,-0.10698395,-0.22752671,0.96729545,0.19289957,-0.47327394,3.02560710
49185412,49.17488479,0.03050996,0.01318989,0.00905972,-0.19196758,-0.44571361,0.87434968,-0.04045430,0.36465892,0.10099209,0.03344108,-0.10704183,-0.22664308,0.96750011,0.19316663,-0.47142972,3.02596020
49218276,49.20774841,0.01505513,0.00559571,-0.00479632,-0.19225388,-0.44407734,0.87511940,-0.04260939,0.35057148,0.08972436,0.03333475,-0.10711202,-0.22575953,0.96770267,0.19345837,-0.46958808,3.02631235
49251156,49.24062728,-0.01239050,0.02105054,0.02398162,-0.19253131,-0.44244251,0.87588596,-0.04477337,0.35967886,0.10751248,0.03322741,-0.10717769,-0.22487761,0.96790437,0.19374107,-0.46774883,3.02666878
49284032,49.27350234,0.00626187,-0.01132465,-0.01039204,-0.19271034,-0.44080777,0.87667064,-0.02433068,0.35877652,0.10208917,0.03313327,-0.10719530,-0.22399530,0.96811027,0.19392352,-0.46590132,3.02702355
49316960,49.30643081,-0.00666156,-0.02384839,-0.00199847,-0.19296683,-0.43916735,0.87743682,-0.03896676,0.33833727,0.09741664,0.03302839,-0.10725103,-0.22311136,0.96831169,0.19418495,-0.46405677,3.02738118
49349960,49.33943176,-0.03317458,0.03104288,0.00719449,-0.19323824,-0.43752837,0.87819595,-0.04382230,0.35085844,0.10959703,0.03292292,-0.10731475,-0.22222878,0.96851129,0.19446152,-0.46221680,3.02773618
49382908,49.37237930,0.00413017,0.00239816,0.02451455,-0.19352831,-0.43587985,0.87895116,-0.04743847,0.34481539,0.10688866,0.03281299,-0.10738722,-0.22134206,0.96870985,0.19475721,-0.46036949,3.02809691
49415812,49.40528488,0.01292343,0.01678714,0.00346401,-0.19372521,-0.43423180,0.87972335,-0.02771034,0.33974938,0.10465170,0.03271599,-0.10741426,-0.22045514,0.96891241,0.19495790,-0.45851483,3.02845478
49448720,49.43819046,0.01478867,0.00879326,0.00866003,-0.19394112,-0.43257961,0.88048954,-0.03408621,0.33663237,0.11487175,0.03261587,-0.10745071,-0.21956686,0.96911354,0.19517795,-0.45665898,3.02881479
49481588,49.47106170,0.01185758,-0.02797856,0.02198316,-0.19419782,-0.43092288,0.88124465,-0.03358538,0.34547367,0.07261276,0.03250859,-0.10750700,-0.21867735,0.96931180,0.19543967,-0.45480365,3.02917981
49514472,49.50394439,-0.00826034,0.02504747,-0.00985911,-0.19445481,-0.42926840,0.88199520,-0.03601393,0.34943439,0.08602238,0.03240528,-0.10756471,-0.21778917,0.96950883,0.19570169,-0.45295228,3.02953648
49547412,49.53688430,-0.01185758,-0.00319755,-0.01079173,-0.19470636,-0.42761125,0.88274459,-0.03844793,0.32849013,0.10040969,0.03230134,-0.10761963,-0.21690020,0.96970558,0.19595811,-0.45109882,3.02989625
49580428,49.56990051,-0.00746095,0.00786064,0.00466309,-0.19493600,-0.42595105,0.88349609,-0.03431204,0.32536509,0.10332037,0.03219911,-0.10766373,-0.21601016,0.96990261,0.19619225,-0.44924144,3.03025841
49613356,49.60282897,0.03011026,0.00732772,-0.00399694,-0.19517432,-0.42428293,0.88424577,-0.03920068,0.33224189,0.11477763,0.03209670,-0.10771237,-0.21511635,0.97009925,0.19643524,-0.44737739,3.03061985
49646260,49.63573074,0.05129403,-0.01665390,0.02145023,-0.19546402,-0.42260608,0.88498439,-0.04086409,0.32470569,0.08034766,0.03198580,-0.10778596,-0.21421918,0.97029323,0.19673066,-0.44551010,3.03098726
49679144,49.66861724,-0.00146554,-0.00199847,0.00452986,-0.19571942,-0.42093644,0.88572349,-0.03157550,0.32279191,0.06959874,0.03187993,-0.10784330,-0.21332602,0.97048721,0.19699104,-0.44364891,3.03135204
49712060,49.70153045,-0.03437366,0.02264931,0.01052527,-0.19598169,-0.41926913,0.88645610,-0.03888158,0.32527496,0.09669822,0.03177303,-0.10790437,-0.21243481,0.97067937,0.19725847,-0.44179258,3.03171706
49744956,49.73442840,-0.00532925,-0.00266462,0.00719449,-0.19619674,-0.41759638,0.88719787,-0.03305130,0.31237175,0.10816342,0.03167109,-0.10794205,-0.21154093,0.97087373,0.19747776,-0.43992700,3.03208422
49777884,49.76735687,0.00626187,-0.02371516,-0.00945942,-0.19637288,-0.41592135,0.88794507,-0.02359782,0.30727877,0.09447676,0.03157387,-0.10796073,-0.21064608,0.97106924,0.19765745,-0.43805680,3.03245139
49810860,49.80033111,-0.00013323,0.03597244,0.01412251,-0.19661895,-0.41424169,0.88867578,-0.03555877,0.31829440,0.09765237,0.03146907,-0.10801436,-0.20974977,0.97126083,0.19790839,-0.43618936,3.03281784
49843796,49.83326721,0.04356661,0.00972588,0.00053292,-0.19692883,-0.41255145,0.88939294,-0.04721179,0.31562762,0.09254062,0.03135759,-0.10809978,-0.20884883,0.97144899,0.19822446,-0.43431777,3.03318405
49876708,49.86618041,0.01785299,0.00652833,0.01159112,-0.19716118,-0.41086368,0.89012250,-0.02915718,0.30490665,0.07887161,0.03125315,-0.10814670,-0.20794935,0.97164001,0.19846143,-0.43244295,3.03355431
49909584,49.89905548,-0.00186524,0.00053292,0.01945176,-0.19741549,-0.40917577,0.89084339,-0.03402981,0.30858983,0.08156872,0.03114516,-0.10820461,-0.20705065,0.97182903,0.19872085,-0.43057141,3.03392672
49942464,49.93193435,0.02224962,0.00559571,0.00066616,-0.19766590,-0.40748243,0.89156398,-0.03255871,0.30836131,0.07767433,0.03103943,-0.10826109,-0.20614936,0.97201776,0.19897626,-0.42869482,3.03429627
49975356,49.96482849,0.00706126,0.01292343,0.00239816,-0.19804006,-0.40578837,0.89225311,-0.05366892,0.30324933,0.07576442,0.03092022,-0.10837947,-0.20524926,0.97219877,0.19935799,-0.42683067,3.03466439
50008216,49.99768829,0.00799387,-0.00293109,0.00612864,-0.19821607,-0.40409517,0.89298210,-0.02468431,0.29789400,0.10018194,0.03082129,-0.10839931,-0.20434877,0.97238931,0.19953761,-0.42495031,3.03503775
50041108,50.03057861,0.03490658,-0.00559571,0.00759418,-0.19837827,-0.40239629,0.89371328,-0.02037172,0.29961311,0.09114998,0.03072382,-0.10841239,-0.20344572,0.97258043,0.19970303,-0.42306365,3.03541207
50074060,50.06353378,0.03170903,0.03397396,-0.00279786,-0.19860397,-0.40069227,0.89442834,-0.02893509,0.29449110,0.08433145,0.03062138,-0.10845766,-0.20254073,0.97276744,0.19993334,-0.42117872,3.03578233
50106972,50.09644317,0.05915467,0.03344104,0.01132465,-0.19887542,-0.39897966,0.89513320,-0.04209137,0.29399919,0.10608751,0.03051305,-0.10852553,-0.20163214,0.97295198,0.20021030,-0.41928977,3.03615522
50139868,50.12934112,0.07341041,0.02637979,0.00732772,-0.19906805,-0.39726554,0.89585247,-0.02236749,0.29570304,0.07924515,0.03041318,-0.10855443,-0.20072271,0.97313985,0.20040686,-0.41739339,3.03652930
50172728,50.16220092,0.04156814,0.00186524,-0.00559571,-0.19935440,-0.39555118,0.89654741,-0.03428818,0.30009219,0.05779833,0.03030319,-0.10863027,-0.19981442,0.97332181,0.20069901,-0.41550664,3.03690266
50205596,50.19506835,-0.00159877,0.00799387,0.01825268,-0.19959944,-0.39384078,0.89724559,-0.02525407,0.29130172,0.05246139,0.03019533,-0.10868551,-0.19890878,0.97350454,0.20094909,-0.41362204,3.03728079
50238452,50.22792434,-0.01745329,0.00253139,0.01332312,-0.19981409,-0.39213191,0.89794569,-0.03016637,0.29496395,0.09277695,0.03009034,-0.10872592,-0.19800436,0.97368745,0.20116822,-0.41173787,3.03765988
50271372,50.26084518,-0.00519602,-0.00759418,-0.01119142,-0.20003428,-0.39041927,0.89864273,-0.03263172,0.29056575,0.09696269,0.02998652,-0.10876963,-0.19709825,0.97386970,0.20139293,-0.40985121,3.03803586
50304384,50.29385757,0.03490658,-0.00093262,-0.00146554,-0.20024847,-0.38869743,0.89934148,-0.02948785,0.27663688,0.09064877,0.02988290,-0.10881029,-0.19618779,0.97405223,0.20161154,-0.40795526,3.03841400
50337316,50.32678985,0.01252374,0.00799387,0.02065084,-0.20046694,-0.38697612,0.90003490,-0.02633970,0.28541362,0.07481861,0.02977708,-0.10885307,-0.19527837,0.97423343,0.20183448,-0.40606160,3.03879570
50370204,50.35967636,0.02518070,0.03250842,-0.01052527,-0.20066652,-0.38525199,0.90072946,-0.02662839,0.27758598,0.09096974,0.02967640,-0.10888731,-0.19436758,0.97441473,0.20203826,-0.40416474,3.03917145
50403096,50.39256668,0.04689740,-0.00039969,0.01638744,-0.20079579,-0.38352560,0.90143718,-0.01380381,0.27439475,0.08171713,0.02957993,-0.10888611,-0.19345590,0.97459917,0.20217020,-0.40226035,3.03955459
50435984,50.42545700,0.01638744,0.00399694,0.02584686,-0.20108721,-0.38179421,0.90210666,-0.03475262,0.27803444,0.06102812,0.02946581,-0.10896580,-0.19254339,0.97477426,0.20246772,-0.40036635,3.03993844
50468836,50.45830917,0.01985145,0.00066616,0.01612098,-0.20132458,-0.38006134,0.90278568,-0.02719104,0.27727813,0.06425536,0.02935761,-0.10901882,-0.19163012,0.97495183,0.20271000,-0.39846704,3.04032254
50501684,50.49115753,0.01478867,-0.00133231,0.00812710,-0.20155448,-0.37832708,0.90346221,-0.02964668,0.26992864,0.07969207,0.02925067,-0.10906856,-0.19071663,0.97512836,0.20294477,-0.39656707,3.04070591
50534592,50.52406311,0.01345635,0.02291577,0.01199081,-0.20173068,-0.37659339,0.90414714,-0.02409940,0.27698402,0.09463215,0.02914940,-0.10909180,-0.18980354,0.97530708,0.20312464,-0.39466428,3.04108953
50567520,50.55699157,0.04729709,-0.00866003,0.01825268,-0.20196352,-0.37484893,0.90481986,-0.02997007,0.27255401,0.07760203,0.02904110,-0.10914311,-0.18888579,0.97548274,0.20336236,-0.39275598,3.04147648
50600460,50.58993148,0.02797856,0.01931853,0.00133231,-0.20210332,-0.37311055,0.90550689,-0.01054315,0.26739766,0.05787206,0.02894408,-0.10914882,-0.18797098,0.97566165,0.20350511,-0.39084766,3.04185986
50633376,50.62284851,0.02291577,0.00146554,-0.00746095,-0.20225999,-0.37136945,0.90618696,-0.01722244,0.26834211,0.07354939,0.02884516,-0.10916316,-0.18705539,0.97583875,0.20366511,-0.38893926,3.04224371
50666264,50.65573501,0.01305666,0.00972588,0.01065850,-0.20262892,-0.36962413,0.90681829,-0.04859178,0.27050304,0.06705868,0.02872415,-0.10928351,-0.18613957,0.97600412,0.20404179,-0.38704562,3.04262781
50699120,50.68859100,0.03357427,0.03090965,0.01572129,-0.20287122,-0.36787221,0.90747632,-0.03248033,0.26362416,0.08593190,0.02861576,-0.10934078,-0.18521994,0.97617588,0.20428924,-0.38513517,3.04301428
50731980,50.72145080,0.05942113,0.00932619,0.01252374,-0.20305213,-0.36611607,0.90814571,-0.02058068,0.26137974,0.07281131,0.02851288,-0.10936746,-0.18429826,0.97635021,0.20447399,-0.38321619,3.04340314
50764860,50.75433349,0.03224196,-0.00519602,0.00532925,-0.20327670,-0.36436030,0.90880126,-0.02035610,0.26353023,0.04188233,0.02840549,-0.10941625,-0.18337760,0.97652120,0.20470337,-0.38130271,3.04379200
50797700,50.78717041,-0.02278254,0.00000000,0.00399694,-0.20343964,-0.36261379,0.90946331,-0.01335724,0.26324856,0.05074179,0.02830369,-0.10943470,-0.18246202,0.97669372,0.20486977,-0.37939546,3.04418134
50830596,50.82006835,-0.00399694,0.01838591,-0.00053292,-0.20370104,-0.36085865,0.91010227,-0.03970717,0.26198170,0.10015161,0.02819349,-0.10950269,-0.18154289,0.97686033,0.20513679,-0.37748839,3.04456830
50863572,50.85304260,0.04143491,0.00279786,0.01412251,-0.20389208,-0.35909533,0.91075696,-0.02389112,0.25655627,0.07874501,0.02808859,-0.10953532,-0.18061964,0.97703094,0.20533194,-0.37556762,3.04496026
50896484,50.88595581,0.03743798,-0.00919296,0.00746095,-0.20403621,-0.35733280,0.91141748,-0.01178409,0.24844608,0.05391455,0.02798805,-0.10954480,-0.17969704,0.97720279,0.20547919,-0.37364518,3.04535293
50929376,50.91884613,0.00532925,0.03117611,-0.00359724,-0.20425744,-0.35556995,0.91205730,-0.02450234,0.24277698,0.06597001,0.02788185,-0.10959345,-0.17877507,0.97736949,0.20570511,-0.37173006,3.04574131
50962272,50.95174407,0.01652067,0.00812710,0.02304901,-0.20450196,-0.35380134,0.91269025,-0.02816406,0.24003181,0.06655783,0.02777068,-0.10965343,-0.17785100,0.97753458,0.20595490,-0.36981179,3.04613590
50995144,50.98461532,0.01172435,-0.01079173,0.00879326,-0.20457260,-0.35204176,0.91335430,-0.00441177,0.23827223,0.06442887,0.02767637,-0.10962703,-0.17693113,0.97770700,0.20602710,-0.36789050,3.04653048
51028000,51.01747131,0.00999234,0.01132465,0.02065084,-0.20481615,-0.35027003,0.91398067,-0.03200026,0.24528956,0.08138061,0.02756531,-0.10968708,-0.17600641,0.97787036,0.20627591,-0.36597132,3.04692554
51060872,51.05034255,0.02824502,-0.01518836,0.01332312,-0.20494050,-0.34849834,0.91463003,-0.01014739,0.24156475,0.05631721,0.02746516,-0.10968773,-0.17508150,0.97803916,0.20640294,-0.36404373,3.04732251
51093792,51.08326339,0.01345635,0.00452986,-0.00319755,-0.20513017,-0.34672379,0.91526203,-0.01947920,0.23612809,0.05959153,0.02736060,-0.10972162,-0.17415580,0.97820367,0.20659670,-0.36211955,3.04771566
51126732,51.11620330,0.00279786,0.02331547,0.00639510,-0.20531573,-0.34494819,0.91589050,-0.01929365,0.23264350,0.06311345,0.02725589,-0.10975370,-0.17323014,0.97836704,0.20678639,-0.36019549,3.04811000
51159612,51.14908218,0.02651302,0.00159877,0.02011792,-0.20551791,-0.34316568,0.91651487,-0.02373013,0.23427896,0.07054567,0.02714796,-0.10979391,-0.17230153,0.97852973,0.20699291,-0.35826609,3.04850864
51192520,51.18199157,0.03530628,-0.00146554,0.00319755,-0.20560672,-0.34138689,0.91715869,-0.00581907,0.23298845,0.05696237,0.02705171,-0.10977796,-0.17137458,0.97869672,0.20708367,-0.35633313,3.04890537
51225428,51.21490097,0.01905207,0.02931087,0.01092496,-0.20577108,-0.33960306,0.91778430,-0.01615274,0.22558939,0.06170792,0.02694855,-0.10980005,-0.17044589,0.97885951,0.20725159,-0.35440187,3.04930186
51258276,51.24774932,0.03277488,-0.00146554,0.00253139,-0.20592615,-0.33781538,0.91840896,-0.01550938,0.23356733,0.06035078,0.02684591,-0.10981765,-0.16951566,0.97902183,0.20741007,-0.35246706,3.04969954
51291144,51.28061676,0.01758652,0.01318989,0.01265697,-0.20613834,-0.33602509,0.91901817,-0.02140072,0.22298798,0.05607951,0.02673754,-0.10986404,-0.16858491,0.97918043,0.20762689,-0.35053501,3.05009818
51324028,51.31349945,0.01985145,0.02038438,0.00746095,-0.20637404,-0.33423171,0.91961870,-0.02555954,0.22363600,0.06085009,0.02662749,-0.10992257,-0.16765317,0.97933664,0.20786781,-0.34860281,3.05049610
51356916,51.34638977,0.03823736,-0.00692802,0.01172435,-0.20643327,-0.33244342,0.92025346,-0.00303937,0.22428913,0.05826217,0.02653234,-0.10989288,-0.16672362,0.97950124,0.20792832,-0.34666349,3.05089712
51389868,51.37934112,0.02011792,0.00373047,0.00199847,-0.20661370,-0.33064732,0.92085952,-0.01555426,0.21834263,0.04642558,0.02642699,-0.10992422,-0.16579109,0.97965869,0.20811281,-0.34472651,3.05129647
51422796,51.41226959,0.01505513,0.01732006,0.00492956,-0.20678620,-0.32885048,0.92146472,-0.01757904,0.22118446,0.06022477,0.02632226,-0.10995181,-0.16485855,0.97981605,0.20828900,-0.34278905,3.05169630
51455680,51.44515228,0.02864472,-0.01185758,0.00399694,-0.20703444,-0.32704665,0.92205057,-0.02734055,0.20912673,0.06085956,0.02621020,-0.11001751,-0.16392336,0.97996854,0.20854275,-0.34085125,3.05209755
51488588,51.47806167,0.01625421,-0.00413017,0.00053292,-0.20717809,-0.32524631,0.92265462,-0.01108362,0.21318576,0.04487467,0.02610743,-0.11003113,-0.16298990,0.98012533,0.20868964,-0.33891038,3.05249929
51521480,51.51095199,-0.01358959,-0.00106585,0.00706126,-0.20729880,-0.32345004,0.92325887,-0.01023048,0.21651644,0.05354774,0.02600582,-0.11003351,-0.16205896,0.98028211,0.20881302,-0.33697338,3.05290246
51554400,51.54387283,0.00452986,0.01625421,0.00306432,-0.20746355,-0.32164633,0.92385187,-0.01885481,0.21446859,0.06882388,0.02590131,-0.11005828,-0.16112473,0.98043613,0.20898139,-0.33503279,3.05330419
51587296,51.57676696,0.04783001,0.01732006,0.01132465,-0.20761244,-0.31983394,0.92444744,-0.01479967,0.20997066,0.05968344,0.02579769,-0.11007515,-0.16018639,0.98059072,0.20913364,-0.33308291,3.05370807
51620196,51.60966873,0.01758652,0.00053292,0.02158346,-0.20772762,-0.31802582,0.92504510,-0.00491887,0.20962738,0.03174203,0.02569522,-0.11007521,-0.15925076,0.98074569,0.20925137,-0.33113625,3.05411529
51653120,51.64259338,-0.00732772,0.01692037,0.00866003,-0.20790264,-0.31621665,0.92562589,-0.01646260,0.20049400,0.05337799,0.02558894,-0.11010584,-0.15831518,0.98089656,0.20943026,-0.32919409,3.05451941
51686036,51.67550659,0.01398928,0.02078407,0.01505513,-0.20806839,-0.31440219,0.92620649,-0.01898238,0.20282993,0.06891066,0.02548287,-0.11013193,-0.15737734,0.98104734,0.20959973,-0.32724676,3.05492544
51718928,51.70840072,0.03250842,0.00333078,0.00972588,-0.20824615,-0.31258225,0.92678270,-0.01807220,0.20393967,0.05685991,0.02537598,-0.11016426,-0.15643708,0.98119697,0.20978145,-0.32529542,3.05533170
51751756,51.74122619,0.01798622,0.01159112,0.00932619,-0.20838634,-0.31076409,0.92736215,-0.00841053,0.20090081,0.03381949,0.02527205,-0.11017806,-0.15549809,0.98134717,0.20992484,-0.32334461,3.05573844
51784612,51.77408218,0.01585452,0.01598775,0.00905972,-0.20855031,-0.30894300,0.92793388,-0.01776806,0.19126722,0.06376535,0.02516624,-0.11020406,-0.15455807,0.98149566,0.21009242,-0.32139334,3.05614519
51817504,51.80697631,0.03064318,0.00879326,0.01598775,-0.20868659,-0.30711836,0.92850847,-0.01226068,0.18846601,0.05220443,0.02506198,-0.11021630,-0.15361664,0.98164453,0.21023182,-0.31943752,3.05655407
51850372,51.83984375,0.02957734,0.00492956,0.01838591,-0.20891251,-0.30528891,0.92906103,-0.02131209,0.18907796,0.04921043,0.02494991,-0.11027374,-0.15267358,0.98178825,0.21046278,-0.31748399,3.05696368
51883256,51.87272644,0.02011792,0.00093262,0.01305666,-0.20910439,-0.30345940,0.92961673,-0.01355185,0.19359612,0.03034425,0.02484071,-0.11031442,-0.15173083,0.98193235,0.21065907,-0.31552929,3.05737352
51916144,51.90561676,0.00279786,0.02145023,0.00572894,-0.20924515,-0.30163335,0.93017940,-0.01194626,0.18517827,0.04858035,0.02473644,-0.11032987,-0.15078992,0.98207836,0.21080296,-0.31357548,3.05778193
51949080,51.93855285,0.00812710,-0.00399694,0.01225727,-0.20935037,-0.29980602,0.93074626,-0.00964376,0.18725719,0.05289626,0.02463372,-0.11032757,-0.14984877,0.98222522,0.21091058,-0.31161904,3.05819344
51982016,51.97148895,0.00972588,0.01292343,0.01718683,-0.20950362,-0.29797358,0.93129997,-0.01461746,0.18371576,0.05356336,0.02452722,-0.11034966,-0.14890561,0.98236865,0.21106734,-0.30966160,3.05860495
52014844,52.00431442,0.03757121,0.00000000,0.00319755,-0.20972290,-0.29613283,0.93183755,-0.02147827,0.17723634,0.05302572,0.02441625,-0.11040523,-0.14795877,0.98250827,0.21129159,-0.30770099,3.05901527
52047664,52.03713607,0.01692037,0.01492190,-0.00413017,-0.20977692,-0.29430267,0.93240537,-0.00311369,0.18028900,0.04659855,0.02431923,-0.11037830,-0.14701700,0.98265523,0.21134681,-0.30574126,3.05942416
52080536,52.07000732,0.01625421,-0.00186524,0.00119908,-0.21007533,-0.29246234,0.93291702,-0.02698521,0.16697406,0.04584277,0.02420210,-0.11047437,-0.14607160,0.98278827,0.21165201,-0.30378866,3.05983376
52113404,52.10287475,0.01478867,0.02518070,0.01745329,-0.21007003,-0.29063410,0.93348922,0.00010911,0.17637628,0.05967486,0.02410791,-0.11041800,-0.14513161,0.98293609,0.21164660,-0.30182924,3.06024646
52146252,52.13572311,0.04569831,-0.00066616,-0.00106585,-0.21020369,-0.28878684,0.93403215,-0.01269670,0.17330831,0.05131942,0.02400367,-0.11043163,-0.14418269,0.98307666,0.21178336,-0.29986009,3.06065845
52179204,52.16867446,0.03064318,0.01825268,0.00732772,-0.21046361,-0.28693723,0.93454360,-0.02171412,0.17048215,0.03908920,0.02388942,-0.11050908,-0.14323358,0.98320951,0.21204922,-0.29789802,3.06107020
52212156,52.20162963,0.03330781,0.01678714,0.00652833,-0.21045389,-0.28510050,0.93510780,0.00220193,0.17279582,0.04829061,0.02379584,-0.11045129,-0.14229035,0.98335533,0.21203925,-0.29593255,3.06148290
52245076,52.23454666,0.03583920,0.00905972,-0.01105819,-0.21059925,-0.28324851,0.93563766,-0.01156871,0.16410789,0.04141307,0.02369126,-0.11047177,-0.14134023,0.98349246,0.21218798,-0.29396238,3.06189417
52278004,52.26747512,0.03157581,0.02238285,-0.00546248,-0.21087162,-0.28139367,0.93613567,-0.02277096,0.16591515,0.03920615,0.02357708,-0.11055650,-0.14038957,0.98362178,0.21246662,-0.29199862,3.06230473
52310916,52.30038833,0.04063552,0.02584686,0.01345635,-0.21089761,-0.27954525,0.93668346,-0.00419028,0.15967220,0.05867791,0.02347972,-0.11051729,-0.13944178,0.98376331,0.21249320,-0.29002639,3.06272029
52343800,52.33327102,0.06421746,0.01665390,-0.00386371,-0.21087939,-0.27769641,0.93723745,-0.00030224,0.16417103,0.05983287,0.02338727,-0.11045634,-0.13849382,0.98390636,0.21247453,-0.28805189,3.06313276
52376692,52.36616516,0.12270598,0.12523735,-0.03730475,-0.21087908,-0.27583682,0.93778648,-0.01080060,0.15742862,0.10786784,0.02329928,-0.11040533,-0.13754011,0.98404788,0.21247422,-0.28606845,3.06353425
52409640,52.39911270,0.24234762,0.14588820,-0.00039969,-0.21120617,-0.27394123,0.93826847,-0.05002430,0.16505450,0.13326478,0.02318565,-0.11051871,-0.13656964,0.98417301,0.21280884,-0.28406869,3.06394028
52442604,52.43207550,0.33467688,0.09632619,0.03503981,-0.21150996,-0.27202656,0.93875722,-0.02457403,0.16826679,0.03780526,0.02307032,-0.11061983,-0.13559001,0.98429994,0.21311960,-0.28204803,3.06435608
52475540,52.46501159,0.28018527,0.19118682,0.04250077,-0.21198947,-0.27013065,0.93919649,-0.03483669,0.18126346,0.01026642,0.02294413,-0.11081055,-0.13462102,0.98441448,0.21361029,-0.28005970,3.06476473
52508464,52.49793624,0.29337520,0.21316998,0.07341041,-0.21223907,-0.26821663,0.93968811,-0.03043671,0.18911506,0.08692324,0.02283133,-0.11088485,-0.13364254,0.98454179,0.21386573,-0.27803823,3.06518459
52541364,52.53083419,0.41315007,0.19558345,0.08260336,-0.21263434,-0.26628589,0.94014787,-0.05494377,0.19572925,0.11234236,0.02270842,-0.11103267,-0.13265632,0.98466148,0.21427021,-0.27600905,3.06560492
52574280,52.56375122,0.59567689,0.31522512,0.11124808,-0.21313343,-0.26433050,0.94058666,-0.08130016,0.20988714,0.16121995,0.02258099,-0.11123312,-0.13165788,0.98477573,0.21478099,-0.27396104,3.06602215
52607204,52.59667587,0.82017154,0.32122054,0.17639817,-0.21354110,-0.26232526,0.94105529,-0.06966202,0.23815534,0.15367126,0.02245583,-0.11138627,-0.13063426,0.98489751,0.21519830,-0.27185521,3.06645536
52640144,52.62961578,1.01375651,0.38144102,0.22702603,-0.21397776,-0.26028580,0.94152240,-0.06800466,0.25174088,0.13049906,0.02232782,-0.11155360,-0.12959358,0.98501911,0.21564528,-0.26971566,3.06689476
52673096,52.66256713,1.27035987,0.52453136,0.15401531,-0.21398072,-0.25822317,0.94208936,-0.02356810,0.27433645,0.26567430,0.02224175,-0.11150346,-0.12853844,0.98516483,0.21564836,-0.26752581,3.06731700
52706032,52.69550323,1.69070444,0.55650687,0.24061563,-0.21467268,-0.25610041,0.94251155,-0.15104997,0.30199885,0.24132633,0.02210749,-0.11180032,-0.12745535,0.98527507,0.21635673,-0.26531543,3.06774234
52738936,52.72840881,1.99980087,0.43473353,0.37131545,-0.21561007,-0.25399482,0.94286737,-0.17989773,0.32113349,0.12451542,0.02195044,-0.11222112,-0.12638323,0.98536891,0.21731655,-0.26313898,3.06817722
52771836,52.76130676,1.97968301,0.29257581,0.52932777,-0.21666243,-0.25194110,0.94317684,-0.14783953,0.37523212,-0.13214164,0.02177225,-0.11269979,-0.12534036,0.98545131,0.21839444,-0.26102530,3.06863379
52804772,52.79424285,1.78143491,0.23501989,0.51933536,-0.21755697,-0.24985818,0.94352512,-0.11300944,0.43540506,-0.20109343,0.02159878,-0.11309785,-0.12428302,0.98554344,0.21931080,-0.25887150,3.06910920
52837696,52.82716751,1.42570743,0.31575801,0.50294790,-0.21821134,-0.24776251,0.94392662,-0.08745273,0.51045780,-0.14827233,0.02143660,-0.11337412,-0.12321923,0.98564891,0.21998128,-0.25669026,3.06959939
52870656,52.86012649,1.46141347,0.39836139,0.49855132,-0.21878209,-0.24564232,0.94434833,-0.13229212,0.58914813,0.04515362,0.02128127,-0.11360827,-0.12214286,0.98575916,0.22056617,-0.25447890,3.07009172
52903600,52.89307022,1.65912857,0.35226340,0.58861560,-0.21955661,-0.24352817,0.94471607,-0.19792384,0.62658481,-0.02064383,0.02110865,-0.11394560,-0.12107126,0.98585615,0.22136006,-0.25228676,3.07059073
52936512,52.92598342,1.72054824,0.24914240,0.69266920,-0.22021884,-0.24137473,0.94511451,-0.12524013,0.64127707,-0.15141338,0.02093147,-0.11422441,-0.11998090,0.98596096,0.22203884,-0.25004706,3.07112097
52969424,52.95889663,1.74586210,0.45098776,0.57236142,-0.22059042,-0.23918194,0.94558534,-0.03941934,0.72209210,-0.09622008,0.02078478,-0.11435732,-0.11886832,0.98608341,0.22241978,-0.24774935,3.07163572
53002332,52.99180221,1.96289587,0.57142882,0.50094943,-0.22123215,-0.23698043,0.94598970,-0.14034009,0.76261520,-0.11859716,0.02063321,-0.11462879,-0.11775131,0.98618917,0.22307777,-0.24545919,3.07212495
53035260,53.02473068,1.95676717,0.56330165,0.59634304,-0.22190318,-0.23478019,0.94638118,-0.11989370,0.77164545,-0.23544363,0.02047187,-0.11491464,-0.11663646,0.98629179,0.22376589,-0.24317274,3.07263112
53068232,53.05770492,2.00499701,0.60167226,0.49442114,-0.22241144,-0.23255128,0.94681177,-0.04809637,0.83240480,-0.29056172,0.02032877,-0.11511900,-0.11550586,0.98640384,0.22428724,-0.24084751,3.07312703
53101164,53.09063720,1.83126344,0.68587441,0.37198162,-0.22315189,-0.23039216,0.94716539,-0.09862545,0.86759920,-0.47914786,0.02018390,-0.11544412,-0.11441093,0.98649644,0.22504675,-0.23860991,3.07358789
53134104,53.12357711,1.66698932,0.55437517,0.36465387,-0.22380332,-0.22824587,0.94753160,-0.06940957,0.91721067,-0.52004137,0.02003973,-0.11572424,-0.11332327,0.98659219,0.22571506,-0.23638136,3.07405900
53167020,53.15649032,1.59850835,0.76408119,0.17533230,-0.22421555,-0.22608511,0.94795150,-0.00014968,0.97681751,-0.35566639,0.01992712,-0.11588529,-0.11222580,0.98670082,0.22613806,-0.23412482,3.07450056
53199940,53.18941116,1.67964625,0.67281775,-0.06062021,-0.22484412,-0.22394719,0.94831027,-0.04761681,0.99323425,-0.61798806,0.01982206,-0.11615908,-0.11113879,0.98679389,0.22678310,-0.23190519,3.07489657
53232948,53.22241973,1.31352686,0.47137212,-0.07794027,-0.22563195,-0.22191629,0.94860086,-0.08955360,0.99193582,-0.79845438,0.01970397,-0.11651540,-0.11010806,0.98686990,0.22759165,-0.22980780,3.07528638
53265924,53.25539779,0.92449159,0.47390351,-0.12124042,-0.22631976,-0.21992216,0.94890098,-0.09570173,1.04462921,-0.66594200,0.01958983,-0.11682181,-0.10909647,0.98694810,0.22829778,-0.22774417,3.07567787
53298852,53.28832244,0.85894184,0.49575347,-0.22742574,-0.22703752,-0.21794805,0.94918508,-0.13892926,1.06706917,-0.60177297,0.01948300,-0.11714506,-0.10809452,0.98702220,0.22903470,-0.22570362,3.07604956
53331780,53.32125091,0.95566768,0.24221439,-0.19012096,-0.22796907,-0.21604170,0.94939765,-0.22881803,1.03366863,-0.75286445,0.01936185,-0.11757804,-0.10712859,0.98707847,0.22999136,-0.22374651,3.07641625
53364716,53.35418701,0.65536446,0.37837672,-0.12017458,-0.22885026,-0.21415095,0.94961395,-0.20059309,1.05912160,-0.73208465,0.01923521,-0.11798517,-0.10617183,0.98713569,0.23089644,-0.22180333,3.07680010
53397648,53.38711929,0.74089889,0.29337520,-0.07474272,-0.22973108,-0.21224668,0.94982872,-0.23975133,1.07479548,-0.65881309,0.01910435,-0.11839178,-0.10520900,0.98719263,0.23180141,-0.21984612,3.07719588
53430612,53.42008590,0.69413475,0.22209649,-0.02251608,-0.23070101,-0.21039054,0.95000686,-0.22120327,1.04486322,-0.85991897,0.01896495,-0.11884441,-0.10427186,0.98724050,0.23279805,-0.21794455,3.07759356
53463580,53.45305252,0.42487440,0.23102297,0.10538592,-0.23169617,-0.20858078,0.95016345,-0.27074522,1.07039713,-0.79391345,0.01881093,-0.11930965,-0.10336050,0.98728303,0.23382093,-0.21609330,3.07801365
53496540,53.48601150,0.49455437,0.15654669,0.20584225,-0.23255677,-0.20670051,0.95036401,-0.21299986,1.08218884,-0.73674097,0.01865200,-0.11970447,-0.10241441,0.98733682,0.23470575,-0.21416079,3.07847070
53529448,53.51892089,0.50641193,0.11764318,0.17919601,-0.23344376,-0.20483269,0.95055084,-0.19624374,1.07470571,-0.84215240,0.01849422,-0.12011357,-0.10147485,0.98738708,0.23561787,-0.21224296,3.07892227
53562376,53.55184936,0.27991886,0.11711026,0.20411024,-0.23437142,-0.20301787,0.95071210,-0.19824576,1.06996119,-0.90579023,0.01833056,-0.12054421,-0.10056328,0.98743095,0.23657195,-0.21038310,3.07937574
53595312,53.58478546,0.14442266,0.08620062,0.24541194,-0.23521921,-0.20119194,0.95089092,-0.16199756,1.08302783,-0.88936748,0.01816389,-0.12093375,-0.09964699,0.98747940,0.23744413,-0.20850744,3.07984781
53628240,53.61771011,-0.05329250,0.09259572,0.16400766,-0.23595752,-0.19936323,0.95109310,-0.12878856,1.09462690,-0.80582942,0.01800551,-0.12126823,-0.09872893,0.98753347,0.23820383,-0.20662326,3.08031773
53661208,53.65068054,0.11178101,0.04383307,0.10485299,-0.23661060,-0.19748639,0.95132246,-0.11861400,1.12937116,-0.73330492,0.01785586,-0.12155939,-0.09778575,0.98759422,0.23887591,-0.20468423,3.08078742
53694136,53.68360900,0.15228331,-0.02398162,-0.00719449,-0.23734006,-0.19563478,0.95152330,-0.10128297,1.07356452,-0.90123033,0.01771284,-0.12189126,-0.09685474,0.98764762,0.23962681,-0.20277593,3.08123278
53727104,53.71657562,0.02318224,0.03290811,-0.06221899,-0.23802051,-0.19378667,0.95173149,-0.12770214,1.10491943,-0.74885058,0.01757512,-0.12219886,-0.09592530,0.98770275,0.24032731,-0.20086898,3.08167386
53760028,53.74950027,0.12790198,0.01931853,-0.09086371,-0.23879423,-0.19195251,0.95190916,-0.16550264,1.10601496,-0.81860837,0.01743791,-0.12255505,-0.09500292,0.98775014,0.24112401,-0.19898159,3.08210277
53792968,53.78244018,0.02864472,0.01598775,-0.09566003,-0.23962492,-0.19015592,0.95206108,-0.16442780,1.06515598,-0.88101615,0.01729841,-0.12294123,-0.09410015,0.98779106,0.24197957,-0.19713669,3.08252644
53825912,53.81538391,-0.03877029,0.03743798,-0.05742266,-0.24049563,-0.18838125,0.95219430,-0.22752194,1.09048080,-0.79643254,0.01715403,-0.12334822,-0.09320932,0.98782730,0.24287648,-0.19531689,3.08295416
53858924,53.84839630,-0.00932619,-0.04996171,0.04556508,-0.24133489,-0.18658875,0.95233516,-0.18713190,1.06818056,-0.84808712,0.01700080,-0.12373828,-0.09231085,0.98786563,0.24374115,-0.19347675,3.08340716
53891876,53.88134765,0.03996937,0.02078407,0.00599541,-0.24208769,-0.18475179,0.95250196,-0.17173066,1.08807206,-0.73619337,0.01685455,-0.12408431,-0.09138938,0.98791036,0.24451704,-0.19158575,3.08386278
53924772,53.91424560,0.04822971,0.00226493,-0.00919296,-0.24288465,-0.18293117,0.95265064,-0.16629504,1.08014798,-0.83521900,0.01670816,-0.12445362,-0.09047639,0.98795051,0.24533841,-0.18971406,3.08431315
53957676,53.94714736,0.00586217,-0.02118377,0.00213170,-0.24368226,-0.18111780,0.95279321,-0.16110289,1.06905722,-0.84659204,0.01656019,-0.12482365,-0.08956760,0.98798904,0.24616084,-0.18785014,3.08476710
53990708,53.98017883,-0.00413017,0.02584686,-0.01931853,-0.24444301,-0.17928979,0.95294399,-0.15716831,1.08236598,-0.79303188,0.01641513,-0.12517513,-0.08865133,0.98802957,0.24694533,-0.18596906,3.08522248
54023816,54.01328659,0.03650536,0.02571363,-0.00959265,-0.24524173,-0.17746727,0.95307998,-0.17394770,1.06882464,-0.79878306,0.01626878,-0.12554647,-0.08773818,0.98806638,0.24776909,-0.18409563,3.08567714
54056844,54.04631423,0.01452220,-0.02757887,0.01532159,-0.24600419,-0.17563674,0.95322275,-0.14242352,1.06113481,-0.83359384,0.01612012,-0.12589925,-0.08682161,0.98810501,0.24855563,-0.18221201,3.08614277
54089876,54.07934951,-0.00253139,-0.01545482,-0.03916999,-0.24675197,-0.17380497,0.95336542,-0.14582614,1.07004523,-0.80712518,0.01597651,-0.12624527,-0.08590405,0.98814344,0.24932715,-0.18032644,3.08660125
54123024,54.11249542,0.02491424,0.04223430,-0.06941348,-0.24749269,-0.17196326,0.95350704,-0.14923583,1.06869173,-0.76698355,0.01583647,-0.12658823,-0.08498126,0.98818149,0.25009164,-0.17843017,3.08705592
54156104,54.14557647,0.02837825,-0.04743032,-0.12723582,-0.24824841,-0.17013487,0.95363864,-0.12186877,1.04708802,-0.88527927,0.01569996,-0.12693976,-0.08406503,0.98821697,0.25087168,-0.17654855,3.08750152
54189236,54.17870712,-0.27485606,-0.10072281,-0.17599845,-0.24907722,-0.16839177,0.95373172,-0.12396965,1.01629221,-0.99157352,0.01556237,-0.12733035,-0.08319245,0.98824272,0.25172739,-0.17475980,3.08793187
54222392,54.21186447,-0.54105205,-0.17559876,-0.20077946,-0.24989559,-0.16669380,0.95381603,-0.15708682,1.03485786,-0.92476329,0.01542323,-0.12771641,-0.08234331,0.98826618,0.25257251,-0.17301776,3.08836174
54255520,54.24499130,-0.81910562,-0.42141041,-0.12723582,-0.25080964,-0.16510322,0.95385284,-0.18986417,0.99298400,-1.02099156,0.01527106,-0.12815239,-0.08155054,0.98827791,0.25351655,-0.17139266,3.08879542
54288668,54.27814102,-1.26369833,-0.38610412,-0.11870903,-0.25158824,-0.16351735,0.95392093,-0.13879261,0.96918144,-0.87994632,0.01511521,-0.12851884,-0.08076120,0.98829746,0.25432097,-0.16976613,3.08925056
54321820,54.31129074,-1.58092188,-0.70319452,-0.13469678,-0.25242686,-0.16203760,0.95395164,-0.17091298,0.93449859,-0.93539695,0.01495338,-0.12891744,-0.08002676,0.98830766,0.25518760,-0.16825344,3.08969879
54354936,54.34440612,-2.20710873,-0.73277182,-0.01332312,-0.25324630,-0.16064674,0.95396995,-0.16057205,0.87109594,-0.84020042,0.01477376,-0.12930624,-0.07934012,0.98831501,0.25603449,-0.16683285,3.09017395
54388100,54.37757110,-2.21363711,-0.74729404,0.01478867,-0.25381588,-0.15915202,0.95406923,-0.17269778,0.89572429,-0.43404965,0.01459537,-0.12956552,-0.07860122,0.98834285,0.25662329,-0.16529195,3.09068584
54421208,54.41067886,-2.10358810,-0.82696628,0.08513477,-0.25425245,-0.15760087,0.95421037,-0.11855027,0.86267900,-0.37974743,0.01441445,-0.12975578,-0.07783442,0.98838119,0.25707471,-0.16368593,3.09122395
54454288,54.44375991,-1.83113012,-0.68467531,0.04116845,-0.25455319,-0.15597425,0.95439729,-0.09700930,0.86202898,-0.20390903,0.01424559,-0.12987647,-0.07702812,0.98843088,0.25738568,-0.16199488,3.09176135
54487408,54.47687911,-1.59384536,-0.82323579,0.00932619,-0.25498180,-0.15433860,0.95454893,-0.09487170,0.80204372,-0.39546691,0.01407704,-0.13006323,-0.07621706,0.98847169,0.25782895,-0.16030020,3.09228801
54520512,54.50998306,-1.76118373,-0.66469068,0.09566003,-0.25529446,-0.15269726,0.95472917,-0.06843600,0.75938673,-0.24891858,0.01390430,-0.13019031,-0.07540409,0.98851966,0.25815234,-0.15859459,3.09283518
54553572,54.54304504,-1.46501073,-0.57968912,0.02984380,-0.25542724,-0.15098942,0.95496520,-0.04169190,0.77379217,-0.07605893,0.01374741,-0.13022553,-0.07455576,0.98858156,0.25828962,-0.15681177,3.09337615
54586672,54.57614517,-1.39799535,-0.53012709,-0.04210107,-0.25575149,-0.14929114,0.95514564,-0.02891648,0.69372472,-0.33380775,0.01359174,-0.13035988,-0.07371191,0.98862943,0.25862498,-0.15504747,3.09389638
54619848,54.60932159,-1.55227718,-0.45605049,-0.10924961,-0.25574264,-0.14760185,0.95541038,0.03357467,0.65248465,-0.11825217,0.01345255,-0.13032453,-0.07287132,0.98869819,0.25861585,-0.15327873,3.09441184
54652996,54.64246749,-1.42584075,-0.48362936,-0.26792800,-0.25573608,-0.14589704,0.95567388,0.03600952,0.63686380,-0.14244145,0.01332804,-0.13029158,-0.07202105,0.98876647,0.25860910,-0.15149435,3.09489941
54686176,54.67564773,-1.67884683,-0.30736446,-0.43966307,-0.25579872,-0.14424009,0.95590858,0.06536904,0.54536314,-0.29550819,0.01321469,-0.13029592,-0.07119365,0.98882732,0.25867388,-0.14976336,3.09535169
54719316,54.70878982,-1.67511630,-0.92928791,-0.62671976,-0.25508596,-0.14272174,0.95632724,0.18770315,0.52040729,-0.03616118,0.01314696,-0.12990648,-0.07043239,0.98893413,0.25793666,-0.14814604,3.09575867
54752464,54.74193572,-1.73626956,-0.77473969,-0.94367685,-0.25498259,-0.14109625,0.95659551,0.06748259,0.42967047,-0.23540413,0.01307701,-0.12982941,-0.06961593,0.98900279,0.25782978,-0.14644247,3.09613204
54785640,54.77511215,-2.33607673,-0.22476110,-0.83482694,-0.25582485,-0.13973814,0.95657005,-0.08450716,0.31869320,-0.21950955,0.01297419,-0.13023977,-0.06893778,0.98899774,0.25870089,-0.14505647,3.09645605
54818772,54.80824279,-2.23855113,-0.83269519,-0.65070142,-0.25556192,-0.13819470,0.95686473,-0.04082480,0.24000134,0.25138723,0.01287881,-0.13008017,-0.06816691,0.98907356,0.25842890,-0.14343272,3.09688305
54851932,54.84140396,-1.79116082,-1.12620365,-0.54371666,-0.25521645,-0.13657587,0.95718946,-0.01675621,0.20224971,0.15902149,0.01277943,-0.12987731,-0.06735856,0.98915691,0.25807156,-0.14172763,3.09733462
54885104,54.87457656,-1.75039205,-0.93022050,-0.48243036,-0.25526132,-0.13492666,0.95741100,-0.00572500,0.13541494,-0.01722550,0.01266250,-0.12987394,-0.06653645,0.98921432,0.25811800,-0.14000663,3.09779357
54918192,54.90766525,-1.81114559,-0.56769828,-0.39862787,-0.25370786,-0.13410724,0.95793924,0.07524106,0.07038655,0.20124042,0.01265084,-0.12906526,-0.06612521,0.98934803,0.25651159,-0.13909162,3.09805369
54951360,54.94083023,-1.50497999,-0.47270445,-0.38250689,-0.25209732,-0.13333706,0.95847148,0.06484145,0.05179409,0.21755390,0.01265091,-0.12822896,-0.06573772,0.98948249,0.25484704,-0.13822712,3.09828615
54984468,54.97394180,-1.40585613,-1.01255738,-0.17586523,-0.25019683,-0.13447533,0.95881052,0.06806794,-0.01103248,-0.07892770,0.01276070,-0.12727239,-0.06630537,0.98956670,0.25288357,-0.13934333,3.09806203
55017620,55.00709152,-1.66645631,-0.87093267,-0.22196323,-0.24831504,-0.13564968,0.95913391,0.27028770,-0.08773900,-0.14223933,0.01287220,-0.12632644,-0.06689128,0.98964691,0.25094056,-0.14049754,3.09783029
55050780,55.04025268,-2.08560180,-0.36425423,-0.36478712,-0.24703772,-0.13760353,0.95918588,0.16378576,-0.15560935,-0.11421520,0.01301989,-0.12570247,-0.06786701,0.98965826,0.24962201,-0.14248652,3.09737563
55083912,55.07338333,-2.17166924,-0.50947623,-0.34400305,-0.24551413,-0.13935817,0.95932359,0.24942038,-0.25566136,0.07119400,0.01315884,-0.12494974,-0.06874357,0.98969116,0.24805006,-0.14425803,3.09698772
55117024,55.10649490,-1.98074874,-0.81950531,-0.36065695,-0.24399380,-0.14114317,0.95945053,0.24033169,-0.29806580,0.14089125,0.01330156,-0.12419978,-0.06963530,0.98972129,0.24648206,-0.14606071,3.09659075
55150136,55.13960647,-1.66525735,-0.63031697,-0.29670596,-0.24276955,-0.14309644,0.95947160,0.14755470,-0.31295824,0.18139749,0.01344743,-0.12360440,-0.07061162,0.98972463,0.24521987,-0.14804961,3.09614348
55183140,55.17261123,-1.32858192,-0.71398620,-0.12683613,-0.24153738,-0.14498748,0.95949888,0.19197684,-0.32058868,0.06784487,0.01358187,-0.12300387,-0.07155805,0.98972969,0.24394986,-0.14997293,3.09573054
55216204,55.20567703,-1.26503062,-0.87053289,-0.08020521,-0.24011106,-0.14673430,0.95959091,0.34142942,-0.34765048,-0.11437608,0.01371030,-0.12230207,-0.07243271,0.98975105,0.24248037,-0.15173799,3.09536743
55249228,55.23870086,-1.41877946,-0.53079323,-0.14255743,-0.23898813,-0.14869191,0.95957012,0.29977914,-0.40941352,-0.15830058,0.01384618,-0.12175931,-0.07341299,0.98974399,0.24132373,-0.15373411,3.09493851
55282292,55.27176284,-1.41811332,-0.45285301,-0.03104288,-0.23802254,-0.15072093,0.95949354,0.24656746,-0.45108566,-0.08424943,0.01397203,-0.12129781,-0.07443063,0.98972291,0.24032943,-0.15581059,3.09450912
55315324,55.30479431,-1.39866161,-0.62845177,0.01838591,-0.23676259,-0.15258584,0.95951042,0.40448718,-0.49145712,-0.14823114,0.01409376,-0.12068347,-0.07536640,0.98972539,0.23903241,-0.15770412,3.09413719
55348320,55.33779144,-1.37694478,-0.68254365,0.03410720,-0.23568339,-0.15456582,0.95945930,0.32918925,-0.53854942,-0.10936166,0.01421359,-0.12016345,-0.07636065,0.98971080,0.23792181,-0.15972447,3.09374070
55381352,55.37082290,-1.35056495,-0.61912555,0.07274425,-0.23479168,-0.15662187,0.95934457,0.31511397,-0.57628827,-0.24620981,0.01432860,-0.11974049,-0.07739392,0.98968019,0.23700430,-0.16183152,3.09332942
55414368,55.40383911,-1.47913322,-0.34240427,0.07034610,-0.23372824,-0.15859359,0.95928068,0.44100360,-0.59873061,-0.28276700,0.01444690,-0.11922908,-0.07838462,0.98966236,0.23591036,-0.16384352,3.09293985
55447320,55.43679046,-1.51350688,-0.33534302,-0.02398162,-0.23271157,-0.16060138,0.95919332,0.41947917,-0.62601971,-0.25167381,0.01457270,-0.11874313,-0.07939293,0.98963842,0.23486495,-0.16589500,3.09252834
55480336,55.46980667,-1.32445180,-0.20704135,-0.13323123,-0.23159866,-0.16251516,0.95914049,0.46670608,-0.65242624,-0.15542954,0.01471160,-0.11820809,-0.08035237,0.98962297,0.23372075,-0.16784420,3.09211325
55513356,55.50282669,-1.05106127,-0.35639357,-0.21210412,-0.23053896,-0.16443412,0.95906867,0.44806823,-0.65246038,-0.24129528,0.01485865,-0.11770148,-0.08131361,0.98960266,0.23263158,-0.16980089,3.09167814
55546420,55.53589248,-0.91956205,-0.34347014,-0.28924503,-0.22950146,-0.16634617,0.95898799,0.47339792,-0.66690578,-0.33276724,0.01501352,-0.11720720,-0.08227066,0.98957996,0.23156545,-0.17175116,3.09122800
55579404,55.56887435,-0.85707654,-0.34120521,-0.27645483,-0.22862110,-0.16832089,0.95885314,0.41856250,-0.69520449,-0.38927305,0.01516542,-0.11679449,-0.08325982,0.98954353,0.23066112,-0.17377340,3.09076285
55612388,55.60186004,-0.87799386,-0.35133075,-0.26966001,-0.22780363,-0.17032353,0.95869464,0.40700287,-0.70516471,-0.44892907,0.01531509,-0.11641452,-0.08426353,0.98950128,0.22982139,-0.17582732,3.09029436
55645376,55.63484954,-0.94114551,-0.48536138,-0.26979327,-0.22692899,-0.17232316,0.95854434,0.44982938,-0.71317486,-0.52031188,0.01546394,-0.11600564,-0.08526631,0.98946084,0.22892332,-0.17787586,3.08983516
55678468,55.66793823,-0.95500154,-0.21809954,-0.22076418,-0.22618834,-0.17435367,0.95835227,0.38756532,-0.75142760,-0.42392849,0.01560808,-0.11566580,-0.08628526,0.98941020,0.22816286,-0.17996237,3.08937001
55711472,55.70094299,-0.79152679,-0.30789742,-0.12696938,-0.22532520,-0.17631232,0.95819740,0.44309864,-0.72578725,-0.44501376,0.01574786,-0.11526228,-0.08726881,0.98936882,0.22727682,-0.18196874,3.08893632
55744488,55.73395919,-0.60806741,-0.41661410,-0.06674885,-0.22444586,-0.17823749,0.95804777,0.44417243,-0.71629376,-0.46317477,0.01588328,-0.11484999,-0.08823614,0.98932895,0.22637434,-0.18393947,3.08851885
55777512,55.76698303,-0.43393411,-0.19345174,0.02917764,-0.22369620,-0.18016197,0.95786314,0.39850090,-0.72584390,-0.45932798,0.01601174,-0.11450387,-0.08920384,0.98928012,0.22560510,-0.18591533,3.08810377
55810544,55.80001449,-0.15281622,-0.09712558,0.14309035,-0.22291092,-0.18201457,0.95769557,0.42017655,-0.74596395,-0.41008810,0.01613522,-0.11413846,-0.09013589,0.98923568,0.22479960,-0.18781476,3.08771252
55843552,55.83302307,-0.00905972,-0.26233232,0.10312098,-0.22203497,-0.18382047,0.95755434,0.52745490,-0.72902131,-0.66531801,0.01626376,-0.11372669,-0.09104408,0.98919792,0.22390108,-0.18966139,3.08732771
55876516,55.86598968,-0.25154056,-0.09312864,-0.01092496,-0.22121374,-0.18568298,0.95738487,0.49611611,-0.68858456,-0.67711143,0.01640039,-0.11334486,-0.09198032,0.98915281,0.22305891,-0.19156970,3.08691549
55909540,55.89901351,-0.19598316,-0.12763553,0.03970291,-0.22045376,-0.18755750,0.95719499,0.44970178,-0.74652452,-0.57169694,0.01653085,-0.11299431,-0.09292348,0.98910274,0.22227964,-0.19349346,3.08650922
55942556,55.93202972,-0.24208116,-0.13283154,-0.02211639,-0.21959581,-0.18940554,0.95702800,0.52452745,-0.74345579,-0.64135417,0.01666881,-0.11259431,-0.09385289,0.98905811,0.22140021,-0.19538526,3.08610296
55975596,55.96506881,-0.16920366,-0.14015926,-0.07487596,-0.21878542,-0.19126235,0.95684461,0.46439085,-0.72621812,-0.56695203,0.01681059,-0.11221948,-0.09478647,0.98900947,0.22056958,-0.19728849,3.08568429
56008592,55.99806213,-0.09486064,-0.06448392,-0.01598775,-0.21809208,-0.19313883,0.95662584,0.42341432,-0.73972249,-0.60237779,0.01694541,-0.11190459,-0.09573081,0.98895177,0.21985907,-0.19921790,3.08526587
56041600,56.03107070,-0.14042572,-0.15108423,0.00532925,-0.21726305,-0.19497971,0.95644083,0.52903060,-0.73275465,-0.73427290,0.01708087,-0.11152009,-0.09665763,0.98890266,0.21900973,-0.20110399,3.08486676
56074576,56.06404876,-0.28991117,-0.18492496,-0.08593415,-0.21643638,-0.19685234,0.95624504,0.50232505,-0.71135082,-0.69818835,0.01722218,-0.11113818,-0.09760030,0.98885078,0.21816284,-0.20302352,3.08445334
56107628,56.09709930,-0.25833537,-0.06008729,-0.09019755,-0.21563575,-0.19872063,0.95603904,0.47418069,-0.72583990,-0.59959368,0.01736488,-0.11077009,-0.09854085,0.98879613,0.21734294,-0.20494008,3.08403611
56140604,56.13007736,-0.15534763,-0.09539357,-0.04356661,-0.21481812,-0.20056459,0.95583820,0.50217161,-0.76281428,-0.61941242,0.01750468,-0.11039295,-0.09946965,0.98874292,0.21650564,-0.20683045,3.08363103
56173648,56.16312026,-0.17360030,-0.18305971,-0.10711791,-0.21400346,-0.20242106,0.95562953,0.50575151,-0.73410234,-0.70807099,0.01764819,-0.11001827,-0.10040473,0.98868761,0.21567158,-0.20873429,3.08321809
56206676,56.19614791,-0.16573966,-0.08833231,-0.03317458,-0.21328845,-0.20429973,0.95538959,0.43374743,-0.70610065,-0.65460829,0.01778351,-0.10969445,-0.10135205,0.98862447,0.21493968,-0.21066637,3.08280897
56239736,56.22920989,-0.06928025,-0.02504747,0.07873966,-0.21251823,-0.20613381,0.95516729,0.47350459,-0.75455951,-0.60091924,0.01791298,-0.10934144,-0.10227773,0.98856601,0.21415135,-0.21254942,3.08242464
56272704,56.26217651,-0.06475038,-0.06581623,0.01412251,-0.21167061,-0.20794339,0.95496349,0.53906321,-0.73370699,-0.71033453,0.01805000,-0.10894951,-0.10319061,0.98851194,0.21328396,-0.21440329,3.08203840
56305648,56.29512023,-0.09832466,-0.09486064,-0.05635682,-0.21084868,-0.20977315,0.95474452,0.50430574,-0.69989480,-0.70889496,0.01819119,-0.10857188,-0.10411365,0.98845396,0.21244316,-0.21627988,3.08163976
56338644,56.32811737,-0.03317458,-0.02438132,-0.01332312,-0.21012501,-0.21161894,0.95449695,0.44498829,-0.72905488,-0.63516101,0.01832683,-0.10824451,-0.10504541,0.98838882,0.21170287,-0.21817822,3.08124017
56371708,56.36117935,0.05515773,0.01398928,0.07913936,-0.20936343,-0.21342978,0.95426130,0.47450017,-0.73847446,-0.63394880,0.01845745,-0.10789698,-0.10596029,0.98832683,0.21092393,-0.22003836,3.08086061
56404648,56.39411926,0.07021286,0.01372282,0.02864472,-0.20852355,-0.21521072,0.95404510,0.53054504,-0.70568771,-0.71503138,0.01859526,-0.10751001,-0.10685970,0.98826951,0.21006515,-0.22186369,3.08048081
56437544,56.42701721,0.07754058,-0.00932619,0.03317458,-0.20775895,-0.21701893,0.95380258,0.48119645,-0.71364507,-0.69476938,0.01872955,-0.10716192,-0.10777348,0.98820571,0.20928332,-0.22372145,3.08009719
56470440,56.45991134,0.04889586,-0.05182695,0.06621593,-0.20697062,-0.21882400,0.95356159,0.52240033,-0.73918380,-0.76508498,0.01886082,-0.10680165,-0.10868642,0.98814220,0.20847747,-0.22557516,3.07972431
56503356,56.49282836,-0.05968760,-0.02611332,0.03117611,-0.20622227,-0.22065970,0.95330038,0.46672034,-0.70316839,-0.69792928,0.01899303,-0.10646278,-0.10961512,0.98807353,0.20771267,-0.22746338,3.07934236
56536328,56.52579879,0.00439663,-0.03663859,0.05409188,-0.20548799,-0.22248759,0.95303401,0.45109343,-0.72575464,-0.64736990,0.01912298,-0.10613105,-0.11054033,0.98800363,0.20696232,-0.22934434,3.07896542
56569284,56.55875778,0.07620828,0.00599541,0.13243185,-0.20471312,-0.22428264,0.95277976,0.48303341,-0.72469196,-0.66054344,0.01924933,-0.10577790,-0.11144961,0.98793687,0.20617065,-0.23118927,3.07860589
56602224,56.59169769,0.10765085,-0.01558805,0.06714855,-0.20389413,-0.22606003,0.95253515,0.50491952,-0.71192827,-0.67763280,0.01938270,-0.10540301,-0.11234956,0.98787231,0.20533406,-0.23301374,3.07824110
56635132,56.62460327,0.05635682,-0.04769678,-0.00599541,-0.20313234,-0.22787146,0.95226659,0.48462648,-0.70157189,-0.74914159,0.01951888,-0.10505853,-0.11326677,0.98780174,0.20455594,-0.23487713,3.07786083
56668088,56.65755844,-0.01692037,-0.01931853,0.04529862,-0.20238854,-0.22969560,0.95198659,0.46703701,-0.70926923,-0.70345144,0.01964972,-0.10472325,-0.11419136,0.98772821,0.20379636,-0.23675520,3.07748889
56701048,56.69052124,-0.02971057,-0.01372282,0.04849617,-0.20159854,-0.23150453,0.95171604,0.48797550,-0.71283140,-0.68047575,0.01978208,-0.10436452,-0.11510848,0.98765716,0.20298974,-0.23861529,3.07712292
56734028,56.72349929,0.02704594,-0.06181930,-0.01745329,-0.20077438,-0.23329660,0.95145254,0.49789352,-0.71201586,-0.67044668,0.01992119,-0.10398913,-0.11601676,0.98758764,0.20214836,-0.24045639,3.07675099
56767020,56.75649261,0.04010260,-0.07913936,-0.00199847,-0.20003659,-0.23511543,0.95116004,0.45589594,-0.70897636,-0.70384559,0.02005480,-0.10365810,-0.11693935,0.98751087,0.20139532,-0.24233040,3.07637715
56799956,56.78942871,-0.01052527,-0.04063552,0.02704594,-0.19929660,-0.23693759,0.95086336,0.45930633,-0.69616789,-0.71331453,0.02018641,-0.10332605,-0.11786421,0.98743305,0.20064010,-0.24420819,3.07600855
56832892,56.82236480,0.01692037,-0.03317458,0.01225727,-0.19846221,-0.23872132,0.95059194,0.50803256,-0.71025328,-0.67788686,0.02032361,-0.10294601,-0.11876949,0.98736162,0.19978867,-0.24604108,3.07564687
56865800,56.85527038,0.01785299,-0.10605207,-0.05515773,-0.19766675,-0.24052562,0.95030250,0.47794017,-0.70503101,-0.69029273,0.02046340,-0.10258691,-0.11968530,0.98728542,0.19897718,-0.24789819,3.07527375
56898760,56.88823318,0.01598775,-0.03783767,-0.01305666,-0.19694728,-0.24234793,0.94998874,0.44206447,-0.69124579,-0.70487155,0.02059730,-0.10226660,-0.12061101,0.98720312,0.19824328,-0.24977860,3.07490158
56931788,56.92126083,0.00413017,-0.00333078,0.01039204,-0.19616709,-0.24414846,0.94968929,0.47668466,-0.70189642,-0.68357605,0.02073251,-0.10191531,-0.12152597,0.98712453,0.19744754,-0.25163331,3.07453870
56964744,56.95421600,0.03344104,-0.06475038,0.01665390,-0.19538249,-0.24594502,0.94938764,0.48615398,-0.70717997,-0.71989541,0.02086641,-0.10156183,-0.12243946,0.98704528,0.19664746,-0.25348412,3.07418084
56997680,56.98715209,-0.02384839,0.00652833,-0.03810414,-0.19459590,-0.24774737,0.94908008,0.46925411,-0.67559247,-0.68369917,0.02100583,-0.10120847,-0.12335574,0.98696432,0.19584552,-0.25534143,3.07381272
57030644,57.02011489,0.06794793,0.00066616,-0.01398928,-0.19379137,-0.24952609,0.94877872,0.47870349,-0.69993681,-0.65092716,0.02114453,-0.10084570,-0.12426038,0.98688507,0.19502533,-0.25717334,3.07345247
57063556,57.05302810,0.07354365,-0.00839357,-0.02278254,-0.19300756,-0.25131156,0.94846706,0.48890600,-0.70571970,-0.72141628,0.02128291,-0.10049394,-0.12516881,0.98680315,0.19422647,-0.25901393,3.07309055
57096564,57.08603668,-0.03850383,-0.04796324,-0.04196784,-0.19221670,-0.25311579,0.94814853,0.49202136,-0.66753854,-0.78140044,0.02142146,-0.10013922,-0.12608726,0.98671951,0.19342042,-0.26087431,3.07272863
57129620,57.11909103,-0.06341807,0.01039204,-0.03264165,-0.19141821,-0.25491533,0.94782743,0.47169165,-0.68185224,-0.66462430,0.02156023,-0.09978091,-0.12700376,0.98663511,0.19260691,-0.26273007,3.07236909
57162572,57.15204238,0.02624655,0.03530628,-0.01332312,-0.19064533,-0.25670504,0.94750013,0.46335039,-0.71375393,-0.63622083,0.02169743,-0.09943560,-0.12791560,0.98654918,0.19181949,-0.26457734,3.07201147
57195508,57.18497848,0.03996937,0.04769678,-0.01905207,-0.18986906,-0.25849030,0.94717035,0.47404870,-0.67900967,-0.70669183,0.02183548,-0.09908891,-0.12882547,0.98646249,0.19102883,-0.26642017,3.07165431
57228448,57.21791839,0.03610566,0.02544717,-0.03104288,-0.18905212,-0.26026294,0.94684848,0.49520449,-0.65965890,-0.73420200,0.02197625,-0.09872183,-0.12972912,0.98637781,0.19019680,-0.26824798,3.07130026
57261396,57.25086975,0.00919296,-0.02664625,-0.00333078,-0.18828988,-0.26205887,0.94650526,0.46343636,-0.68496265,-0.71408338,0.02211026,-0.09838258,-0.13064560,0.98628787,0.18942059,-0.27010393,3.07095074
57294404,57.28387451,-0.00626187,-0.03357427,0.04503216,-0.18752469,-0.26385333,0.94615831,0.47316923,-0.69513106,-0.72789664,0.02224013,-0.09804159,-0.13156217,0.98619699,0.18864153,-0.27195878,3.07061147
57327408,57.31687927,-0.12350536,0.06301837,-0.01052527,-0.18670749,-0.26564500,0.94581842,0.48651218,-0.65012645,-0.70778131,0.02237834,-0.09767531,-0.13247710,0.98610763,0.18780967,-0.27380836,3.07026457
57360360,57.34983062,0.04996171,-0.02304901,-0.01758652,-0.18586961,-0.26740396,0.94548788,0.47664113,-0.68718585,-0.61663045,0.02251785,-0.09729831,-0.13337552,0.98602066,0.18695687,-0.27562284,3.06992292
57393344,57.38281631,0.05489127,-0.02238285,-0.01652067,-0.18506747,-0.26917467,0.94514284,0.48999910,-0.67979993,-0.73762326,0.02265525,-0.09693983,-0.13428045,0.98593006,0.18614053,-0.27745223,3.06958031
57426388,57.41585922,0.06115314,0.13509647,0.01678714,-0.18424337,-0.27092292,0.94480381,0.46280784,-0.62238764,-0.63572177,0.02279418,-0.09657024,-0.13517417,0.98584079,0.18530207,-0.27925734,3.06924152
57459364,57.44883728,0.29550690,0.46257886,0.00812710,-0.18343660,-0.27261629,0.94447383,0.45638580,-0.68124113,-0.47230587,0.02294163,-0.09620989,-0.13603899,0.98575382,0.18448131,-0.28100576,3.06888985
57492280,57.48175048,0.86880092,0.72877492,0.12377183,-0.18265880,-0.27420008,0.94416618,0.37089121,-0.61593666,-0.26643180,0.02308789,-0.09586241,-0.13684749,0.98567237,0.18369012,-0.28264024,3.06854867
57525164,57.51463699,1.73067388,0.88878555,0.34360337,-0.18189931,-0.27562572,0.94389781,0.37989735,-0.69556570,-0.15239387,0.02322535,-0.09552029,-0.13757531,0.98560104,0.18291765,-0.28410868,3.06823992
57558088,57.54756164,2.38657116,1.22226333,0.43153600,-0.18122058,-0.27694864,0.94364089,0.38336901,-0.71133260,-0.17655104,0.02336349,-0.09521785,-0.13824981,0.98553256,0.18222749,-0.28547315,3.06792879
57591028,57.58050155,2.97558670,1.29354202,0.72184686,-0.18060218,-0.27817752,0.94339771,0.33465492,-0.74818968,-0.03128838,0.02348053,-0.09494170,-0.13887763,0.98546810,0.18159873,-0.28674159,3.06766152
57624000,57.61347198,3.63228321,1.42410874,0.88945178,-0.18012057,-0.27932972,0.94314966,0.31610691,-0.82565078,-0.05423367,0.02358397,-0.09473229,-0.13946652,0.98540277,0.18110904,-0.28793649,3.06740903
57656968,57.64643859,3.94590950,1.58571825,1.07131242,-0.17934246,-0.28028152,0.94301548,0.39418621,-0.67308759,0.03452354,0.02369425,-0.09436828,-0.13995283,0.98536605,0.18031806,-0.28890290,3.06720995
57689876,57.67934799,4.36558818,1.78596487,1.44449305,-0.17927055,-0.28136067,0.94270744,0.04792289,-0.81116857,0.39078866,0.02373976,-0.09435922,-0.14050760,0.98528671,0.18024501,-0.29004356,3.06701922
57722768,57.71223831,4.36558818,0.88918523,1.61476254,-0.17845631,-0.28225483,0.94259538,0.52220630,-0.84762802,-0.13107192,0.02379568,-0.09396800,-0.14096969,0.98525705,0.17941732,-0.29094696,3.06694316
57755692,57.74516296,4.36558818,1.35922503,0.89051761,-0.17745819,-0.28303122,0.94255056,0.36544647,-0.34563088,-0.23600757,0.02392984,-0.09349164,-0.14136457,0.98524236,0.17840308,-0.29171571,3.06674981
57788644,57.77811431,4.36558818,2.15328335,0.94381008,-0.17695469,-0.28400184,0.94235324,0.10224767,-0.38250205,0.22634792,0.02405097,-0.09327059,-0.14185869,0.98518934,0.17789146,-0.29271793,3.06648588
57821604,57.81107711,4.36558818,1.20494341,1.13459730,-0.17602391,-0.28482222,0.94228010,0.17162938,-0.17318558,-0.13270980,0.02415819,-0.09282593,-0.14227885,0.98516826,0.17694582,-0.29353728,3.06633353
57854580,57.84405136,4.11964321,1.11727714,0.69733228,-0.17472816,-0.28542173,0.94233970,0.20695474,-0.00730288,-0.37935137,0.02431217,-0.09219698,-0.14258251,0.98517951,0.17562973,-0.29410266,3.06616687
57887552,57.87702560,3.37314867,1.56226959,0.50814394,-0.17503958,-0.28301288,0.94300832,0.05638725,0.27349140,-0.26478564,0.02423500,-0.09229722,-0.14134008,0.98535108,0.17594599,-0.29156419,3.06651353
57920436,57.90990829,2.88525562,1.36775183,0.51467227,-0.17559568,-0.28068027,0.94360179,-0.06073244,0.47989902,0.04272634,0.02413018,-0.09252058,-0.14013903,0.98550424,0.17651085,-0.28912148,3.06687092
57953344,57.94281768,3.22392964,0.90823736,0.54131851,-0.17663012,-0.27840316,0.94408340,-0.16907299,0.49983873,-0.14964980,0.02398486,-0.09298439,-0.13896834,0.98562994,0.17756168,-0.28676452,3.06723189
57986288,57.97576141,2.72671055,0.66042728,0.67148542,-0.17793445,-0.27635354,0.94444055,-0.16996593,0.57493753,-0.56675500,0.02380593,-0.09358644,-0.13791763,0.98572483,0.17888702,-0.28466403,3.06759881
58019244,58.00871658,2.04190182,0.39316539,0.83762474,-0.17868132,-0.27419507,0.94492855,-0.16995148,0.73977127,-0.17783874,0.02363184,-0.09390229,-0.13681398,0.98585281,0.17964606,-0.28241925,3.06805467
58052204,58.04167556,2.28718090,0.58781623,0.85321292,-0.17916821,-0.27194678,0.94548587,-0.13186694,0.83127298,0.09821528,0.02347931,-0.09408682,-0.13566389,0.98599777,0.18014092,-0.28006669,3.06851673
58085160,58.07463073,2.64237499,0.55211024,0.67068605,-0.17994501,-0.26969554,0.94598302,-0.13182256,0.79825997,-0.40130524,0.02332558,-0.09441992,-0.13451137,0.98612747,0.18093060,-0.27772750,3.06893873
58118080,58.10755157,2.30703234,0.19904747,0.69626646,-0.18062793,-0.26749267,0.94647836,-0.08157909,0.87955322,-0.62006235,0.02316512,-0.09470541,-0.13338561,0.98625679,0.18162487,-0.27543556,3.06938505
58151056,58.14052963,1.89241657,0.60127258,0.57076263,-0.18093509,-0.26531243,0.94703311,0.04397221,0.99236316,-0.43287296,0.02304464,-0.09480500,-0.13227031,0.98640022,0.18193719,-0.27314887,3.06980490
58184008,58.17348098,2.49662017,0.91130170,0.09592649,-0.18123559,-0.26304264,0.94760847,0.01644068,1.05308175,-0.22080183,0.02297556,-0.09490672,-0.13110444,0.98654766,0.18224275,-0.27076859,3.07013106
58216960,58.20643234,2.48329710,0.67095255,0.03610566,-0.18203456,-0.26084508,0.94806289,-0.12485020,1.01914584,-0.73956680,0.02287527,-0.09526082,-0.12997664,0.98666515,0.18305521,-0.26849150,3.07044100
58249928,58.23939895,1.88988504,0.51933536,0.08393568,-0.18294036,-0.25879004,0.94845142,-0.09269440,0.98632907,-1.02975022,0.02275743,-0.09567023,-0.12892395,0.98676624,0.18397651,-0.26637125,3.07075810
58282884,58.27235412,1.29633998,0.59221286,-0.05262634,-0.18373293,-0.25679395,0.94884090,-0.12632565,1.11861038,-0.87388973,0.02265314,-0.09602490,-0.12790137,0.98686742,0.18478271,-0.26430792,3.07105970
58315848,58.30532073,1.22426176,0.33107962,0.00026646,-0.18459653,-0.25483953,0.94920015,-0.21750307,1.16694891,-0.84739351,0.02253481,-0.09641512,-0.12690173,0.98696117,0.18566131,-0.26229286,3.07137680
58348816,58.33828735,0.87652835,0.14349005,0.11764318,-0.18548680,-0.25295889,0.94952955,-0.17608546,1.08621084,-0.97614088,0.02239892,-0.09681840,-0.12594206,0.98704757,0.18656728,-0.26035757,3.07171964
58381828,58.37129974,0.47576875,0.05076110,0.14948544,-0.18631076,-0.25112464,0.94985485,-0.15499782,1.14760899,-1.03310680,0.02225837,-0.09718835,-0.12500752,0.98713312,0.18740587,-0.25846829,3.07207798
58414792,58.40426254,0.28777947,-0.00532925,0.12230628,-0.18704476,-0.24929263,0.95019330,-0.14425406,1.15456604,-0.92114057,0.02212180,-0.09751316,-0.12407457,0.98722200,0.18815293,-0.25657727,3.07244205
58447728,58.43719863,0.22835834,0.03210873,0.14988515,-0.18770898,-0.24744434,0.95054550,-0.14236913,1.18177056,-0.79991073,0.02198649,-0.09780248,-0.12313389,0.98731422,0.18882917,-0.25466611,3.07281613
58480660,58.47013092,0.20877335,-0.06954670,0.06448392,-0.18832636,-0.24559695,0.95090227,-0.08779667,1.16527473,-0.92844133,0.02185863,-0.09806912,-0.12219356,0.98740739,0.18945775,-0.25275425,3.07318258
58513588,58.50305938,-0.00399694,0.04503216,-0.05755590,-0.18885837,-0.24376332,0.95126848,-0.07163968,1.15831410,-0.77573137,0.02174586,-0.09829452,-0.12125960,0.98750257,0.18999948,-0.25085306,3.07352972
58546596,58.53606796,0.16081009,-0.02984380,-0.11084840,-0.18952876,-0.24193618,0.95160169,-0.16691655,1.18846940,-0.78216810,0.02163003,-0.09859066,-0.12032891,0.98758945,0.19068222,-0.24896619,3.07386445
58579604,58.56907653,0.00732772,-0.10272128,-0.07860643,-0.19020527,-0.24013981,0.95192136,-0.11667950,1.14175117,-0.94288816,0.02150862,-0.09889012,-0.11941494,0.98767299,0.19137126,-0.24711260,3.07420754
58612580,58.60205078,-0.08806585,-0.05968760,-0.14801990,-0.19082616,-0.23834142,0.95224914,-0.13021875,1.17217934,-0.80527648,0.02139567,-0.09916236,-0.11849970,0.98775844,0.19200371,-0.24525456,3.07454228
58645588,58.63505935,-0.00666156,-0.03557274,-0.17932925,-0.19146419,-0.23653278,0.95257234,-0.13275455,1.16353476,-0.81805086,0.02128558,-0.09944381,-0.11757912,0.98784265,0.19265370,-0.24338703,3.07487106
58678652,58.66812515,-0.02717917,-0.07580858,-0.19132005,-0.19210956,-0.23472955,0.95288791,-0.13674786,1.13878226,-0.80689182,0.02117511,-0.09972935,-0.11666171,0.98792476,0.19331132,-0.24152619,3.07520008
58711680,58.70115280,0.06062021,-0.08646708,-0.22129707,-0.19275594,-0.23291203,0.95320339,-0.14855264,1.15185737,-0.78840847,0.02106752,-0.10001577,-0.11573697,0.98800697,0.19397002,-0.23965077,3.07552576
58744644,58.73411560,0.03144257,-0.01985145,-0.26486370,-0.19351434,-0.23113043,0.95348339,-0.19100713,1.13811290,-0.83898143,0.02095939,-0.10036025,-0.11483050,0.98808012,0.19474301,-0.23781902,3.07583522
58777624,58.76709747,-0.00546248,0.00373047,-0.21210412,-0.19429268,-0.22935607,0.95375328,-0.20390067,1.13975644,-0.82704429,0.02084587,-0.10071469,-0.11392853,0.98815069,0.19553644,-0.23599629,3.07615351
58810572,58.80004501,-0.00852680,-0.00106585,-0.18186063,-0.19507552,-0.22758107,0.95401897,-0.20629165,1.13016891,-0.81510295,0.02072958,-0.10107133,-0.11302677,0.98822050,0.19633446,-0.23417332,3.07647824
58843632,58.83310317,0.00452986,-0.01558805,-0.11551148,-0.19592102,-0.22582283,0.95426330,-0.24719421,1.13134038,-0.81363830,0.02060473,-0.10145963,-0.11213455,0.98828487,0.19719665,-0.23237147,3.07681179
58876600,58.86607360,0.03943645,-0.00799387,-0.05156049,-0.19670201,-0.22402999,0.95452518,-0.21150109,1.12661790,-0.78216190,0.02047751,-0.10181440,-0.11122546,0.98835372,0.19799316,-0.23053054,3.07716345
58909552,58.89902496,0.02358193,-0.00079939,-0.07580858,-0.19749750,-0.22224543,0.95477819,-0.18970952,1.11018490,-0.86395788,0.02035161,-0.10217713,-0.11032073,0.98842039,0.19880452,-0.22869932,3.07751107
58942512,58.93198394,-0.03197550,0.01438897,-0.02558040,-0.19833899,-0.22048130,0.95501289,-0.23964927,1.12404572,-0.80437812,0.02021927,-0.10256332,-0.10942723,0.98848247,0.19966297,-0.22689201,3.07786512
58975504,58.96497726,0.01612098,-0.01372282,0.02051761,-0.19908271,-0.21867311,0.95527362,-0.18519462,1.13200318,-0.79951190,0.02008688,-0.10289912,-0.10851198,0.98855104,0.20042185,-0.22503433,3.07823753
59008484,58.99795532,-0.00919296,-0.04716386,-0.06395100,-0.19982660,-0.21687564,0.95552835,-0.14465582,1.10188543,-0.91939554,0.01996079,-0.10323613,-0.10760186,0.98861808,0.20118093,-0.22318811,3.07859730
59041508,59.03097915,-0.23049004,0.00572894,-0.08167076,-0.20060255,-0.21512067,0.95576238,-0.18806933,1.10940778,-0.83051824,0.01983368,-0.10359046,-0.10671378,0.98867979,0.20197291,-0.22138829,3.07895183
59074468,59.06393814,-0.13749463,-0.09765851,-0.05808882,-0.20131740,-0.21333308,0.95601234,-0.18051853,1.13447570,-0.79658851,0.01970602,-0.10391328,-0.10580966,0.98874549,0.20270273,-0.21955177,3.07931971
59107472,59.09694290,-0.18972128,-0.21396937,-0.14935221,-0.20205693,-0.21157424,0.95624771,-0.14193720,1.08169137,-0.95746841,0.01958290,-0.10424993,-0.10491992,0.98880758,0.20345768,-0.21774673,3.07967352
59140524,59.12999725,-0.41008577,-0.13709495,-0.22183001,-0.20277814,-0.20984120,0.95647659,-0.18271988,1.09973382,-0.78606643,0.01946558,-0.10457854,-0.10404314,0.98886766,0.20419421,-0.21596817,3.08001613
59173524,59.16299438,-0.30683155,-0.20584225,-0.23035681,-0.20345900,-0.20808007,0.95671653,-0.18618942,1.10261130,-0.71965599,0.01935039,-0.10488657,-0.10315228,0.98893060,0.20488958,-0.21415867,3.08036351
59206528,59.19599914,-0.49415464,-0.24727718,-0.29990353,-0.20427129,-0.20640490,0.95690631,-0.18049431,1.04966664,-0.95031452,0.01923405,-0.10526331,-0.10230512,0.98898086,0.20571932,-0.21244533,3.08068943
59239556,59.22902679,-0.79539051,-0.42860488,-0.29697241,-0.20508909,-0.20479319,0.95707778,-0.20677614,1.03340649,-0.91093521,0.01911207,-0.10564353,-0.10149123,0.98902654,0.20655479,-0.21079869,3.08102035
59272596,59.26206970,-1.19521749,-0.60913324,-0.24887595,-0.20594320,-0.20327596,0.95721778,-0.20787515,0.99795370,-0.97626075,0.01897846,-0.10604287,-0.10072696,0.98906450,0.20742752,-0.20925264,3.08136129
59305616,59.29508972,-1.96835823,-0.68201069,-0.26126644,-0.20678133,-0.20188674,0.95733108,-0.15186123,0.91795120,-1.01348340,0.01883844,-0.10643566,-0.10002902,0.98909578,0.20828409,-0.20783963,3.08170390
59338616,59.32808685,-2.44079637,-0.80445022,-0.35039815,-0.20741734,-0.20049996,0.95748510,-0.15366662,0.89849796,-0.68014135,0.01870552,-0.10672608,-0.09933263,0.98913726,0.20893418,-0.20642006,3.08205604
59371620,59.36109161,-2.50874423,-1.72081470,-0.42940430,-0.20802011,-0.19917640,0.95763072,-0.12816153,0.79097328,-0.80113658,0.01856712,-0.10700016,-0.09866944,0.98917675,0.20955033,-0.20506510,3.08241677
59404628,59.39410018,-3.68371057,-1.76997709,-0.19411790,-0.20909662,-0.19835432,0.95756645,-0.10267095,0.56456522,-1.04863095,0.01838893,-0.10752041,-0.09826480,0.98916378,0.21065113,-0.20425541,3.08274841
59437684,59.42715454,-4.36438894,-1.60250530,-0.19038743,-0.20928471,-0.19719328,0.95776538,-0.02386959,0.50310144,-0.30224781,0.01822857,-0.10758315,-0.09768894,0.98921699,0.21084346,-0.20305151,3.08318328
59470704,59.46017456,-4.36572122,-1.99806890,-0.26832771,-0.20863888,-0.19606452,0.95813770,0.07826778,0.32960944,-0.06458306,0.01811212,-0.10722452,-0.09712820,0.98931322,0.21018304,-0.20184431,3.08361887
59503712,59.49318313,-4.35466289,-1.98407955,-0.41554822,-0.20723054,-0.19529795,0.95860004,0.14228915,0.19773936,0.01088238,0.01806578,-0.10648859,-0.09674772,0.98943099,0.20874323,-0.20098187,3.08395552
59536728,59.52619934,-4.22396326,-0.68320980,-0.59114699,-0.20587251,-0.19464731,0.95902462,0.12457368,0.15973520,0.56245970,0.01806262,-0.10578458,-0.09642166,0.98953828,0.20735528,-0.20024375,3.08418488
59569752,59.55922317,-3.08456945,-0.71025571,-0.82896480,-0.20604400,-0.19327251,0.95926609,-0.13282316,0.08682721,0.50728659,0.01798569,-0.10584444,-0.09572809,0.98960075,0.20753052,-0.19881780,3.08447480
59602720,59.59219360,-2.93388538,-2.16887140,0.02891118,-0.20744326,-0.19439102,0.95873804,-0.13484190,-0.01679061,-0.30004663,0.01788241,-0.10656602,-0.09630403,0.98946905,0.20896072,-0.20004527,3.08440446
59635692,59.62516403,-3.20394492,-1.15777945,-0.44952220,-0.20534718,-0.19543217,0.95897750,0.49685106,-0.14270258,0.13892287,0.01800128,-0.10552176,-0.09683063,0.98952741,0.20681853,-0.20103926,3.08427953
59668704,59.65817642,-3.46188068,-0.65882849,-0.54744720,-0.20601134,-0.19771841,0.95836648,-0.10307070,-0.20901987,-0.02428448,0.01805719,-0.10590057,-0.09798835,0.98937206,0.20749714,-0.20345325,3.08383774
59701768,59.69123840,-3.52356672,-2.08666777,-0.03250842,-0.20454804,-0.19996519,0.95821399,0.31123752,-0.30076723,-0.33150506,0.01815089,-0.10519556,-0.09913074,0.98933191,0.20600194,-0.20573272,3.08356308
59734772,59.72424316,-3.98920965,-0.93528327,-0.68427567,-0.20282311,-0.20192239,0.95816993,0.59808678,-0.48850731,0.02156639,0.01830895,-0.10435943,-0.10011999,0.98931779,0.20424013,-0.20769848,3.08322334
59767768,59.75724029,-3.56353592,-0.41594796,-0.71531858,-0.20192661,-0.20435211,0.95784454,0.08620396,-0.55663418,0.47404026,0.01846718,-0.10395421,-0.10134756,0.98923263,0.20332462,-0.21019454,3.08273935
59800804,59.79027557,-2.42667365,-1.44369373,-0.33627562,-0.20045580,-0.20635280,0.95772418,0.32496752,-0.50043430,0.13504922,0.01860464,-0.10324741,-0.10236107,0.98919963,0.20182318,-0.21221735,3.08241319
59833844,59.82331466,-2.07441043,-0.75488815,-0.65043487,-0.19915896,-0.20835409,0.95756149,0.36688356,-0.56313028,0.04243851,0.01877726,-0.10263354,-0.10337091,0.98915519,0.20049965,-0.21424872,3.08199834
59866840,59.85631179,-1.50697860,-0.38783617,-0.55570750,-0.19823579,-0.21041700,0.95730199,0.19603853,-0.54934859,0.13522726,0.01894140,-0.10221109,-0.10441198,0.98908653,0.19955767,-0.21636154,3.08155226
59899800,59.88927078,-0.96406126,-0.83029708,-0.29603981,-0.19730257,-0.21240081,0.95705661,0.29276156,-0.56884918,-0.23464446,0.01908211,-0.10178020,-0.10541551,0.98902177,0.19860565,-0.21839172,3.08116507
59932780,59.92225265,-1.29913783,-1.01109182,-0.30683155,-0.19625799,-0.21441080,0.95682306,0.46505684,-0.57733726,-0.67752618,0.01922188,-0.10129312,-0.10643339,0.98896007,0.19754027,-0.22044446,3.08079218
59965836,59.95530700,-1.83219604,-0.37424657,-0.41767992,-0.19552061,-0.21658267,0.95648450,0.34762022,-0.65792903,-0.51190443,0.01936452,-0.10096622,-0.10753284,0.98887157,0.19678838,-0.22268095,3.08036088
59998864,59.98833465,-1.94890651,-0.73623580,-0.29937057,-0.19450433,-0.21869044,0.95621271,0.47624258,-0.70928807,-0.48892755,0.01950099,-0.10049552,-0.10860177,0.98880033,0.19575212,-0.22483792,3.07998466
60031860,60.02133178,-1.81407661,-0.87732772,-0.39263246,-0.19335859,-0.22072954,0.95597639,0.49829025,-0.68845014,-0.40104479,0.01964869,-0.09995926,-0.10963545,0.98873767,0.19458419,-0.22691762,3.07961106
60064880,60.05435180,-1.47207202,-0.56809802,-0.45325269,-0.19235803,-0.22275681,0.95570812,0.40744595,-0.70082716,-0.26942877,0.01980435,-0.09949826,-0.11066207,0.98866672,0.19356451,-0.22899203,3.07920670
60097900,60.08737182,-0.95873203,-0.67974576,-0.23009035,-0.19132740,-0.22468140,0.95546445,0.44401292,-0.70207643,-0.35121636,0.01994472,-0.09901889,-0.11163822,0.98860225,0.19251434,-0.23095803,3.07884979
60130924,60.12039566,-0.87612867,-0.62698621,-0.24514546,-0.19031501,-0.22659752,0.95521354,0.50769782,-0.65059971,-0.65492057,0.02008719,-0.09854931,-0.11261017,0.98853578,0.19148306,-0.23291647,3.07848906
60163908,60.15338134,-0.87972583,-0.32668302,-0.18345942,-0.18948899,-0.22856271,0.95490970,0.42508468,-0.68134937,-0.58235111,0.02022183,-0.09817516,-0.11360753,0.98845624,0.19064170,-0.23493533,3.07811713
60196928,60.18640136,-0.76501379,-0.35612711,-0.07700766,-0.18854455,-0.23045976,0.95464067,0.53327112,-0.72974534,-0.65288286,0.02035259,-0.09773929,-0.11457132,0.98838558,0.18967992,-0.23687772,3.07777690
60229984,60.21945571,-0.78193416,-0.49308881,-0.06288515,-0.18761119,-0.23237254,0.95436115,0.54039440,-0.71318411,-0.77027912,0.02047950,-0.09730920,-0.11554386,0.98831233,0.18872958,-0.23883750,3.07744312
60263048,60.25252151,-0.87719449,-0.39050078,-0.12763553,-0.18667001,-0.23429288,0.95407619,0.52480478,-0.66707429,-0.74240627,0.02061279,-0.09687633,-0.11652014,0.98823747,0.18777150,-0.24080533,3.07709836
60296048,60.28551864,-0.66775493,-0.27405667,-0.04556508,-0.18585562,-0.23621253,0.95376148,0.45587515,-0.75963706,-0.58755054,0.02073751,-0.09650753,-0.11749668,0.98815517,0.18694262,-0.24277904,3.07675600
60329076,60.31854629,-0.50374727,-0.37251453,0.01918530,-0.18492574,-0.23806481,0.95348186,0.54991598,-0.71774573,-0.75768113,0.02086134,-0.09607876,-0.11843966,0.98808183,0.18599629,-0.24467692,3.07643914
60362100,60.35157012,-0.51240735,-0.29710567,-0.04609801,-0.18401479,-0.23992357,0.95319194,0.53582143,-0.65607252,-0.82062358,0.02099110,-0.09566082,-0.11938571,0.98800573,0.18506946,-0.24658312,3.07610869
60395144,60.38461685,-0.42807197,-0.11218070,-0.04143491,-0.18312715,-0.24176318,0.95289802,0.52663302,-0.69671339,-0.71681404,0.02112330,-0.09525505,-0.12032196,0.98792848,0.18416648,-0.24847075,3.07577371
60428156,60.41762924,-0.20943951,-0.20837366,0.04689740,-0.18225998,-0.24357600,0.95260267,0.54017014,-0.73542790,-0.77486829,0.02124716,-0.09485855,-0.12124552,0.98785114,0.18328447,-0.25033168,3.07545709
60461140,60.45061111,-0.27099232,-0.16520672,-0.03064318,-0.18142789,-0.24541304,0.95228996,0.53787322,-0.68134474,-0.90883293,0.02137630,-0.09448132,-0.12218124,0.98776922,0.18243826,-0.25222029,3.07512402
60494196,60.48366928,-0.30962939,-0.18972128,-0.02411486,-0.18060010,-0.24725790,0.95196971,0.52947707,-0.68487100,-0.89313182,0.02150359,-0.09410650,-0.12312152,0.98768529,0.18159662,-0.25411787,3.07479476
60527208,60.51668167,-0.33907351,-0.16693873,0.00306432,-0.17979441,-0.24911153,0.95163908,0.53013620,-0.72500953,-0.87864103,0.02162788,-0.09374302,-0.12406687,0.98759899,0.18077753,-0.25602617,3.07446908
60560188,60.54965972,-0.32774882,-0.11711026,-0.03743798,-0.17890017,-0.25092756,0.95133056,0.56854863,-0.68291034,-0.86832275,0.02176056,-0.09333501,-0.12499294,0.98751792,0.17986848,-0.25789127,3.07414388
60593236,60.58270645,-0.18985451,-0.19025421,-0.00812710,-0.17806439,-0.25274488,0.95100584,0.52034955,-0.67840743,-0.85652341,0.02188774,-0.09295651,-0.12592029,0.98743286,0.17901915,-0.25976119,3.07382297
60626312,60.61578369,-0.09885758,-0.04796324,-0.00639510,-0.17725548,-0.25454688,0.95067663,0.52124967,-0.70126366,-0.83568639,0.02201676,-0.09259194,-0.12683981,0.98734674,0.17819709,-0.26161670,3.07349753
60659348,60.64881896,-0.03464012,-0.16254210,0.00333078,-0.17645387,-0.25634651,0.95034217,0.52288942,-0.68798942,-0.91469764,0.02214286,-0.09223097,-0.12775874,0.98725919,0.17738263,-0.26347064,3.07317852
60692328,60.68180084,0.03077642,-0.04489892,0.06688208,-0.17567098,-0.25813028,0.95000400,0.50501670,-0.67131304,-0.86772861,0.02226541,-0.09187912,-0.12867015,0.98717079,0.17658736,-0.26530952,3.07286691
60725236,60.71470642,0.05542420,-0.10392036,0.05888820,-0.17485945,-0.25990409,0.94967021,0.56987900,-0.71519355,-0.99654521,0.02238924,-0.09151288,-0.12957681,0.98708343,0.17576305,-0.26713693,3.07255911
60758152,60.74762344,-0.02278254,-0.01825268,-0.01878561,-0.17399895,-0.26166832,0.94934387,0.54289541,-0.66338052,-0.85119934,0.02252274,-0.09112301,-0.13047833,0.98699779,0.17488913,-0.26895251,3.07224106
60791260,60.78073120,0.05782236,0.04369984,0.01918530,-0.17327589,-0.26346111,0.94898014,0.50066847,-0.70406818,-0.91235904,0.02264791,-0.09080305,-0.13139498,0.98690271,0.17415493,-0.27080554,3.07191848
60824224,60.81369781,-0.02451455,-0.02504747,0.02304901,-0.17247057,-0.26524357,0.94863042,0.55162096,-0.67933650,-0.97377691,0.02277496,-0.09044139,-0.13230694,0.98681125,0.17333729,-0.27264413,3.07160639
60857188,60.84666061,0.05968760,-0.04463246,0.02598009,-0.17167100,-0.26701319,0.94827871,0.53617296,-0.68464698,-0.93314199,0.02290154,-0.09008265,-0.13321273,0.98671922,0.17252564,-0.27447018,3.07129693
60890096,60.87956619,0.02931087,0.06594946,0.01825268,-0.17087727,-0.26878139,0.94792251,0.50510578,-0.66578888,-0.82682876,0.02303053,-0.08972747,-0.13411793,0.98662586,0.17172002,-0.27629556,3.07098317
60923020,60.91249084,0.08686677,-0.02344870,-0.00666156,-0.17004424,-0.27053318,0.94757404,0.57702665,-0.69162502,-0.98956623,0.02316219,-0.08935254,-0.13501501,0.98653459,0.17087459,-0.27810227,3.07067275
60956044,60.94551467,0.00652833,-0.00826034,0.00879326,-0.16928803,-0.27232038,0.94719734,0.49179782,-0.65590229,-0.89763679,0.02328809,-0.08901701,-0.13593090,0.98643608,0.17010729,-0.27995095,3.07036042
60989024,60.97849655,0.09392803,0.08233691,0.00079939,-0.16851248,-0.27408099,0.94682741,0.52569017,-0.68905377,-0.90361452,0.02341809,-0.08867196,-0.13683321,0.98633918,0.16932046,-0.28177123,3.07004642
61021960,61.01143264,-0.02704594,-0.00479632,0.01172435,-0.16775917,-0.27587289,0.94644136,0.51517128,-0.66797475,-0.97183198,0.02354302,-0.08833836,-0.13775236,0.98623857,0.16855615,-0.28362617,3.06973767
61054920,61.04439163,0.03090965,0.03237519,-0.01838591,-0.16689628,-0.27761292,0.94608488,0.54311699,-0.65036559,-0.85599699,0.02367783,-0.08794950,-0.13864494,0.98614492,0.16768097,-0.28542158,3.06943178
61087860,61.07733154,0.08633384,0.07674119,-0.00199847,-0.16616965,-0.27938714,0.94569025,0.50381612,-0.70132579,-0.92103204,0.02380478,-0.08763009,-0.13955551,0.98604173,0.16694408,-0.28726072,3.06911897
61120824,61.11029434,0.00945942,0.07127871,0.00826034,-0.16540038,-0.28115882,0.94529991,0.50329103,-0.64047203,-0.90989952,0.02393263,-0.08728921,-0.14046535,0.98593969,0.16616402,-0.28909568,3.06881237
61153784,61.14325714,0.18505819,0.33614242,-0.02424809,-0.16464172,-0.28288817,0.94491615,0.47421207,-0.64509034,-0.74057044,0.02406951,-0.08695452,-0.14135283,0.98583898,0.16539484,-0.29088706,3.06849098
61186752,61.17622375,0.60900001,0.53758807,0.03117611,-0.16382849,-0.28450875,0.94457111,0.49219760,-0.67447562,-0.58446369,0.02421255,-0.08659099,-0.14218420,0.98574810,0.16457037,-0.29256116,3.06817698
61219644,61.20911788,1.14672136,0.29670596,0.12017458,-0.16297751,-0.28603739,0.94425687,0.52918844,-0.67050557,-0.70621972,0.02434898,-0.08620566,-0.14296913,0.98566503,0.16370775,-0.29413654,3.06789207
61252568,61.24203872,1.41038584,0.73170595,0.12963399,-0.16222101,-0.28752735,0.94393424,0.42247490,-0.60236525,-0.50106310,0.02449059,-0.08586889,-0.14373338,0.98557958,0.16294112,-0.29567644,3.06758642
61285484,61.27495574,2.17819762,1.29633998,0.27325725,-0.16148882,-0.28885267,0.94365501,0.44518022,-0.68941879,-0.31059837,0.02463711,-0.08554224,-0.14441205,0.98550510,0.16219913,-0.29704353,3.06728315
61318456,61.30792617,2.70339512,0.82376880,0.60580244,-0.16080491,-0.29012804,0.94338054,0.52310962,-0.89175672,-0.48830246,0.02474647,-0.08523399,-0.14506802,0.98543281,0.16150616,-0.29836055,3.06705307
61351428,61.34090042,2.56057119,1.33937358,0.26419756,-0.15976930,-0.29121212,0.94322271,0.66391968,-0.61918826,-0.45689458,0.02491313,-0.08475090,-0.14562242,0.98538856,0.16045696,-0.29945726,3.06678128
61384384,61.37385559,3.35129880,1.77170906,0.28897855,-0.15913528,-0.29234611,0.94297885,0.27559037,-0.66297616,0.14662075,0.02507131,-0.08447294,-0.14620106,0.98532266,0.15981473,-0.30062758,3.06645870
61417276,61.40674972,4.33108091,1.16923725,1.13179934,-0.15898865,-0.29343975,0.94266405,0.19878357,-1.08082782,-0.13651168,0.02512123,-0.08442727,-0.14676499,0.98524150,0.15966620,-0.30178010,3.06628155
61450196,61.43966674,3.89941196,1.95476875,1.19894790,-0.15838498,-0.29443666,0.94245452,0.30950803,-0.63671565,0.06535792,0.02521044,-0.08415207,-0.14727860,0.98518600,0.15905480,-0.30280714,3.06610751
61483116,61.47258758,4.36558818,1.84538593,1.63194942,-0.15797078,-0.29541687,0.94221744,0.20313680,-0.80004205,0.37907159,0.02525310,-0.08396648,-0.14778637,0.98512477,0.15863532,-0.30382628,3.06599926
61516040,61.50551223,4.36558818,1.14005970,1.42424192,-0.15710925,-0.29626438,0.94209556,0.60022449,-0.68786644,-0.46260337,0.02532375,-0.08355387,-0.14822603,0.98509206,0.15776287,-0.30468206,3.06591939
61549016,61.53848648,4.21876716,1.63115015,0.86866769,-0.15595597,-0.29688680,0.94209127,0.37104387,-0.31492960,-0.09663230,0.02546318,-0.08299814,-0.14854519,0.98508749,0.15659518,-0.30528450,3.06576824
61581996,61.57146835,4.15894603,1.38400602,0.90503978,-0.15522165,-0.29783571,0.94191284,0.23896188,-0.30909788,-0.21876835,0.02557277,-0.08265867,-0.14903368,0.98503932,0.15585184,-0.30625488,3.06558084
61614924,61.60439682,3.63281607,1.70109653,0.53612251,-0.15357661,-0.29732151,0.94234504,0.33253169,-0.06010038,0.18436389,0.02572822,-0.08183138,-0.14876530,0.98514499,0.15418683,-0.30562691,3.06557917
61647824,61.63729476,3.90580701,1.57572579,0.39809494,-0.15299158,-0.29510488,0.94313650,0.05484704,0.09613028,0.13718575,0.02575082,-0.08149129,-0.14761728,0.98534517,0.15359478,-0.30324678,3.06582307
61680720,61.67019271,4.12310743,0.96526031,0.43966307,-0.15398259,-0.29268097,0.94373025,-0.01300959,0.18306183,-0.20984351,0.02562978,-0.08193064,-0.14636302,0.98549890,0.15459771,-0.30072612,3.06612229
61713672,61.70314407,3.33158040,0.91130170,0.41967840,-0.15411734,-0.29029777,0.94444408,0.07428336,0.38746574,-0.34239327,0.02556445,-0.08194218,-0.14513213,0.98568162,0.15473413,-0.29820837,3.06644320
61746596,61.73606872,2.96026496,1.27409029,0.10378713,-0.15454978,-0.28797202,0.94508523,-0.02538185,0.53260092,-0.05153054,0.02550864,-0.08210850,-0.14392874,0.98584575,0.15517176,-0.29576757,3.06669282
61779584,61.76905441,3.24444699,1.25157427,0.07634150,-0.15551179,-0.28568208,0.94562225,-0.22925381,0.61063327,0.02337188,0.02542020,-0.08254135,-0.14274348,0.98598423,0.15614556,-0.29339159,3.06692337
61812548,61.80202102,3.24671220,0.59407806,0.47550230,-0.15682834,-0.28358464,0.94603605,-0.30313258,0.63270573,-0.38109464,0.02526423,-0.08314950,-0.14166169,0.98609313,0.15747846,-0.29123746,3.06722068
61845436,61.83490753,2.72897553,0.49562020,0.57276110,-0.15773762,-0.28138241,0.94654235,-0.16574870,0.75623598,-0.47290949,0.02511696,-0.08354932,-0.14052845,0.98622522,0.15839917,-0.28895401,3.06757521
61878352,61.86782455,2.38670444,0.41488208,0.39463092,-0.15844612,-0.27919230,0.94707221,-0.09472771,0.83583297,-0.57817578,0.02499274,-0.08385058,-0.13940155,0.98636264,0.15911674,-0.28667483,3.06791448
61911280,61.90075302,1.80461711,0.68507504,0.37291426,-0.15911306,-0.27708065,0.94758052,-0.10455881,0.99412164,-0.55964107,0.02487470,-0.08413335,-0.13831555,0.98649444,0.15979223,-0.28447769,3.06824183
61944232,61.93370437,1.97741794,0.37890961,0.32694945,-0.15989346,-0.27497732,0.94806213,-0.19484286,1.02424490,-0.56573796,0.02474776,-0.08447324,-0.13723435,0.98661985,0.16058272,-0.28229568,3.06857061
61977196,61.96666717,1.55254364,0.54518222,0.38943490,-0.16055268,-0.27290601,0.94854898,-0.10726959,1.02363848,-0.60943765,0.02462364,-0.08475265,-0.13617085,0.98674621,0.16125056,-0.28014278,3.06891036
62010156,61.99962615,1.52443180,0.52186675,0.18146096,-0.16097753,-0.27081232,0.94907636,-0.03579981,1.08941578,-0.49790449,0.02453100,-0.08491673,-0.13509525,0.98688201,0.16168107,-0.27795636,3.06922435
62043100,62.03257369,1.85191431,0.71212096,-0.12377183,-0.16144705,-0.26867132,0.94960546,-0.08171700,1.13048768,-0.37318944,0.02446726,-0.08510684,-0.13399286,0.98701772,0.16215677,-0.27572309,3.06947827
62076060,62.06553268,2.11491274,0.54278411,-0.15441501,-0.16221227,-0.26654660,0.95007362,-0.17128381,1.06879270,-0.67883338,0.02438593,-0.08544598,-0.13289892,0.98713836,0.16293222,-0.27352204,3.06972384
62109052,62.09852218,1.85551156,0.31002907,-0.10192190,-0.16315424,-0.26454181,0.95047254,-0.17766606,1.05653405,-1.05276751,0.02428405,-0.08587502,-0.13186789,0.98724184,0.16388692,-0.27145633,3.06997585
62142052,62.13152313,1.39093410,0.40302448,-0.13016691,-0.16415906,-0.26262917,0.95083007,-0.26650500,1.11443579,-0.94545898,0.02417934,-0.08633770,-0.13088464,0.98733501,0.16490544,-0.26949119,3.07021784
62175012,62.16448211,1.04586517,0.06874732,0.09566003,-0.16528639,-0.26085429,0.95112295,-0.32616868,1.14098119,-1.15961909,0.02404110,-0.08686131,-0.12997498,0.98741245,0.16604843,-0.26767745,3.07049918
62207972,62.19744491,0.63018374,0.06488361,0.26246552,-0.16629743,-0.25907449,0.95143327,-0.28536272,1.13407444,-1.01100361,0.02389069,-0.08732419,-0.12906501,0.98749465,0.16707365,-0.26585352,3.07082414
62240912,62.23038482,0.49641962,-0.05888820,0.37038283,-0.16724817,-0.25729205,0.95175018,-0.26634554,1.16061234,-1.02303922,0.02373074,-0.08775534,-0.12815537,0.98757877,0.16803789,-0.26402473,3.07117891
62273896,62.26336669,0.22742574,0.06848086,0.35586066,-0.16800456,-0.25547418,0.95210685,-0.15181965,1.16025936,-0.96797599,0.02358238,-0.08808852,-0.12722812,0.98767271,0.16880509,-0.26215007,3.07154250
62306888,62.29636001,0.23102297,0.05262634,0.30350077,-0.16860722,-0.25361371,0.95249738,-0.12216427,1.20063519,-0.80308332,0.02344639,-0.08834445,-0.12627930,0.98777465,0.16941653,-0.26022439,3.07190775
62339836,62.32930755,0.32681622,0.10285452,0.10525268,-0.16920985,-0.25174620,0.95288581,-0.07273351,1.18045711,-0.98486824,0.02332865,-0.08860284,-0.12532558,0.98787584,0.17002794,-0.25829195,3.07223773
62372776,62.36224746,-0.02651302,0.11604441,-0.03597244,-0.16987888,-0.24995877,0.95323734,-0.07694729,1.15083765,-1.08385252,0.02321681,-0.08889759,-0.12441248,0.98796739,0.17070679,-0.25644721,3.07254004
62405780,62.39525222,-0.17386675,0.07607503,-0.07274425,-0.17058795,-0.24820237,0.95356979,-0.16388469,1.18643474,-0.89619674,0.02310348,-0.08921335,-0.12351555,0.98805418,0.17142635,-0.25463743,3.07283806
62438792,62.42826461,0.02238285,-0.03610566,-0.08500154,-0.17113807,-0.24637751,0.95394430,-0.09863731,1.19706106,-0.84945211,0.02299906,-0.08944820,-0.12258399,0.98815135,0.17198467,-0.25274920,3.07314729
62471804,62.46127700,-0.04170137,0.05289280,-0.27418990,-0.17178441,-0.24459078,0.95428791,-0.10262964,1.16255950,-0.99481525,0.02290654,-0.08973449,-0.12167068,0.98824043,0.17264074,-0.25090594,3.07341670
62504780,62.49425125,-0.12696938,-0.03770444,-0.28991117,-0.17251520,-0.24284207,0.95460243,-0.19271917,1.16544950,-0.87452430,0.02280833,-0.09006407,-0.12077723,0.98832225,0.17338263,-0.24910690,3.07368373
62537800,62.52727127,-0.06421746,-0.02624655,-0.24474577,-0.17321093,-0.24106724,0.95492620,-0.18982618,1.18369424,-0.82260198,0.02270883,-0.09037537,-0.11987104,0.98840637,0.17408897,-0.24727940,3.07396173
62570852,62.56032562,-0.00786064,-0.05688974,-0.25327258,-0.17407578,-0.23934404,0.95520286,-0.25219373,1.14534986,-0.93396263,0.02260181,-0.09077311,-0.11899130,0.98847894,0.17496712,-0.24551398,3.07422876
62603912,62.59338378,-0.07767382,-0.05848851,-0.15148390,-0.17495560,-0.23763241,0.95546922,-0.25424361,1.13802301,-0.94008836,0.02248499,-0.09117778,-0.11811866,0.98854894,0.17586069,-0.24376187,3.07451391
62636908,62.62638092,-0.12070751,0.00546248,-0.10312098,-0.17579912,-0.23590440,0.95574226,-0.24558761,1.14972281,-0.88079109,0.02236623,-0.09156368,-0.11723837,0.98862066,0.17671751,-0.24199149,3.07481074
62669848,62.65932083,-0.02997703,0.01225727,-0.07727412,-0.17666561,-0.23416714,0.95600957,-0.25790472,1.14652061,-0.88008184,0.02224512,-0.09196111,-0.11635376,0.98869094,0.17759781,-0.24021282,3.07511162
62702828,62.69229888,-0.05942113,-0.00919296,0.03623890,-0.17755795,-0.23244082,0.95626564,-0.25481510,1.13893496,-0.93429298,0.02211253,-0.09237081,-0.11547596,0.98875865,0.17850447,-0.23844704,3.07543277
62735860,62.72533035,-0.18519142,-0.04516539,0.04729709,-0.17835527,-0.23069941,0.95653905,-0.19566816,1.12767207,-0.92968358,0.02198150,-0.09273227,-0.11459121,0.98883075,0.17931470,-0.23666174,3.07576584
62768860,62.75833129,-0.16640582,-0.08393568,-0.00559571,-0.17913000,-0.22894949,0.95681476,-0.21027429,1.15277767,-0.88406085,0.02185519,-0.09308290,-0.11370213,0.98890323,0.18010208,-0.23486690,3.07609438
62801852,62.79132461,-0.23448698,-0.18292648,0.02997703,-0.17994947,-0.22723226,0.95707044,-0.19407396,1.10735917,-1.00321292,0.02172182,-0.09345637,-0.11283051,0.98897085,0.18093507,-0.23310866,3.07642960
62834848,62.82432174,-0.56077032,-0.19012096,-0.00066616,-0.18071819,-0.22555217,0.95732269,-0.15302204,1.09884321,-1.03715658,0.02159031,-0.09380510,-0.11197837,0.98903741,0.18171667,-0.23138735,3.07676506
62867932,62.85740280,-0.73583612,-0.22542726,-0.09472741,-0.18138265,-0.22386868,0.95759220,-0.16041421,1.12181794,-0.84431095,0.02146906,-0.09410200,-0.11112440,0.98910827,0.18239229,-0.22965822,3.07709431
62900964,62.89043426,-0.77314090,-0.37078251,-0.09792497,-0.18216045,-0.22223839,0.95782413,-0.20211689,1.09528530,-0.94903507,0.02134041,-0.09445704,-0.11029802,0.98916959,0.18318326,-0.22799005,3.07742023
62933956,62.92342758,-1.34057271,-0.55237674,-0.03037672,-0.18300462,-0.22074258,0.95800933,-0.16806959,1.01664102,-1.12524557,0.02119590,-0.09484664,-0.10954184,0.98921957,0.18404184,-0.22646534,3.07775783
62967008,62.95647811,-2.00539660,-0.48682694,-0.15454822,-0.18357724,-0.21925678,0.95824079,-0.09181339,1.00953996,-0.87010602,0.02106847,-0.09510009,-0.10879094,0.98928079,0.18462436,-0.22493958,3.07809424
63000064,62.98953628,-1.98141498,-0.35226340,-0.35039815,-0.18420242,-0.21777913,0.95845775,-0.17761398,1.02441978,-0.63814520,0.02095733,-0.09538248,-0.10804257,0.98933792,0.18526037,-0.22342486,3.07839131
63033112,63.02258300,-2.28678107,-0.96912403,-0.21436908,-0.18500452,-0.21645605,0.95860309,-0.18853063,0.88637790,-0.90196247,0.02081562,-0.09575448,-0.10737543,0.98937768,0.18607649,-0.22207922,3.07871413
63066100,63.05557250,-2.78253436,-0.77593874,-0.18359265,-0.18524155,-0.21503725,0.95887660,-0.04425064,0.90204896,-0.41981410,0.02069407,-0.09583919,-0.10666067,0.98944931,0.18631768,-0.22060961,3.07907462
63099168,63.08863830,-2.52300000,-1.01708734,-0.46577639,-0.18586950,-0.21368808,0.95905675,-0.19376916,0.80377597,-0.49494543,0.02057715,-0.09612507,-0.10597913,0.98949728,0.18695673,-0.21922967,3.07937240
63132184,63.12165451,-3.30333542,-1.63621282,-0.04183461,-0.18708763,-0.21291496,0.95899181,-0.23722877,0.58547353,-0.94605236,0.02039488,-0.09671441,-0.10559537,0.98948469,0.18819658,-0.21847584,3.07967448
63165240,63.15471267,-3.88742084,-1.58598470,0.04196784,-0.18666850,-0.21167960,0.95934658,0.09487163,0.55201158,-0.16540127,0.02026553,-0.09646719,-0.10497906,0.98957691,0.18777000,-0.21716997,3.08011126
63198168,63.18764114,-4.10978412,-1.68457579,-0.21463551,-0.18759252,-0.21079509,0.95936145,-0.03555199,0.33115644,-0.58655872,0.02009521,-0.09690636,-0.10453906,0.98958415,0.18871064,-0.21628739,3.08043670
63231216,63.22068786,-4.36572122,-2.11664462,0.12870137,-0.18563602,-0.21270985,0.95931892,0.22445437,0.01959463,-0.50399661,0.02017000,-0.09594690,-0.10552006,0.98957176,0.18671916,-0.21819989,3.08032202
63264228,63.25370025,-4.36572122,-1.88735380,-0.48762631,-0.18337690,-0.21344850,0.95958976,0.74123821,-0.05266479,0.40930676,0.02026301,-0.09481677,-0.10590027,0.98963842,0.18442053,-0.21887383,3.08032774
63297248,63.28672027,-4.36572122,-0.43926339,-1.24757742,-0.18138680,-0.21486101,0.95965261,0.04491219,-0.16331281,0.53253488,0.02046220,-0.09384624,-0.10661364,0.98965015,0.18239650,-0.22026202,3.08002161
63330256,63.31972885,-4.22116565,-1.95130481,-0.33334457,-0.18169631,-0.21732590,0.95903882,-0.10663377,-0.24849441,0.06537521,0.02048039,-0.09404535,-0.10787007,0.98949470,0.18271122,-0.22284445,3.07970380
63363304,63.35277557,-4.12523889,-1.88162479,-0.50374727,-0.17953069,-0.21879067,0.95911359,0.85580024,-0.38496912,0.18468523,0.02060866,-0.09297909,-0.10861847,0.98951091,0.18050942,-0.22427980,3.07956218
63396360,63.38583374,-3.76658034,0.80218524,-1.67671513,-0.17800905,-0.22068395,0.95896368,0.27517702,-0.51369104,0.82912225,0.02087321,-0.09226337,-0.10957018,0.98946762,0.17896282,-0.22618951,3.07902789
63429372,63.41884231,-1.73173961,-0.34666767,-0.80498323,-0.17825566,-0.22284529,0.95841779,-0.18771113,-0.30278944,0.89753923,0.02098719,-0.09243691,-0.11066375,0.98932723,0.17921345,-0.22845451,3.07855677
63462428,63.45190048,-0.69466762,-2.25866913,-0.40675497,-0.17687071,-0.22468600,0.95824432,0.19908751,-0.29313626,-0.13231658,0.02112676,-0.09177693,-0.11160037,0.98928031,0.17780618,-0.23031599,3.07826733
63495480,63.48495101,-1.27355742,-1.65273356,-0.45485148,-0.17523180,-0.22638874,0.95814504,0.48016347,-0.31755657,-0.50868215,0.02128136,-0.09098728,-0.11246683,0.98925199,0.17614121,-0.23202290,3.07799506
63528548,63.51802062,-2.14608883,-0.04023584,-0.57409343,-0.17455874,-0.22860808,0.95774068,0.21703920,-0.47378449,-0.28440082,0.02143011,-0.09069807,-0.11359325,0.98914661,0.17545765,-0.23431088,3.07756614
63561528,63.55099868,-2.03257584,-0.54305052,-0.38224040,-0.17331719,-0.23058784,0.95749139,0.37473320,-0.48498830,-0.16208124,0.02157805,-0.09011548,-0.11460080,0.98908033,0.17419686,-0.23632483,3.07723546
63594536,63.58400726,-1.91479930,-0.60367078,-0.55664010,-0.17188446,-0.23242783,0.95730495,0.51001925,-0.56249403,-0.09963894,0.02174639,-0.08943588,-0.11553649,0.98902959,0.17274230,-0.23818509,3.07690358
63627548,63.61701965,-1.53002762,-0.67508268,-0.50867691,-0.17063553,-0.23433735,0.95706281,0.36838941,-0.56034040,-0.02932841,0.02190704,-0.08885060,-0.11650791,0.98896484,0.17147468,-0.24012627,3.07655954
63660604,63.65007781,-1.22186374,-1.11887598,-0.35985758,-0.16929888,-0.23617868,0.95684776,0.46251177,-0.53823537,-0.32208216,0.02205355,-0.08821814,-0.11744663,0.98890724,0.17011822,-0.24199287,3.07626414
63693628,63.68310165,-1.43450078,-1.27648854,-0.47310414,-0.16797739,-0.23808708,0.95660762,0.55347542,-0.57221565,-0.61456656,0.02220472,-0.08759547,-0.11841970,0.98884315,0.16877756,-0.24393076,3.07595348
63726668,63.71614074,-1.89614696,-0.97032318,-0.46484379,-0.16688044,-0.24015877,0.95628175,0.45789604,-0.63703846,-0.51780519,0.02234774,-0.08708935,-0.11947634,0.98875751,0.16766487,-0.24604954,3.07561707
63759736,63.74920654,-1.89907798,-1.07744109,-0.27072587,-0.16563941,-0.24215767,0.95599308,0.54137182,-0.67459034,-0.46575870,0.02247853,-0.08650747,-0.12049813,0.98868150,0.16640638,-0.24808666,3.07533335
63792772,63.78224563,-1.69203672,-0.91623125,-0.35346248,-0.16429431,-0.24404621,0.95574493,0.57322983,-0.62875652,-0.39348907,0.02262423,-0.08587280,-0.12146310,0.98861541,0.16504261,-0.25000438,3.07504582
63825812,63.81528472,-1.34390354,-0.87826032,-0.25700306,-0.16313800,-0.24597573,0.95544834,0.49223957,-0.67296957,-0.41589760,0.02275756,-0.08533380,-0.12244946,0.98853740,0.16387045,-0.25197367,3.07475662
63858840,63.84831237,-1.06278562,-0.68454213,-0.06648239,-0.16197519,-0.24782755,0.95516767,0.52598886,-0.65329551,-0.46761889,0.02288061,-0.08478917,-0.12339731,0.98846359,0.16269195,-0.25386190,3.07449817
63891928,63.88140106,-0.80564928,-0.55304288,-0.13869371,-0.16065382,-0.24952826,0.95494804,0.65674757,-0.63401660,-0.52599296,0.02302004,-0.08416345,-0.12426760,0.98840484,0.16135305,-0.25558569,3.07424378
63924972,63.91444396,-0.52266616,-0.60500307,-0.24687747,-0.15936360,-0.25121474,0.95472211,0.64422693,-0.60962510,-0.63733930,0.02316881,-0.08355481,-0.12512999,0.98834419,0.16004596,-0.25729634,3.07396960
63957992,63.94746398,-0.51707038,-0.50254826,-0.29071056,-0.15819984,-0.25296890,0.95445222,0.64550452,-0.64986314,-0.80772371,0.02331763,-0.08301211,-0.12602680,0.98827238,0.15886730,-0.25908396,3.07367396
63991036,63.98050689,-0.68187751,-0.44432621,-0.28564777,-0.15710653,-0.25478181,0.95415096,0.60608110,-0.62339200,-0.86357479,0.02346274,-0.08250612,-0.12695405,0.98819274,0.15776011,-0.26093659,3.07337284
64024128,64.01360321,-0.80311784,-0.46977334,-0.24554517,-0.15609931,-0.25665416,0.95381412,0.56845283,-0.66082630,-0.86665592,0.02359907,-0.08204425,-0.12791253,0.98810424,0.15674033,-0.26285598,3.07307410
64057156,64.04663085,-0.85121440,-0.39622969,-0.16880397,-0.15506476,-0.25851109,0.95348129,0.57254524,-0.64676237,-0.81187973,0.02373119,-0.08156791,-0.12886403,0.98801689,0.15569303,-0.26475861,3.07279086
64090188,64.07965850,-0.66122670,-0.28711333,-0.06808116,-0.15402961,-0.26032052,0.95315666,0.56858038,-0.65960130,-0.72757072,0.02385813,-0.08109003,-0.12979196,0.98793163,0.15464530,-0.26661202,3.07252407
64123216,64.11268615,-0.40209188,-0.24114851,0.02171669,-0.15296158,-0.26206107,0.95285167,0.58411397,-0.61904244,-0.75631847,0.02398188,-0.08059397,-0.13068535,0.98785152,0.15356446,-0.26839237,3.07227611
64156276,64.14574432,-0.13149923,-0.21050534,0.05595712,-0.15183444,-0.26371872,0.95257482,0.60862154,-0.58540239,-0.75872712,0.02410793,-0.08006685,-0.13153669,0.98777847,0.15242397,-0.27008368,3.07204079
64189280,64.17874908,0.18852220,-0.26100001,0.08140429,-0.15071222,-0.26532864,0.95230560,0.64534115,-0.63310885,-0.80997161,0.02423273,-0.07954144,-0.13236393,0.98770713,0.15128872,-0.27172589,3.07181310
64222200,64.21166992,0.08020521,-0.18585758,0.00692802,-0.14960906,-0.26696503,0.95202245,0.69379854,-0.61755647,-1.01305758,0.02436368,-0.07902727,-0.13320455,0.98763236,0.15017287,-0.27339706,3.07156968
64255152,64.24462127,-0.11337980,-0.10352067,-0.07500919,-0.14858937,-0.26867282,0.95170154,0.62295460,-0.59216699,-0.99882068,0.02449746,-0.07855756,-0.13408157,0.98754777,0.14914166,-0.27514748,3.07130408
64288224,64.27769470,-0.08500154,-0.14295711,0.04409954,-0.14762222,-0.27039506,0.95136394,0.56119642,-0.63780808,-0.83027019,0.02461786,-0.07811332,-0.13496714,0.98745927,0.14816379,-0.27691605,3.07105827
64321212,64.31068420,0.01292343,-0.02438132,0.03597244,-0.14654724,-0.27203655,0.95106220,0.64190859,-0.62615680,-0.83704853,0.02474750,-0.07761414,-0.13581150,0.98737964,0.14707696,-0.27859559,3.07081794
64354136,64.34360504,0.10378713,-0.02997703,0.02478101,-0.14555501,-0.27370688,0.95073556,0.61601400,-0.61423254,-0.96318674,0.02487414,-0.07715745,-0.13667078,0.98729381,0.14607396,-0.28030962,3.07057070
64387052,64.37652587,0.02264931,-0.02677948,0.03490658,-0.14454872,-0.27538132,0.95040521,0.61891393,-0.61695265,-0.93526849,0.02500029,-0.07669388,-0.13753277,0.98720684,0.14505695,-0.28202819,3.07032775
64419972,64.40944671,0.00786064,0.02571363,0.00346401,-0.14346557,-0.27701306,0.95009527,0.64761595,-0.60189318,-0.86855230,0.02513393,-0.07619161,-0.13837308,0.98712501,0.14396237,-0.28369901,3.07008624
64452900,64.44237518,0.12190659,0.11044870,-0.01745329,-0.14247250,-0.27866580,0.94976129,0.60218930,-0.61195921,-0.87554254,0.02526695,-0.07573578,-0.13922405,0.98703708,0.14295898,-0.28539646,3.06983232
64485880,64.47534942,0.11777641,0.01292343,0.01945176,-0.14144201,-0.28030643,0.94943256,0.64510412,-0.61178340,-0.96481342,0.02539685,-0.07526045,-0.14006969,0.98695049,0.14191795,-0.28708024,3.06959295
64518856,64.50833129,0.08153753,0.08340275,-0.00572894,-0.14041061,-0.28194580,0.94910020,0.62185592,-0.59110107,-0.90295763,0.02553000,-0.07478533,-0.14091484,0.98686285,0.14087612,-0.28876325,3.06934881
64551768,64.54123687,0.16787135,0.20704135,0.01159112,-0.13939310,-0.28356410,0.94876775,0.60863137,-0.61438512,-0.80301580,0.02566416,-0.07431727,-0.14174939,0.98677511,0.13984854,-0.29042549,3.06910371
64584680,64.57415008,0.36905052,0.28937826,-0.01585452,-0.13835077,-0.28512809,0.94845170,0.61784296,-0.61160039,-0.75728960,0.02580487,-0.07383668,-0.14255592,0.98669137,0.13879601,-0.29202990,3.06885504
64617588,64.60706329,0.61845946,0.42181010,-0.02598009,-0.13730924,-0.28663751,0.94814796,0.60459442,-0.59690737,-0.70107769,0.02595072,-0.07335645,-0.14333426,0.98661060,0.13774447,-0.29357752,3.06860160
64650536,64.64000701,0.90104284,0.69413475,-0.05089433,-0.13625743,-0.28806667,0.94786682,0.61159920,-0.58961887,-0.62364807,0.02610682,-0.07287115,-0.14407079,0.98653526,0.13668264,-0.29504058,3.06833672
64683496,64.67296600,1.42810559,0.98431243,0.03104288,-0.13529043,-0.28942335,0.94759197,0.53275136,-0.61560592,-0.40755290,0.02626091,-0.07242755,-0.14476962,0.98646154,0.13570659,-0.29643130,3.06806969
64716464,64.70593261,2.11024951,1.50764465,0.21769986,-0.13434801,-0.29061636,0.94736080,0.51716051,-0.61099491,-0.23691158,0.02641379,-0.07199334,-0.14538396,0.98639879,0.13475549,-0.29765086,3.06781506
64749412,64.73888397,2.99197387,1.70109653,0.55597395,-0.13353540,-0.29170403,0.94714155,0.49168972,-0.71708498,-0.11144818,0.02654088,-0.07161955,-0.14594478,0.98633985,0.13393551,-0.29876497,3.06760144
64782320,64.77178955,3.54981303,2.17579936,0.74249768,-0.13279683,-0.29268670,0.94694185,0.57005267,-0.80570201,-0.14762544,0.02666220,-0.07128068,-0.14645129,0.98628597,0.13319032,-0.29977180,3.06739664
64815264,64.80473327,3.96895885,2.01618838,0.62245635,-0.13176867,-0.29341829,0.94685945,0.76262807,-0.74320278,-0.18391996,0.02680798,-0.07079314,-0.14682857,0.98626117,0.13215298,-0.30050148,3.06720781
64848240,64.83771514,4.03357601,2.25960183,0.66135988,-0.13106299,-0.29433374,0.94667310,0.42720556,-0.63315649,-0.09340161,0.02693851,-0.07047131,-0.14729969,0.98621034,0.13144116,-0.30143914,3.06698560
64881220,64.87068939,4.29337692,1.74359726,1.37734460,-0.13046110,-0.29526553,0.94646577,0.34115445,-0.71303520,0.06574124,0.02699323,-0.07019144,-0.14778394,0.98615627,0.13083407,-0.30239868,3.06690001
64914152,64.90362548,4.36558818,1.70349454,1.08730018,-0.12937567,-0.29589200,0.94641933,0.60203194,-0.58765292,-0.08411467,0.02709865,-0.06966691,-0.14811069,0.98614158,0.12973933,-0.30301570,3.06681203
64947080,64.93655395,4.36558818,2.53232598,0.71225423,-0.12840185,-0.29651868,0.94635601,0.34886083,-0.44005355,0.17888813,0.02724671,-0.06920573,-0.14843374,0.98612155,0.12875733,-0.30363788,3.06662034
64980020,64.96949005,4.36558818,2.13996028,1.40359106,-0.12732893,-0.29706050,0.94633083,0.20130352,-0.28619144,0.22798562,0.02733327,-0.06868326,-0.14871822,0.98611268,0.12767553,-0.30416679,3.06657600
65012932,65.00240325,4.36558818,2.07720828,1.22612702,-0.12588787,-0.29707722,0.94651832,0.29336833,-0.26176066,0.37916522,0.02744469,-0.06796669,-0.14873217,0.98615713,0.12622277,-0.30412626,3.06657886
65045888,65.03536224,4.36558818,1.22106432,1.22932457,-0.12451723,-0.29746362,0.94657821,0.16553285,-0.10585669,-0.03739851,0.02753899,-0.06729090,-0.14893856,0.98616962,0.12484130,-0.30447974,3.06657838
65078864,65.06833648,4.36558818,0.81817302,1.11914241,-0.12281410,-0.29635431,0.94714889,0.20020668,0.13961603,-0.32385783,0.02761292,-0.06641314,-0.14837419,0.98631229,0.12312494,-0.30324103,3.06677913
65111796,65.10126495,4.36558818,0.48562784,0.43473353,-0.12133442,-0.29464845,0.94787139,0.37450826,0.31002931,-0.23864288,0.02769910,-0.06563937,-0.14749834,0.98649301,0.12163413,-0.30138354,3.06695914
65144700,65.13417053,3.82946567,1.34190511,0.08739969,-0.12139072,-0.29221227,0.94861803,0.11943759,0.60983920,-0.48938946,0.02769236,-0.06561888,-0.14623652,0.98668231,0.12169085,-0.29881653,3.06713485
65177636,65.16710662,3.28428316,1.54828023,-0.01705360,-0.12180742,-0.28984208,0.94929141,0.01121171,0.75859208,-0.32380318,0.02766816,-0.06578057,-0.14500732,0.98685369,0.12211067,-0.29633462,3.06728529
65210576,65.20005035,2.79319286,1.00283157,-0.01052527,-0.12232161,-0.28756923,0.94991626,-0.00365496,0.85397548,-0.69356861,0.02762003,-0.06599039,-0.14382984,0.98701324,0.12262876,-0.29396055,3.06746315
65243568,65.23303985,2.26866149,1.00229859,-0.29763855,-0.12268508,-0.28537904,0.95052986,0.03821243,0.92087707,-0.69930911,0.02760323,-0.06612989,-0.14269504,0.98716917,0.12299497,-0.29166927,3.06759572
65276568,65.26603698,2.05988812,1.34696793,-0.52040123,-0.12315136,-0.28322062,0.95111474,-0.05970997,1.01930463,-0.27728664,0.02760418,-0.06632493,-0.14157502,0.98731718,0.12346481,-0.28941655,3.06767511
65309516,65.29898834,2.25320672,0.89384841,-0.45764932,-0.12402663,-0.28112079,0.95162410,-0.21532883,1.01256608,-0.67794251,0.02756289,-0.06672303,-0.14048476,0.98744735,0.12434684,-0.28724195,3.06777524
65342448,65.33191680,1.72681007,0.79419140,-0.28458192,-0.12478199,-0.27907240,0.95212793,-0.15695630,1.04738295,-0.74094629,0.02750958,-0.06705960,-0.13942356,0.98757638,0.12510812,-0.28511812,3.06791567
65375396,65.36486816,1.86856803,1.00869369,-0.54531545,-0.12533403,-0.27695379,0.95267429,-0.14541791,1.13413155,-0.30594582,0.02749674,-0.06729727,-0.13832575,0.98771514,0.12566449,-0.28291401,3.06801080
65408392,65.39786529,2.56083774,0.74716086,-0.68347625,-0.12638037,-0.27487838,0.95313682,-0.34212546,1.03122603,-0.66846890,0.02746244,-0.06778406,-0.13724756,0.98783311,0.12671923,-0.28077486,3.06807446
65441372,65.43084716,1.81873970,0.20504288,-0.17746400,-0.12793052,-0.27334084,0.95337200,-0.42846593,0.97036228,-1.50757122,0.02734648,-0.06852609,-0.13644808,0.98789577,0.12828209,-0.27921960,3.06819272
65474340,65.46381378,0.62938442,0.41728024,-0.06954670,-0.12904324,-0.27162251,0.95371303,-0.33628878,1.10829246,-1.04135942,0.02723895,-0.06904368,-0.13555932,0.98798503,0.12940411,-0.27745904,3.06837320
65507292,65.49676513,0.86786823,0.21290352,-0.07487596,-0.13001412,-0.26980557,0.95409708,-0.37950735,1.19753992,-0.80028848,0.02713641,-0.06948814,-0.13462114,0.98808507,0.13038324,-0.27559056,3.06857323
65540272,65.52974700,0.87759418,0.15694641,0.10018990,-0.13119341,-0.26809267,0.95441808,-0.42056441,1.09817075,-0.98005285,0.02700720,-0.07003713,-0.13373696,0.98816976,0.13157274,-0.27383980,3.06879115
65573228,65.56269836,0.48243036,-0.01492190,0.32468452,-0.13227066,-0.26639680,0.95474443,-0.30352034,1.08988308,-1.15567207,0.02685855,-0.07053218,-0.13286433,0.98825635,0.13265945,-0.27210366,3.06906366
65606208,65.59568023,0.13149923,0.07354365,0.20530934,-0.13308198,-0.26463582,0.95512142,-0.22458403,1.15355181,-0.95170345,0.02673388,-0.07089433,-0.13195927,0.98835525,0.13347797,-0.27028999,3.06933212
65639152,65.62862396,0.11218070,0.17426645,0.09046401,-0.13389391,-0.26287555,0.95549402,-0.22499279,1.18035602,-0.96794519,0.02662074,-0.07125858,-0.13105416,0.98845252,0.13429725,-0.26847779,3.06957840
65672104,65.66157531,-0.09979021,0.25993413,-0.02504747,-0.13469207,-0.26114628,0.95585556,-0.18098175,1.15006232,-1.04838490,0.02651841,-0.07161808,-0.13016476,0.98854656,0.13510274,-0.26669836,3.06980371
65705108,65.69458007,-0.13043338,0.17320060,-0.10818377,-0.13556556,-0.25945031,0.95619430,-0.28533287,1.17033898,-0.88221969,0.02641675,-0.07201673,-0.12929211,0.98863506,0.13598430,-0.26495704,3.07001590
65738136,65.72760772,-0.12883460,0.05329250,-0.04050230,-0.13639972,-0.25774276,0.95653715,-0.26203777,1.16374862,-0.90819730,0.02630889,-0.07239459,-0.12841469,0.98872461,0.13682627,-0.26320288,3.07024836
65771172,65.76064300,-0.07674119,0.07740735,-0.11551148,-0.13726441,-0.25603759,0.95687122,-0.27850704,1.15447509,-0.89998645,0.02620634,-0.07278890,-0.12753820,0.98881168,0.13769918,-0.26145293,3.07046699
65804148,65.79361724,-0.08340275,0.04290046,-0.08673354,-0.13821492,-0.25436820,0.95717983,-0.33346476,1.13547170,-0.87734584,0.02609624,-0.07322669,-0.12668024,0.98889274,0.13865882,-0.25974411,3.07068777
65837128,65.82659912,-0.01971822,-0.01798622,-0.01931853,-0.13915123,-0.25268280,0.95749044,-0.32032141,1.14867889,-0.93332052,0.02598008,-0.07365642,-0.12581501,0.98897428,0.13960428,-0.25801870,3.07092547
65870224,65.85969543,-0.06395100,0.05928790,-0.01518836,-0.14004487,-0.25097906,0.95780801,-0.28720121,1.14624273,-0.91825723,0.02586715,-0.07406476,-0.12494086,0.98905744,0.14050676,-0.25627307,3.07116532
65903236,65.89270782,-0.08433538,0.08393568,-0.03050996,-0.14096462,-0.24928665,0.95811519,-0.30092990,1.14088821,-0.91148433,0.02575429,-0.07448678,-0.12407264,0.98913812,0.14143574,-0.25454080,3.07140207
65936176,65.92565155,-0.06035375,-0.02744564,0.01598775,-0.14184700,-0.24757871,0.95842800,-0.28637563,1.13698303,-0.90984401,0.02563733,-0.07488924,-0.12319743,0.98922023,0.14232704,-0.25279145,3.07165479
65969148,65.95861816,-0.11031546,-0.02078407,-0.03344104,-0.14270522,-0.24587037,0.95874032,-0.25573227,1.12550902,-0.95263681,0.02552550,-0.07528030,-0.12232222,0.98930206,0.14319407,-0.25104138,3.07190179
66002148,65.99162292,-0.24114851,-0.01225727,-0.06981317,-0.14364042,-0.24421594,0.95902357,-0.29483613,1.12141323,-0.97855482,0.02541214,-0.07571146,-0.12147445,0.98937664,0.14413902,-0.24935090,3.07213878
66035236,66.02471160,-0.31415927,-0.08473506,-0.00772741,-0.14452324,-0.24255030,0.95931320,-0.29883611,1.13781392,-0.89168624,0.02529415,-0.07611548,-0.12062212,0.98945274,0.14503118,-0.24764742,3.07239437
66068272,66.05774688,-0.24754364,-0.18092802,-0.04170137,-0.14539263,-0.24087545,0.95960369,-0.28527143,1.12735009,-0.93421306,0.02517831,-0.07651296,-0.11976531,0.98952903,0.14590985,-0.24593422,3.07264947
66101268,66.09073638,-0.59221286,-0.17946248,-0.02571363,-0.14625771,-0.23925478,0.95987787,-0.25950403,1.09618843,-0.96329584,0.02505890,-0.07690903,-0.11893692,0.98960132,0.14678425,-0.24427778,3.07290935
66134312,66.12378692,-0.55277638,-0.29897089,-0.09286218,-0.14708445,-0.23761978,0.96015787,-0.28504446,1.12336194,-0.87910318,0.02494493,-0.07728624,-0.11810138,0.98967504,0.14762001,-0.24260542,3.07316565
66167368,66.15683746,-1.05012857,-0.68480854,-0.03170903,-0.14824814,-0.23630239,0.96030387,-0.30878310,0.98825550,-1.40048933,0.02480234,-0.07783710,-0.11742835,0.98971548,0.14879662,-0.24127686,3.07341194
66200376,66.18984985,-2.34007358,-0.74969215,0.11044870,-0.14931766,-0.23513197,0.96042547,-0.22592647,0.90041522,-1.27536678,0.02464096,-0.07834070,-0.11683311,0.98975019,0.14987819,-0.24009809,3.07369756
66233324,66.22279357,-2.84168910,-0.92049465,0.11537827,-0.15003397,-0.23386344,0.96062335,-0.22081563,0.94943962,-0.78459792,0.02448712,-0.07866421,-0.11619015,0.98980398,0.15060268,-0.23880424,3.07402205
66266340,66.25581359,-3.22419595,-1.24611186,0.11724350,-0.15078233,-0.23269567,0.96078977,-0.18832899,0.81985387,-0.82993040,0.02432297,-0.07900478,-0.11559953,0.98985013,0.15135962,-0.23761663,3.07435584
66299396,66.28887176,-3.61256504,-0.90477333,0.06315162,-0.15125465,-0.23147072,0.96101131,-0.12730979,0.76516208,-0.43562068,0.02417944,-0.07920672,-0.11498039,0.98990955,0.15183744,-0.23635950,3.07468819
66332380,66.32185363,-3.68091249,-1.41211786,0.00772741,-0.15210902,-0.23044877,0.96112222,-0.18993198,0.62961869,-0.65887613,0.02401429,-0.07960398,-0.11446409,0.98994159,0.15270180,-0.23532800,3.07500004
66365336,66.35480499,-4.36572122,-1.28195095,0.12230628,-0.15177447,-0.22930068,0.96144971,0.08707722,0.45171279,-0.31472115,0.02389856,-0.07940088,-0.11388858,0.99002704,0.15236334,-0.23412120,3.07537150
66398272,66.38774108,-4.13429880,-1.25157427,-0.61579484,-0.15076355,-0.22832736,0.96184043,0.19007019,0.44024143,0.41340370,0.02389429,-0.07887014,-0.11339886,0.99012584,0.15134060,-0.23307182,3.07558655
66431300,66.42076873,-3.73513770,-1.63927721,-0.56063704,-0.15179789,-0.22749214,0.96187553,-0.14922749,0.30195503,-0.30977594,0.02376877,-0.07936693,-0.11297379,0.99013776,0.15238699,-0.23224143,3.07578158
66464356,66.45382690,-4.36572122,-1.98021593,-0.17786370,-0.14950966,-0.22820239,0.96206560,0.27597451,0.07683520,-0.27163589,0.02384706,-0.07822574,-0.11334838,0.99018383,0.15007239,-0.23289625,3.07584738
66497368,66.48683929,-4.20970726,-1.08650075,-1.32125425,-0.14739322,-0.22854967,0.96230964,0.48308658,-0.00045425,0.61508297,0.02401761,-0.07717645,-0.11352914,0.99024124,0.14793219,-0.23318092,3.07573628
66530396,66.51986694,-3.56366920,-0.91223421,-1.15018534,-0.14915193,-0.22912929,0.96190090,-0.28517425,-0.06457189,0.26417331,0.02396745,-0.07807370,-0.11381571,0.99013938,0.14971058,-0.23384675,3.07557249
66563472,66.55294036,-3.33770918,-1.88468914,-0.52239966,-0.14723467,-0.23092772,0.96176633,0.18361163,-0.17092773,0.07461065,0.02410823,-0.07714712,-0.11473968,0.99010200,0.14777190,-0.23564705,3.07538032
66596528,66.58599853,-3.25110864,-0.98484535,-1.05439198,-0.14531649,-0.23253688,0.96167001,0.31206452,-0.29285371,0.31518549,0.02430585,-0.07622379,-0.11556298,0.99007282,0.14583289,-0.23725123,3.07509183
66629544,66.61901855,-2.54698181,-0.33894026,-0.89717912,-0.14557076,-0.23482618,0.96107511,-0.12518118,-0.28299608,0.64610261,0.02440681,-0.07640442,-0.11672488,0.98992004,0.14608989,-0.23964166,3.07467222
66662592,66.65206146,-1.49338903,-1.24451303,-0.34120521,-0.14380383,-0.23635206,0.96096725,0.18018078,-0.22946825,0.21090769,0.02455126,-0.07555079,-0.11750926,0.98988933,0.14430417,-0.24116539,3.07448339
66695660,66.68513488,-1.48526182,-0.93248548,-0.56929707,-0.14234354,-0.23813133,0.96074523,0.24610331,-0.26772804,-0.08989561,0.02471140,-0.07485949,-0.11842023,0.98982915,0.14282870,-0.24296455,3.07420611
66728712,66.71818542,-1.49352216,-0.59234609,-0.40275802,-0.14131355,-0.24012289,0.96040163,0.15742683,-0.30699625,-0.03510868,0.02484550,-0.07438757,-0.11943879,0.98973913,0.14178817,-0.24500069,3.07391166
66761748,66.75122070,-1.38147473,-1.05572426,-0.31016232,-0.14000875,-0.24198923,0.96012430,0.31286029,-0.35786426,-0.27457742,0.02497644,-0.07377385,-0.12039622,0.98966579,0.14047027,-0.24689726,3.07367110
66794784,66.78425598,-1.84125576,-1.35749304,-0.38317303,-0.13841508,-0.24376635,0.95990581,0.53343462,-0.38758130,-0.52118511,0.02511641,-0.07301325,-0.12131012,0.98960704,0.13886094,-0.24869115,3.07345938
66827848,66.81732177,-2.37351465,-0.27632160,-0.89331541,-0.13715302,-0.24577126,0.95957527,0.45770969,-0.56794939,-0.19590341,0.02530187,-0.07243099,-0.12233523,0.98951873,0.13758673,-0.25073506,3.07309722
66860896,66.85036468,-2.08080554,-0.88745326,-0.67361717,-0.13590476,-0.24778428,0.95923528,0.33536765,-0.55226459,-0.01221383,0.02545912,-0.07185277,-0.12336696,0.98942880,0.13632667,-0.25278851,3.07279205
66893908,66.88337707,-1.78449926,-1.43196926,-0.66375799,-0.13435153,-0.24960696,0.95898141,0.56135349,-0.54995355,-0.34277045,0.02562066,-0.07111717,-0.12430396,0.98936042,0.13475905,-0.25463352,3.07253575
66927012,66.91648101,-1.94477643,-1.11980867,-0.84215459,-0.13298522,-0.25155756,0.95866241,0.50749692,-0.59902834,-0.35783231,0.02579383,-0.07048058,-0.12530467,0.98927536,0.13338036,-0.25661926,3.07222390
66960088,66.94956207,-1.75092496,-0.94700756,-0.61606125,-0.13194559,-0.25361266,0.95826444,0.33995342,-0.64165105,-0.22999291,0.02593667,-0.07000824,-0.12635887,0.98917112,0.13233149,-0.25872645,3.07192373
66993120,66.98258972,-1.58851599,-1.29633998,-0.39130015,-0.13059759,-0.25550837,0.95794544,0.55442571,-0.61582951,-0.53533802,0.02606980,-0.06937551,-0.12733519,0.98908700,0.13097172,-0.26065719,3.07169914
67026180,67.01565551,-1.72001543,-1.11994183,-0.40102601,-0.12942018,-0.25750107,0.95757141,0.51272096,-0.64386610,-0.64433903,0.02619821,-0.06883081,-0.12836065,0.98898897,0.12978427,-0.26269612,3.07145595
67059268,67.04873657,-1.95516853,-1.14432311,-0.31749005,-0.12822450,-0.25952222,0.95718660,0.58281431,-0.67236256,-0.80411043,0.02631852,-0.06827657,-0.12940202,0.98888854,0.12857851,-0.26476492,3.07123184
67092280,67.08174896,-2.13982677,-0.88545484,-0.20131239,-0.12702486,-0.26154174,0.95679702,0.56623387,-0.66863403,-0.62842793,0.02643310,-0.06771980,-0.13044347,0.98878707,0.12736897,-0.26683278,3.07102227
67125332,67.11479949,-1.77783765,-0.76341505,-0.21610107,-0.12569551,-0.26340990,0.95645990,0.64327363,-0.67726392,-0.51114740,0.02655975,-0.06709622,-0.13140802,0.98869838,0.12602890,-0.26873888,3.07081961
67158404,67.14787292,-1.22066462,-0.57142882,-0.25380551,-0.12442537,-0.26520280,0.95613059,0.58829255,-0.65325422,-0.45881614,0.02669368,-0.06650251,-0.13233329,0.98861150,0.12474869,-0.27056908,3.07060146
67191488,67.18096160,-0.52679634,-0.63471364,-0.17160182,-0.12314767,-0.26687433,0.95583076,0.47153635,-0.58590888,-0.23293042,0.02682374,-0.06590243,-0.13319689,0.98853216,0.12346109,-0.27227287,3.07040286
67224540,67.21401977,0.25567076,0.05768913,0.00599541,-0.12214316,-0.26849946,0.95550451,0.57746543,-0.63726224,-0.80047521,0.02694339,-0.06543900,-0.13403517,0.98844633,0.12244894,-0.27393839,3.07019138
67257492,67.24696350,-0.03304135,-0.07101225,-0.04143491,-0.12108592,-0.27016096,0.95517082,0.65575389,-0.57871599,-1.12460446,0.02706561,-0.06495003,-0.13489291,0.98835868,0.12138379,-0.27564074,3.06998133
67290552,67.28002166,-0.18545789,-0.03903675,-0.05209342,-0.12005033,-0.27185115,0.95482187,0.51946439,-0.55041446,-0.73948984,0.02718696,-0.06447267,-0.13576569,0.98826704,0.12034059,-0.27737462,3.06976962
67323580,67.31305694,0.13296477,0.04156814,0.03530628,-0.11902828,-0.27348451,0.95448312,0.63001461,-0.68134946,-0.86195383,0.02730391,-0.06400074,-0.13660978,0.98817806,0.11931118,-0.27905025,3.06957030
67356528,67.34600067,0.07700766,-0.06128637,-0.01265697,-0.11800695,-0.27513799,0.95413475,0.58993077,-0.59546747,-0.93924217,0.02742234,-0.06352993,-0.13746451,0.98808670,0.11828258,-0.28074755,3.06936812
67389508,67.37897491,0.02038438,-0.06128637,0.01092496,-0.11689422,-0.27674829,0.95380582,0.61005830,-0.56480445,-0.85566129,0.02754328,-0.06301244,-0.13829814,0.98800010,0.11716210,-0.28239725,3.06917881
67422452,67.41191864,0.11004902,0.05275957,0.03090965,-0.11584899,-0.27836859,0.95346174,0.61243104,-0.61152400,-0.88046369,0.02766167,-0.06252925,-0.13913683,0.98790969,0.11610975,-0.28406047,3.06898570
67455424,67.44489288,0.06714855,0.00426340,0.02211639,-0.11482450,-0.28001050,0.95310497,0.59236359,-0.60353441,-0.89646434,0.02777826,-0.06205694,-0.13998700,0.98781614,0.11507835,-0.28574771,3.06879329
67488344,67.47781372,0.02184992,-0.02318224,0.04543185,-0.11378492,-0.28165170,0.95274591,0.58839426,-0.59383654,-0.87462091,0.02789290,-0.06157686,-0.14083748,0.98772201,0.11403192,-0.28743448,3.06860876
67521296,67.51076507,0.09885758,0.02491424,0.06368453,-0.11272735,-0.28326401,0.95239372,0.61541290,-0.61199960,-0.86840934,0.02800847,-0.06108740,-0.14167358,0.98762969,0.11296747,-0.28909112,3.06842851
67554164,67.54363250,-0.03397396,0.01225727,0.01705360,-0.11166800,-0.28490004,0.95203056,0.62045707,-0.59962139,-0.91785087,0.02812704,-0.06059812,-0.14252220,0.98753442,0.11190139,-0.29077334,3.06824254
67587060,67.57653045,-0.01905207,0.04449923,0.03264165,-0.11061474,-0.28653070,0.95166397,0.57692332,-0.56967043,-0.82812881,0.02824448,-0.06011185,-0.14336849,0.98743820,0.11084156,-0.29245090,3.06805992
67619968,67.60944366,0.10964931,0.05915467,0.05142726,-0.10952141,-0.28811383,0.95131225,0.61440420,-0.59445452,-0.80458374,0.02836393,-0.05960478,-0.14419092,0.98734569,0.10974156,-0.29407798,3.06788396
67652884,67.64234924,0.13749463,0.02957734,-0.03130934,-0.10844392,-0.28970787,0.95095186,0.63066072,-0.60164952,-0.90480928,0.02848855,-0.05910689,-0.14501892,0.98725090,0.10865760,-0.29571773,3.06769609
67685864,67.67533874,0.15041806,0.34986522,-0.08207044,-0.10740778,-0.29129207,0.95058526,0.57225155,-0.57418642,-0.74135675,0.02862216,-0.05863135,-0.14584133,0.98715419,0.10761537,-0.29734945,3.06748580
67718804,67.70827484,0.55664010,0.36212251,0.00159877,-0.10637056,-0.29279996,0.95023832,0.53386077,-0.58024692,-0.58402738,0.02875118,-0.05815328,-0.14662498,0.98706254,0.10657222,-0.29890167,3.06729125
67751712,67.74118041,0.88678722,0.42847166,0.09179633,-0.10531768,-0.29423295,0.94991321,0.57992701,-0.59663619,-0.63448357,0.02887677,-0.05766543,-0.14737056,0.98697652,0.10551335,-0.30037500,3.06711220
67784596,67.77406311,1.20774114,0.52906126,0.11151455,-0.10428740,-0.29561276,0.94959831,0.53861355,-0.58060793,-0.54383659,0.02900314,-0.05718831,-0.14808874,0.98689308,0.10447739,-0.30179395,3.06693267
67817496,67.80696868,1.69496774,0.70172891,0.29803827,-0.10342060,-0.29697232,0.94926872,0.44399676,-0.62319369,-0.39091909,0.02911009,-0.05679104,-0.14879612,0.98680639,0.10360587,-0.30319750,3.06676936
67850404,67.83987426,2.15288352,0.33880705,0.60780096,-0.10252480,-0.29825873,0.94896278,0.53074746,-0.71907525,-0.55638461,0.02918709,-0.05637319,-0.14946793,0.98672666,0.10270527,-0.30452365,3.06667685
67883328,67.87280273,1.95596780,0.76168298,0.39876108,-0.10140415,-0.29941539,0.94871883,0.69442172,-0.56142444,-0.74095516,0.02930416,-0.05584473,-0.15007299,0.98666133,0.10157874,-0.30570631,3.06654763
67916284,67.90576171,1.97755136,1.79249310,0.22875804,-0.10041549,-0.30054311,0.94846735,0.46296429,-0.46044321,-0.24998104,0.02945088,-0.05538739,-0.15066022,0.98659324,0.10058503,-0.30686330,3.06634020
67949212,67.93869018,2.97785139,1.99100761,0.87333078,-0.10008813,-0.30178606,0.94810733,0.23192405,-0.76242294,0.13660943,0.02951070,-0.05525510,-0.15130498,0.98650026,0.10025600,-0.30816342,3.06619763
67982104,67.97157287,3.19874882,1.83859109,0.94913940,-0.09897336,-0.30255320,0.94797973,0.76913933,-0.67523002,-0.16795044,0.02961201,-0.05471975,-0.15170965,0.98646488,0.09913568,-0.30893692,3.06612539
68015000,68.00447082,3.63734626,2.26200008,0.53399081,-0.09793483,-0.30327754,0.94785585,0.44705591,-0.50751347,0.13295471,0.02975512,-0.05422878,-0.15208917,0.98642911,0.09809208,-0.30966818,3.06595945
68047840,68.03731536,4.32188844,2.45705056,0.99017457,-0.09752562,-0.30423603,0.94759120,0.24010374,-0.67403545,0.25040686,0.02982814,-0.05405147,-0.15258705,0.98635988,0.09768090,-0.31066646,3.06582164
68080716,68.07019042,4.36558818,2.20004749,1.59810876,-0.09710875,-0.30517663,0.94733142,0.20965757,-0.61767492,0.26800060,0.02984553,-0.05386135,-0.15307897,0.98629350,0.09726205,-0.31164610,3.06579923
68113556,68.10302734,4.36558818,2.37804436,1.28315008,-0.09633129,-0.30592584,0.94716920,0.34413404,-0.56956243,0.23862183,0.02991704,-0.05349261,-0.15347279,0.98625020,0.09648091,-0.31241252,3.06573677
68146476,68.13595581,4.36558818,2.06774878,1.26263248,-0.09571491,-0.30679953,0.94694890,0.21925005,-0.40487041,0.02790457,0.02997210,-0.05320570,-0.15393043,0.98619270,0.09586168,-0.31331572,3.06567502
68179416,68.16888427,4.36558818,1.87975969,1.14259111,-0.09489926,-0.30758228,0.94677724,0.17790708,-0.20389232,-0.10864253,0.03004558,-0.05281863,-0.15434227,0.98614702,0.09504230,-0.31411695,3.06561398
68212356,68.20182037,4.36558818,1.58771667,1.08316993,-0.09324454,-0.30710885,0.94709529,0.23289296,0.05637643,-0.25007379,0.03015502,-0.05198559,-0.15410977,0.98622426,0.09338018,-0.31356601,3.06568717
68245260,68.23473358,3.57192969,1.57039651,0.56316843,-0.09226199,-0.30518951,0.94781122,0.23630495,0.36207427,-0.45147333,0.03021596,-0.05145733,-0.15312181,0.98640375,0.09239340,-0.31151068,3.06582856
68278148,68.26761627,2.98064918,2.13676261,0.10658500,-0.09242133,-0.30290117,0.94853010,0.07459906,0.55705156,-0.03227031,0.03022691,-0.05149385,-0.15193214,0.98658571,0.09255340,-0.30910181,3.06590676
68311016,68.30049133,2.96306276,1.30246853,0.20171210,-0.09358090,-0.30075933,0.94909734,-0.23063783,0.62351322,-0.31359930,0.03013333,-0.05202521,-0.15081292,0.98673229,0.09371806,-0.30687913,3.06603026
68343916,68.33338928,2.58961558,1.14818692,0.25180702,-0.09427067,-0.29854404,0.94972858,-0.09078793,0.73946199,-0.44069538,0.03006324,-0.05232030,-0.14966049,0.98689441,0.09441088,-0.30456638,3.06618666
68376864,68.36633300,2.17913031,1.49778556,-0.11737672,-0.09504523,-0.29640960,0.95031976,-0.14006219,0.83840179,-0.38830804,0.03002434,-0.05266492,-0.14854798,0.98704528,0.09518892,-0.30234284,3.06626343
68409824,68.39929962,2.17086982,1.51217460,-0.18652373,-0.09592049,-0.29429599,0.95088825,-0.24416739,0.87998943,-0.13301718,0.02998377,-0.05306091,-0.14744575,0.98719043,0.09606821,-0.30014564,3.06632828
68442804,68.43227386,2.46038126,1.22599387,-0.14109188,-0.09702308,-0.29222564,0.95141477,-0.34926600,0.91454010,-0.36401243,0.02991848,-0.05356951,-0.14636517,0.98732576,0.09717597,-0.29800209,3.06640744
68475732,68.46520233,2.19951462,1.29780554,-0.10591883,-0.09787455,-0.29010806,0.95197563,-0.18899068,0.93048896,-0.51349902,0.02986754,-0.05395197,-0.14526285,0.98746929,0.09803151,-0.29580259,3.06650090
68508656,68.49813079,2.54471659,1.27142572,-0.41288361,-0.09883522,-0.28797163,0.95252475,-0.30448510,0.96277627,-0.32239775,0.02983554,-0.05439233,-0.14414911,0.98760929,0.09899686,-0.29358806,3.06654214
68541588,68.53105926,2.85860939,1.11887598,-0.44246096,-0.10007094,-0.28591532,0.95301513,-0.39211656,0.92605199,-0.59583740,0.02978641,-0.05497138,-0.14307509,0.98773488,0.10023872,-0.29146717,3.06657385
68574544,68.56401824,2.64570593,0.59287905,-0.33174576,-0.10152696,-0.28410825,0.95340166,-0.42850236,0.92595396,-1.12259113,0.02970310,-0.05566228,-0.14212975,0.98783531,0.10170218,-0.28961563,3.06662940
68607524,68.59699249,1.79009494,0.44272742,-0.27672126,-0.10298953,-0.28246755,0.95373220,-0.45853390,0.96947927,-1.21520686,0.02960762,-0.05635818,-0.14127144,0.98792181,0.10317249,-0.28794000,3.06670117
68640476,68.62995147,1.14045941,0.40262479,-0.22542726,-0.10447512,-0.28095717,0.95401678,-0.52247800,1.03437519,-1.27823543,0.02950296,-0.05706715,-0.14048112,0.98799695,0.10466612,-0.28640255,3.06678247
68673432,68.66290283,0.71731700,0.45058803,-0.00066616,-0.10596988,-0.27949512,0.95428123,-0.64647154,1.09443653,-1.08318746,0.02937745,-0.05777892,-0.13971734,0.98806753,0.10616923,-0.28491699,3.06690382
68706348,68.69582366,0.38330626,0.02211639,0.35919141,-0.10739994,-0.27807414,0.95453624,-0.52541255,1.02148234,-1.18451666,0.02921482,-0.05845363,-0.13897806,0.98813686,0.10760750,-0.28347322,3.06710934
68739276,68.72875213,-0.12723582,-0.03956968,0.36345481,-0.10851706,-0.27651884,0.95486211,-0.36658060,1.06802272,-1.06399297,0.02906442,-0.05896886,-0.13817267,0.98822383,0.10873117,-0.28187953,3.06734633
68772292,68.76175689,-0.17026951,0.02224962,0.21863245,-0.10952401,-0.27490634,0.95521221,-0.38998770,1.13794350,-0.85413799,0.02893337,-0.05943003,-0.13733829,0.98831615,0.10974419,-0.28022327,3.06756544
68805256,68.79473114,-0.05342573,0.01518836,0.17706432,-0.11052030,-0.27327003,0.95556678,-0.37678437,1.12971532,-0.86767616,0.02880671,-0.05988614,-0.13649190,0.98840951,0.11074658,-0.27854247,3.06778025
68838204,68.82768249,-0.04583154,-0.09246248,0.07500919,-0.11152766,-0.27165207,0.95591125,-0.35038638,1.09806812,-0.98423156,0.02868568,-0.06034919,-0.13565487,0.98850021,0.11176022,-0.27688179,3.06798243
68871188,68.86065673,-0.12283921,-0.04436600,-0.05942113,-0.11251567,-0.27003421,0.95625400,-0.38308978,1.12281739,-0.86177158,0.02857751,-0.06080437,-0.13481773,0.98859004,0.11275446,-0.27522132,3.06816291
68904216,68.89368438,0.06781470,-0.04303369,-0.06688208,-0.11357007,-0.26841592,0.95658454,-0.43257250,1.11192178,-0.82792243,0.02846706,-0.06129309,-0.13398021,0.98867673,0.11381568,-0.27356333,3.06834006
68937164,68.92664337,0.03650536,-0.01785299,-0.05329250,-0.11470192,-0.26684460,0.95688934,-0.43412618,1.08959854,-0.95688934,0.02835187,-0.06182153,-0.13316671,0.98875722,0.11495496,-0.27195754,3.06851434
68970176,68.95964813,-0.06515007,-0.00959265,-0.04609801,-0.11582293,-0.26527957,0.95718946,-0.44106183,1.08608031,-0.89395704,0.02823595,-0.06234468,-0.13235701,0.98883638,0.11608349,-0.27035865,3.06869292
69003184,68.99265289,-0.01052527,-0.01905207,0.00559571,-0.11697869,-0.26372287,0.95747890,-0.47823615,1.09941625,-0.88618984,0.02811403,-0.06288501,-0.13155199,0.98891296,0.11724718,-0.26877026,3.06887984
69036164,69.02563476,-0.02078407,-0.01905207,0.05955436,-0.11808916,-0.26213741,0.95777750,-0.41999678,1.08464717,-0.92774820,0.02798995,-0.06340173,-0.13073322,0.98899192,0.11836541,-0.26715106,3.06908106
69069172,69.05863952,-0.10072281,-0.02797856,0.01971822,-0.11919491,-0.26056437,0.95807018,-0.41254334,1.08795690,-0.95684947,0.02786851,-0.06391681,-0.12992103,0.98906936,0.11947900,-0.26554512,3.06927847
69102192,69.09166717,-0.24114851,-0.02025115,0.02997703,-0.12029310,-0.25900743,0.95835514,-0.40460925,1.08493518,-0.95444889,0.02774608,-0.06442844,-0.12911766,0.98914489,0.12058513,-0.26395645,3.06947946
69135200,69.12467193,-0.27898621,-0.22196323,0.03024349,-0.12135409,-0.25745325,0.95864019,-0.38987638,1.06604695,-0.95571050,0.02762099,-0.06492109,-0.12831662,0.98922052,0.12165393,-0.26236999,3.06969237
69168200,69.15766906,-0.70759110,-0.61099843,0.04303369,-0.12254317,-0.25610370,0.95885066,-0.38356037,1.01220726,-1.29600882,0.02747926,-0.06548062,-0.12762087,0.98927764,0.12285195,-0.26100177,3.06990885
69201192,69.19066619,-1.46514391,-0.77593874,0.04383307,-0.12343971,-0.25470795,0.95910701,-0.28329858,1.00421965,-1.03869688,0.02734361,-0.06589188,-0.12690427,0.98934612,0.12375537,-0.25957622,3.07015752
69234236,69.22370910,-1.54681468,-1.02294945,-0.18905513,-0.12421548,-0.25329110,0.95938196,-0.31597006,1.02868175,-0.81387414,0.02722821,-0.06624425,-0.12617694,0.98941879,0.12453715,-0.25812501,3.07038426
69267280,69.25675201,-1.96995716,-1.60570287,-0.08873201,-0.12526781,-0.25217554,0.95953893,-0.36960525,0.90989036,-1.16486120,0.02707805,-0.06673828,-0.12560417,0.98946256,0.12559781,-0.25699748,3.07062387
69300324,69.28979492,-2.63264918,-1.16790509,-0.19118682,-0.12559640,-0.25079479,0.95985803,-0.13734304,0.94220104,-0.49184041,0.02697758,-0.06686672,-0.12489920,0.98954591,0.12592899,-0.25556964,3.07087993
69333388,69.32286071,-2.04576563,-1.65593099,-0.58928179,-0.12610785,-0.24940149,0.96015386,-0.29527883,0.89979209,-0.33710699,0.02689387,-0.06708994,-0.12418512,0.98962297,0.12644455,-0.25413537,3.07107901
69366440,69.35591125,-2.52180099,-2.01578879,-0.40315775,-0.12720729,-0.24849171,0.96024475,-0.35423803,0.72261281,-0.98685607,0.02675890,-0.06761402,-0.12371711,0.98964958,0.12755289,-0.25322456,3.07126998
69399472,69.38894653,-3.26669669,-1.22932457,-0.45964775,-0.12758467,-0.24723091,0.96052017,-0.17124345,0.70719184,-0.15510028,0.02667241,-0.06777157,-0.12307282,0.98972148,0.12793335,-0.25192430,3.07148456
69432532,69.42199707,-2.86367225,-1.86283922,-0.81870594,-0.12790832,-0.24592671,0.96081171,-0.16579284,0.61335840,-0.16222774,0.02660872,-0.06790405,-0.12240545,0.98979682,0.12825970,-0.25057756,3.07166361
69465616,69.45508575,-3.66212725,-2.30196928,-0.33347778,-0.12945632,-0.24613068,0.96055212,-0.46160812,0.36771273,-0.98911657,0.02645580,-0.06867408,-0.12250601,0.98973541,0.12982070,-0.25084176,3.07175421
69498664,69.48813629,-4.36572122,-2.74842715,0.26473047,-0.12708725,-0.24656255,0.96075782,0.29188218,0.07761725,-0.08868754,0.02648925,-0.06748437,-0.12274736,0.98978643,0.12743188,-0.25121207,3.07196784
69531660,69.52113342,-4.36372280,-2.12397241,-1.01748692,-0.12492228,-0.24659285,0.96103401,0.39738321,0.13770614,0.22793083,0.02661808,-0.06640298,-0.12277474,0.98985271,0.12524951,-0.25117244,3.07199048
69564700,69.55417633,-4.36572122,-2.15688061,-0.64257431,-0.12647055,-0.24757332,0.96057929,-0.33373451,-0.08299308,0.13024103,0.02650994,-0.06719250,-0.12327005,0.98974075,0.12681016,-0.25224378,3.07193589
69597792,69.58726501,-4.03224325,-3.32038903,0.13749463,-0.12400959,-0.24881708,0.96057872,0.54149007,-0.17794072,0.08531970,0.02657698,-0.06597537,-0.12392675,0.98973884,0.12432966,-0.25345768,3.07203936
69630772,69.62023925,-4.17173671,-0.89531393,-1.43916378,-0.12192535,-0.25024585,0.96047458,0.64975738,-0.34106273,0.34470124,0.02680743,-0.06497342,-0.12466442,0.98970632,0.12222948,-0.25487756,3.07175254
69663832,69.65330505,-3.30493426,-1.14032614,-1.09942424,-0.12306545,-0.25208339,0.95984802,-0.19138766,-0.29308261,0.79161682,0.02681938,-0.06558666,-0.12559546,0.98954763,0.12337828,-0.25682845,3.07144951
69696896,69.68637084,-1.95330324,-3.35782694,-0.23675189,-0.12102456,-0.25375490,0.95966711,0.26067299,-0.27529783,0.06718832,0.02692570,-0.06459578,-0.12646616,0.98949909,0.12132198,-0.25850341,3.07139515
69729932,69.71940612,-2.38057565,-1.41384992,-1.05812251,-0.11912249,-0.25534377,0.95948362,0.67039203,-0.41994919,-0.22193479,0.02712658,-0.06368618,-0.12728753,0.98944721,0.11940605,-0.26009774,3.07113957
69762984,69.75245666,-2.50941038,-0.67614860,-0.73223886,-0.11851770,-0.25762686,0.95894813,0.02598840,-0.38861336,0.30179405,0.02725052,-0.06343764,-0.12845812,0.98930854,0.11879695,-0.26245844,3.07081866
69796008,69.78547668,-1.50764465,-1.48632774,-0.03384073,-0.11730892,-0.25957183,0.95857219,0.21569757,-0.41669769,-0.00593549,0.02733911,-0.06287221,-0.12946383,0.98921108,0.11757967,-0.26444811,3.07067632
69829092,69.81855773,-1.57039651,-1.75692033,0.02091731,-0.11584510,-0.26141045,0.95825052,0.45153846,-0.46124582,-0.43725442,0.02743034,-0.06217597,-0.13041770,0.98912725,0.11610583,-0.26631939,3.07057332
69862076,69.85155487,-2.03044414,-1.41384992,0.00226493,-0.11450126,-0.26336421,0.95787734,0.49413990,-0.54791507,-0.50865859,0.02752109,-0.06154282,-0.13143012,0.98903045,0.11475293,-0.26831574,3.07044959
69895020,69.88449859,-2.38856983,-1.24358034,0.03370750,-0.11314660,-0.26535072,0.95748958,0.50987510,-0.55496177,-0.46408138,0.02761126,-0.06090491,-0.13246005,0.98892984,0.11338945,-0.27034697,3.07032895
69927964,69.91744232,-2.43773198,-1.48819293,0.13935987,-0.11166484,-0.26728157,0.95712671,0.62533669,-0.64458365,-0.42929463,0.02769392,-0.06020064,-0.13346362,0.98883590,0.11189821,-0.27231698,3.07024765
69960976,69.95044708,-2.43120384,-1.28648078,-0.10538592,-0.11015861,-0.26918056,0.95676889,0.69658441,-0.68687415,-0.42869272,0.02780233,-0.05948701,-0.13444998,0.98874235,0.11038266,-0.27425394,3.07012248
69994024,69.98349761,-2.18912243,-1.05425882,-0.31122817,-0.10866552,-0.27102863,0.95641784,0.65554051,-0.65670576,-0.33947448,0.02793311,-0.05878234,-0.13540924,0.98864994,0.10888053,-0.27613916,3.06995606
70027052,70.01652526,-1.61849308,-0.74036598,-0.39569675,-0.10721926,-0.27277970,0.95608320,0.59110598,-0.58464217,-0.32058513,0.02807811,-0.05810179,-0.13631777,0.98856115,0.10742578,-0.27792544,3.06976270
70060068,70.04953765,-0.96392803,-0.75075798,-0.30736446,-0.10581595,-0.27444887,0.95576171,0.61265187,-0.65059995,-0.32197265,0.02821648,-0.05744079,-0.13718457,0.98847589,0.10601444,-0.27962827,3.06958389
70093080,70.08255004,-0.56223583,-0.66535682,-0.27938590,-0.10446635,-0.27607724,0.95544090,0.61179056,-0.58500671,-0.56139798,0.02835352,-0.05680630,-0.13803039,0.98839082,0.10465734,-0.28129110,3.06940460
70126112,70.11558532,-0.36372127,-0.40222511,-0.29071056,-0.10333333,-0.27777795,0.95507135,0.54229822,-0.58574743,-0.72460265,0.02848590,-0.05628256,-0.13891189,0.98829355,0.10351812,-0.28303691,3.06920075
70159148,70.14862060,-0.37837672,-0.33201227,-0.20890657,-0.10225133,-0.27949829,0.95468578,0.56343297,-0.58695678,-0.88486156,0.02860980,-0.05578410,-0.13980391,0.98819246,0.10243037,-0.28480575,3.06900715
70192140,70.18161773,-0.56396780,-0.33774118,-0.11311333,-0.10120959,-0.28126478,0.95427808,0.56043810,-0.60789537,-0.92107496,0.02872228,-0.05530551,-0.14072042,0.98808603,0.10138319,-0.28662495,3.06882977
70225180,70.21465301,-0.61992497,-0.17106891,-0.05435834,-0.10016031,-0.28301765,0.95387029,0.53839273,-0.57635736,-0.80933904,0.02883360,-0.05482286,-0.14163054,0.98797960,0.10032855,-0.28843070,3.06865835
70258204,70.24768066,-0.29350841,-0.50081624,0.06515007,-0.09886972,-0.28459701,0.95353498,0.57128186,-0.58381118,-0.46989245,0.02894344,-0.05421442,-0.14245425,0.98789157,0.09903152,-0.29004807,3.06853795
70291172,70.28063964,0.12363860,-0.01558805,0.01092496,-0.09776211,-0.28617482,0.95317707,0.61021327,-0.59566111,-0.81889972,0.02905971,-0.05369987,-0.14327521,0.98779754,0.09791853,-0.29167017,3.06837892
70324112,70.31358337,0.12843490,0.07154518,-0.03130934,-0.09668635,-0.28776300,0.95280857,0.58325862,-0.54158267,-0.88859958,0.02917953,-0.05320233,-0.14410142,0.98770074,0.09683763,-0.29330493,3.06820893
70357028,70.34649658,0.00506279,-0.04822971,0.00612864,-0.09561750,-0.28938436,0.95242500,0.60977768,-0.57804727,-0.96731758,0.02929236,-0.05270811,-0.14494552,0.98760023,0.09576385,-0.29497556,3.06805181
70389952,70.37942504,-0.12190659,-0.06155283,-0.01212404,-0.09449398,-0.29099512,0.95204648,0.61207208,-0.58400487,-0.83363828,0.02940926,-0.05218670,-0.14578495,0.98750104,0.09463519,-0.29663421,3.06789708
70422972,70.41244506,0.07274425,0.00452986,-0.00546248,-0.09338460,-0.29257318,0.95167217,0.59851160,-0.57876467,-0.80518779,0.02952692,-0.05167210,-0.14660773,0.98740272,0.09352088,-0.29825984,3.06774210
70455920,70.44538879,0.11857581,0.01292343,0.01532159,-0.09232158,-0.29416713,0.95128440,0.58792705,-0.58473911,-0.86241722,0.02964026,-0.05118085,-0.14743885,0.98730115,0.09245325,-0.29990439,3.06758952
70488852,70.47831726,0.08087137,0.05728943,0.03863706,-0.09126699,-0.29576549,0.95089073,0.58565177,-0.57581653,-0.87325401,0.02975211,-0.05069389,-0.14827264,0.98719816,0.09139418,-0.30155463,3.06744003
70521752,70.51122283,0.07367688,0.04889586,0.04183461,-0.09017358,-0.29734231,0.95050287,0.60262479,-0.56740379,-0.85968255,0.02986570,-0.05018724,-0.14909615,0.98709640,0.09029625,-0.30318212,3.06729578
70554676,70.54414367,0.11444563,0.15548085,0.02797856,-0.08910104,-0.29891285,0.95011148,0.59178662,-0.57559881,-0.81339273,0.02998184,-0.04969160,-0.14991641,0.98699378,0.08921938,-0.30480434,3.06714510
70587592,70.57706451,0.20504288,0.21450228,0.01878561,-0.08805697,-0.30047693,0.94971551,0.56730504,-0.58062658,-0.76197137,0.03009859,-0.04921050,-0.15073342,0.98688993,0.08817117,-0.30642149,3.06699061
70620516,70.60998535,0.30376722,0.26752831,0.00599541,-0.08692417,-0.30196719,0.94934711,0.63917026,-0.55423398,-0.83167133,0.03022388,-0.04868438,-0.15151323,0.98679275,0.08703401,-0.30795927,3.06683826
70653464,70.64293670,0.41235070,0.83709192,-0.07580858,-0.08583795,-0.30340800,0.94898643,0.58217582,-0.53521499,-0.59058799,0.03036686,-0.04818381,-0.15226640,0.98669700,0.08594372,-0.30944707,3.06664681
70686368,70.67584228,1.19428491,1.00802755,0.10205513,-0.08478650,-0.30470981,0.94866380,0.47614393,-0.53098354,-0.26409351,0.03050013,-0.04769678,-0.15294795,0.98661117,0.08488842,-0.31079010,3.06647801
70719276,70.70875549,2.00313186,0.54744720,0.39702906,-0.08382862,-0.30596778,0.94834375,0.54037160,-0.67108297,-0.49839258,0.03059514,-0.04725056,-0.15360779,0.98652706,0.08392711,-0.31209027,3.06637525
70752168,70.74163818,1.98274717,0.81337671,0.34307045,-0.08284985,-0.30719513,0.94803304,0.57406082,-0.59661345,-0.63040609,0.03070230,-0.04679512,-0.15425174,0.98644504,0.08294494,-0.31335811,3.06625390
70785108,70.77457427,2.06361865,1.75971817,0.36265542,-0.08190752,-0.30832662,0.94774742,0.50158524,-0.48952493,-0.38158531,0.03082863,-0.04635935,-0.15484486,0.98636865,0.08199941,-0.31452651,3.06609368
70818040,70.80751037,2.88938598,2.95786666,0.69839816,-0.08168237,-0.30956008,0.94736461,0.20887961,-0.68580126,0.23793811,0.03091067,-0.04628282,-0.15548436,0.98626909,0.08177350,-0.31582214,3.06590270
70850948,70.84041595,3.80535049,1.51750383,1.41038584,-0.08086598,-0.31045703,0.94714126,0.57964525,-0.82919139,-0.10778577,0.03094368,-0.04589171,-0.15595890,0.98621139,0.08095439,-0.31674716,3.06592440
70883888,70.87335968,3.68051314,2.40708875,0.69440121,-0.07972177,-0.31101980,0.94705390,0.73133306,-0.56300363,-0.07693672,0.03107776,-0.04534348,-0.15625943,0.98618516,0.07980646,-0.31731102,3.06581163
70916800,70.90627288,4.29550838,2.69700002,0.93768138,-0.07974468,-0.31208539,0.94670085,0.13785014,-0.74919390,0.16169762,0.03111985,-0.04538336,-0.15681097,0.98609418,0.07982947,-0.31843709,3.06567072
70949664,70.93913269,3.99547147,1.71708416,1.17110252,-0.07863602,-0.31271724,0.94658508,0.59181966,-0.47878665,-0.25493474,0.03119757,-0.04484574,-0.15714983,0.98606243,0.07871732,-0.31907539,3.06566429
70982588,70.97206115,4.00586366,2.75082540,0.60740118,-0.07732352,-0.31290113,0.94663295,0.47014575,-0.29232347,0.15004676,0.03135713,-0.04420867,-0.15725494,0.98606958,0.07740077,-0.31923551,3.06554722
71015508,71.00497436,4.23608732,3.57605957,0.90264167,-0.07854996,-0.31389641,0.94620218,-0.10211410,-0.32648444,0.20492081,0.03132694,-0.04484664,-0.15775802,0.98596124,0.07863098,-0.32031898,3.06535935
71048428,71.03790283,4.29031229,2.38417315,1.19028782,-0.07708478,-0.31371676,0.94638252,0.29974102,-0.18237697,0.26870536,0.03143772,-0.04411692,-0.15767837,0.98600349,0.07716132,-0.32009105,3.06538438
71081408,71.07087707,4.36558818,1.20760798,0.84441957,-0.07538441,-0.31344542,0.94660892,0.16522815,-0.00833192,-0.08967536,0.03156213,-0.04326823,-0.15755386,0.98605690,0.07545602,-0.31976125,3.06542420
71114356,71.10382080,4.05009651,1.70815777,0.69933080,-0.07661679,-0.31111822,0.94727764,-0.02274845,0.20418462,-0.31763899,0.03144074,-0.04382713,-0.15633381,0.98623027,0.07669197,-0.31733469,3.06557726
71147280,71.13674926,3.27082705,1.57386064,0.60886678,-0.07738877,-0.30879173,0.94797630,-0.03857803,0.36445579,-0.27488064,0.03135450,-0.04415817,-0.15511934,0.98641023,0.07746623,-0.31489908,3.06573629
71180172,71.16964721,2.94028015,1.04693114,0.45405206,-0.07836675,-0.30660147,0.94860610,-0.10718013,0.49629874,-0.42956309,0.03125056,-0.04459393,-0.15397455,0.98657302,0.07844721,-0.31261444,3.06589317
71213088,71.20256042,2.20737504,0.96925725,0.35519447,-0.07938519,-0.30455651,0.94918012,-0.19039020,0.66661701,-0.45357465,0.03114701,-0.04505336,-0.15290529,0.98672180,0.07946883,-0.31048536,3.06603789
71246004,71.23547363,2.01019310,1.15498161,0.09299541,-0.08013716,-0.30245943,0.94978742,-0.17914018,0.79342622,-0.18684798,0.03108829,-0.04538366,-0.15181094,0.98687753,0.08022317,-0.30829586,3.06613850
71278932,71.26840209,2.14315772,1.21879935,0.04223430,-0.08091011,-0.30034027,0.95039415,-0.21254692,0.81572113,-0.05806017,0.03103399,-0.04572495,-0.15070532,0.98703289,0.08099864,-0.30608532,3.06622934
71311916,71.30139160,2.71365380,1.52643036,-0.10765085,-0.08182803,-0.29815217,0.95100450,-0.28828916,0.87261505,-0.00618029,0.03099154,-0.04614028,-0.14956219,0.98718881,0.08191961,-0.30380744,3.06627845
71344880,71.33435058,3.10109019,1.64727106,-0.05222664,-0.08282022,-0.29591164,0.95161781,-0.29608604,0.85743513,-0.07442051,0.03094372,-0.04659150,-0.14839193,0.98734550,0.08291522,-0.30147795,3.06633138
71377776,71.36724853,3.65999531,1.72854208,-0.15441501,-0.08401823,-0.29365124,0.95221319,-0.33272981,0.80561408,-0.26715457,0.03089428,-0.04714648,-0.14720950,0.98749790,0.08411740,-0.29913449,3.06635904
71410672,71.40014648,3.76058506,1.47100601,-0.05768913,-0.08573511,-0.29174959,0.95264453,-0.43794655,0.73364410,-0.83033008,0.03079885,-0.04796490,-0.14620904,0.98761005,0.08584049,-0.29718294,3.06638479
71443580,71.43305969,2.65623116,0.73796787,0.16494026,-0.08764695,-0.29046292,0.95286340,-0.48901319,0.81560935,-1.64207243,0.03065640,-0.04888760,-0.14552711,0.98766984,0.08775959,-0.29588356,3.06644725
71476536,71.46601104,0.91862945,0.53039355,0.35013172,-0.08935097,-0.28918261,0.95309457,-0.53052210,0.96252241,-1.51559457,0.03049614,-0.04970261,-0.14485242,0.98773336,0.08947031,-0.29458629,3.06657934
71509472,71.49894714,0.30310108,0.67148542,0.38756966,-0.09045992,-0.28750469,0.95349779,-0.38414945,1.14883279,-0.91565599,0.03036749,-0.05021285,-0.14397836,0.98783941,0.09058377,-0.29285650,3.06676077
71542436,71.53190612,0.38117458,0.24328024,0.29497394,-0.09140633,-0.28577718,0.95392665,-0.30874013,1.14149010,-0.98932704,0.03024719,-0.05064110,-0.14308072,0.98795166,0.09153411,-0.29107127,3.06695413
71575388,71.56486511,-0.02398162,0.07487596,0.15614700,-0.09223493,-0.28408951,0.95435085,-0.22514789,1.10757589,-1.09131383,0.03014047,-0.05101256,-0.14220481,0.98806219,0.09236622,-0.28932542,3.06713700
71608300,71.59777832,-0.21889891,0.06874732,-0.17386675,-0.09298747,-0.28240656,0.95477743,-0.27981524,1.15179133,-0.76019735,0.03006481,-0.05135016,-0.14133105,0.98817243,0.09312200,-0.28758316,3.06726932
71641312,71.63078308,0.05848851,0.00959265,-0.23009035,-0.09396146,-0.28076796,0.95516481,-0.45364594,1.16284799,-0.68490114,0.02997932,-0.05179964,-0.14047846,0.98827295,0.09410032,-0.28589448,3.06738758
71674284,71.66375732,0.16720520,-0.05662327,-0.18905513,-0.09513542,-0.27923188,0.95549907,-0.47297983,1.08147800,-0.99187602,0.02987761,-0.05235027,-0.13967759,0.98836059,0.09527952,-0.28431938,3.06750512
71707296,71.69676971,-0.05502450,-0.01332312,-0.06954670,-0.09634680,-0.27774307,0.95581169,-0.51961998,1.09268450,-0.92822380,0.02976366,-0.05291920,-0.13890172,0.98844318,0.09649649,-0.28279554,3.06764101
71740300,71.72977447,-0.08020521,0.08660031,0.01692037,-0.09748498,-0.27619299,0.95614528,-0.50651888,1.11506021,-0.76937770,0.02964869,-0.05344986,-0.13809559,0.98853101,0.09764006,-0.28120636,3.06779479
71773216,71.76268768,0.01318989,-0.00239816,0.13189892,-0.09862988,-0.27463638,0.95647621,-0.46142868,1.09909927,-0.93303871,0.02952201,-0.05398232,-0.13728706,0.98861846,0.09879051,-0.27961134,3.06797337
71806184,71.79565429,-0.16254210,-0.01958499,0.12896783,-0.09959678,-0.27301337,0.95684032,-0.35719034,1.09576725,-0.86748485,0.02940481,-0.05442481,-0.13644626,0.98871402,0.09976222,-0.27794246,3.06816387
71839232,71.82870483,-0.10445330,-0.14282388,0.00626187,-0.10056148,-0.27139258,0.95720090,-0.38283693,1.12100195,-0.88127317,0.02929541,-0.05486743,-0.13560657,0.98880853,0.10073175,-0.27627658,3.06834030
71872196,71.86166381,-0.31282696,-0.22635986,0.00626187,-0.10158802,-0.26984574,0.95752964,-0.38278698,1.07819533,-0.97901401,0.02917964,-0.05534214,-0.13480502,0.98889503,0.10176358,-0.27469050,3.06851792
71905168,71.89463806,-0.51560492,-0.27618837,-0.09179633,-0.10253343,-0.26829676,0.95786409,-0.36035718,1.09910726,-0.94126253,0.02907461,-0.05577731,-0.13400303,0.98898267,0.10271395,-0.27310049,3.06868696
71938188,71.92766571,-0.94287748,-0.53798770,-0.18239356,-0.10369338,-0.26698338,0.95810613,-0.40045700,1.01795995,-1.23349666,0.02895805,-0.05632431,-0.13332090,0.98904724,0.10388014,-0.27176334,3.06883645
71971276,71.96075439,-2.15941190,-1.34337055,-0.02717917,-0.10504851,-0.26618192,0.95818138,-0.37712922,0.86212921,-1.57829856,0.02879822,-0.05697429,-0.13290271,0.98907089,0.10524270,-0.27096664,3.06901669
72004296,71.99376678,-3.31652522,-1.48912563,0.00119908,-0.10577728,-0.26508131,0.95840635,-0.24847075,0.83417310,-0.76773257,0.02865734,-0.05730385,-0.13233673,0.98913183,0.10597555,-0.26983966,3.06926560
72037256,72.02672576,-2.87779474,-2.13489747,-0.17186830,-0.10630789,-0.26386711,0.95868244,-0.33509836,0.89033203,-0.36273515,0.02853048,-0.05753286,-0.13171393,0.98920526,0.10650919,-0.26858875,3.06952142
72070284,72.05976104,-3.25057578,-2.68101215,0.29284227,-0.10743107,-0.26318790,0.95874395,-0.43041071,0.70508241,-0.96216192,0.02832261,-0.05806164,-0.13136471,0.98922681,0.10763884,-0.26791360,3.06982660
72103296,72.09276580,-3.96189737,-2.82343654,0.73810105,-0.10817075,-0.26228432,0.95890855,-0.15916323,0.51619057,-0.66593980,0.02808822,-0.05838850,-0.13090610,0.98927507,0.10838284,-0.26699330,3.07025313
72136312,72.12578582,-4.36572122,-3.11907672,0.58874888,-0.10657519,-0.26151781,0.95929632,0.19690722,0.32743577,-0.42731389,0.02801558,-0.05755608,-0.13053333,0.98937511,0.10677801,-0.26614677,3.07066774
72169300,72.15876770,-4.36572122,-3.92259407,0.37264776,-0.10396556,-0.26219639,0.95939760,0.58248119,0.07787022,-0.17082339,0.02804721,-0.05625065,-0.13090815,0.98939981,0.10415380,-0.26677825,3.07092404
72202308,72.19177246,-4.36572122,-1.41278409,-0.90064315,-0.10179765,-0.26249403,0.95954875,0.63695387,0.07182020,0.44157428,0.02820300,-0.05517859,-0.13107579,0.98943367,0.10197430,-0.26702680,3.07089161
72235356,72.22483062,-4.36572122,-1.94064626,-0.50081624,-0.10341335,-0.26338315,0.95913248,-0.25596165,-0.06962466,0.16196125,0.02807491,-0.05599651,-0.13152253,0.98933210,0.10359855,-0.26799952,3.07087445
72268404,72.25787353,-4.36572122,-3.93112106,0.65669679,-0.10086443,-0.26464953,0.95905513,0.70926284,-0.17578015,-0.06452394,0.02809417,-0.05473123,-0.13220009,0.98931198,0.10103626,-0.26924753,3.07111644
72301400,72.29087066,-4.36572122,-1.00789439,-1.19388508,-0.09890758,-0.26639330,0.95877628,0.85452280,-0.49068679,-0.04056334,0.02830509,-0.05380051,-0.13310664,0.98923549,0.09906957,-0.27101132,3.07086396
72334392,72.32386779,-4.36572122,-1.36828494,-1.06225264,-0.09829050,-0.26899333,0.95811328,-0.00864311,-0.51005940,0.57606639,0.02842599,-0.05355258,-0.13444459,0.98906440,0.09844946,-0.27370691,3.07055926
72367484,72.35695648,-3.52569818,-3.33317899,-0.33800766,-0.09661262,-0.27119011,0.95766458,0.37078256,-0.56377081,-0.05532086,0.02851198,-0.05275525,-0.13558936,0.98894863,0.09676356,-0.27595379,3.07050061
72400540,72.39001464,-4.15415000,-1.72627711,-0.50294790,-0.09473016,-0.27310824,0.95730743,0.93823604,-0.69173550,-0.20608675,0.02865164,-0.05185661,-0.13659074,0.98885421,0.09487242,-0.27790541,3.07038164
72433532,72.42301177,-3.71595263,-0.25846860,-0.87213172,-0.09372576,-0.27543280,0.95674018,0.18820817,-0.65034842,0.54472470,0.02880786,-0.05141300,-0.13779149,0.98870620,0.09386355,-0.28030695,3.07008361
72466516,72.45598602,-1.64993562,-1.05385911,-0.05875497,-0.09240680,-0.27728104,0.95633440,0.15197711,-0.47027754,0.55269880,0.02890703,-0.05079337,-0.13875393,0.98860073,0.09253886,-0.28220348,3.06997466
72499508,72.48897552,-0.49615316,-1.59624347,0.39929401,-0.09089736,-0.27884972,0.95602273,0.44807510,-0.52534952,-0.12203837,0.02897204,-0.05006728,-0.13957666,0.98851995,0.09102306,-0.28380348,3.06997990
72532536,72.52201080,-0.50121593,-0.99150695,0.19491730,-0.08936960,-0.28033826,0.95573177,0.62013130,-0.47845082,-0.52580018,0.02906785,-0.04933481,-0.14035707,0.98844366,0.08948903,-0.28532001,3.06993198
72565500,72.55497741,-0.89691267,-0.87106590,0.07940582,-0.08804628,-0.28203582,0.95535516,0.57876892,-0.50531768,-0.76199579,0.02916260,-0.04870985,-0.14124350,0.98834562,0.08816043,-0.28706173,3.06984734
72598440,72.58791351,-1.51523885,-0.98830928,0.08073813,-0.08673641,-0.28385715,0.95493526,0.61823053,-0.54182643,-0.89194698,0.02925114,-0.04809329,-0.14219446,0.98823671,0.08684555,-0.28893451,3.06976914
72631432,72.62090301,-2.14835381,-0.91290044,-0.03437366,-0.08544033,-0.28578748,0.95447673,0.65648527,-0.63926134,-0.81702556,0.02934746,-0.04748700,-0.14320164,0.98811798,0.08554461,-0.29092275,3.06966996
72664476,72.65395355,-2.32022213,-0.92742271,-0.11524503,-0.08419460,-0.28777673,0.95398950,0.58956570,-0.68390297,-0.62537622,0.02944622,-0.04690788,-0.14423917,0.98799171,0.08429439,-0.29297544,3.06955766
72697504,72.68697357,-1.95943174,-0.64337368,-0.20677487,-0.08285078,-0.28961647,0.95355033,0.60848550,-0.62200460,-0.47601127,0.02956680,-0.04627953,-0.14520014,0.98787698,0.08294585,-0.29487016,3.06942582
72730496,72.71997070,-1.26636290,-0.52000150,-0.19291883,-0.08154534,-0.29134939,0.95313444,0.56543207,-0.61734199,-0.38770473,0.02968926,-0.04566907,-0.14610598,0.98776798,0.08163603,-0.29665503,3.06929183
72763484,72.75296020,-0.73623580,-0.62965083,-0.15934456,-0.08028198,-0.29303212,0.95272617,0.61275267,-0.63201670,-0.65804843,0.02980610,-0.04507828,-0.14698606,0.98766126,0.08036846,-0.29838919,3.06916737
72796492,72.78596496,-0.55264320,-0.48029861,-0.19944715,-0.07908296,-0.29470591,0.95230998,0.48313570,-0.51999135,-0.55314011,0.02992630,-0.04452060,-0.14786117,0.98755226,0.07916563,-0.30011687,3.06902861
72829516,72.81899261,-0.08393568,-0.09619296,-0.06448392,-0.07807028,-0.29636337,0.95187864,0.50360736,-0.54665422,-0.83469114,0.03003380,-0.04405531,-0.14872659,0.98743963,0.07814985,-0.30183296,3.06888937
72862496,72.85196685,-0.17013628,-0.19118682,0.12856814,-0.07711447,-0.29806282,0.95142612,0.53854026,-0.61404657,-0.99952182,0.03011898,-0.04361641,-0.14961445,0.98732261,0.07719111,-0.30359539,3.06878614
72895476,72.88494110,-0.20584225,-0.14175803,0.10538592,-0.07597035,-0.29966352,0.95101528,0.58402700,-0.54652786,-0.81600551,0.03021973,-0.04308262,-0.15045328,0.98721542,0.07604364,-0.30525043,3.06868696
72928464,72.91793823,0.16120979,0.00666156,-0.01332312,-0.07485504,-0.30120899,0.95061531,0.60561676,-0.60113477,-0.79412121,0.03033317,-0.04256443,-0.15126307,0.98711071,0.07492513,-0.30684921,3.06856179
72961448,72.95092010,0.18865543,0.04822971,0.00119908,-0.07392534,-0.30284202,0.95016918,0.52363233,-0.59168920,-0.96555004,0.03043381,-0.04214021,-0.15211688,0.98699455,0.07399284,-0.30854535,3.06843090
72994364,72.98384094,0.02797856,-0.03490658,0.04596477,-0.07285375,-0.30443425,0.94974308,0.57700414,-0.55005793,-0.92777042,0.03053791,-0.04164391,-0.15295159,0.98688344,0.07291835,-0.31019613,3.06831884
73027316,73.01678466,0.02238285,0.03344104,-0.02797856,-0.07172779,-0.30599098,0.94932832,0.61713790,-0.56559104,-0.87950410,0.03065351,-0.04112127,-0.15376861,0.98677482,0.07178943,-0.31180932,3.06819534
73060236,73.04971313,0.07620828,0.07514243,-0.00546248,-0.07076715,-0.30762028,0.94887361,0.52047419,-0.57763361,-0.89003572,0.03075669,-0.04068209,-0.15462212,0.98665628,0.07082637,-0.31350383,3.06806898
73093172,73.08264160,0.10045636,0.03397396,0.04409954,-0.06971606,-0.30920004,0.94843797,0.57166914,-0.56921792,-0.88740282,0.03086134,-0.04019640,-0.15545146,0.98654270,0.06977266,-0.31514489,3.06795787
73126064,73.11553955,0.17653138,0.11511180,0.01252374,-0.06868446,-0.31076955,0.94800014,0.54964151,-0.55031442,-0.86523647,0.03096943,-0.03972107,-0.15627556,0.98642835,0.06873859,-0.31677672,3.06783866
73159012,73.14848327,0.23435375,0.47150535,-0.02011792,-0.06764977,-0.31229398,0.94757366,0.58278651,-0.57466888,-0.78058147,0.03108958,-0.03924533,-0.15707622,0.98631649,0.06770148,-0.31836178,3.06769895
73191992,73.18146514,0.42673964,0.56330165,-0.10924961,-0.06653300,-0.31372814,0.94717912,0.61023416,-0.55443592,-0.69205217,0.03122576,-0.03872887,-0.15783088,0.98621225,0.06658219,-0.31985068,3.06754541
73224932,73.21440124,0.94327716,0.90024356,-0.21370291,-0.06534290,-0.31498444,0.94684457,0.56778430,-0.52241792,-0.35578012,0.03138597,-0.03817571,-0.15849356,0.98612222,0.06538950,-0.32115120,3.06736397
73257828,73.24729919,1.91866302,0.85720977,-0.01465544,-0.06437421,-0.31622042,0.94649877,0.44840741,-0.59173860,-0.25997531,0.03151612,-0.03772979,-0.15914429,0.98603038,0.06441878,-0.32243583,3.06720924
73290736,73.28020477,2.53632330,1.24118220,0.21370291,-0.06342363,-0.31731736,0.94619579,0.53876543,-0.63995800,-0.33852982,0.03163811,-0.03728907,-0.15972309,0.98594970,0.06346624,-0.32357451,3.06707477
73323676,73.31314849,3.02887916,1.58718385,0.43726491,-0.06258558,-0.31835412,0.94590320,0.49105238,-0.65527868,-0.23496568,0.03174408,-0.03690176,-0.16026995,0.98587207,0.06262653,-0.32465267,3.06695747
73356616,73.34608459,3.61696171,2.51460647,0.58208732,-0.06186304,-0.31926202,0.94564495,0.45102319,-0.64924383,-0.01253945,0.03185559,-0.03657145,-0.16074814,0.98580303,0.06190258,-0.32559733,3.06681561
73389584,73.37905883,4.23928499,3.02608132,0.96339511,-0.06119155,-0.32002725,0.94542989,0.55289077,-0.78446493,0.08874982,0.03194737,-0.03626105,-0.16115233,0.98574552,0.06122982,-0.32639262,3.06671142
73422524,73.41200256,4.36558818,3.15837979,1.21560192,-0.06059579,-0.32079291,0.94520883,0.45488290,-0.75366997,0.24839468,0.03201681,-0.03598548,-0.16155664,0.98568716,0.06063294,-0.32719018,3.06664037
73455452,73.44493103,4.36558818,2.42880558,1.44835686,-0.06012362,-0.32168076,0.94493684,0.37091464,-0.80014533,0.17371547,0.03203868,-0.03576729,-0.16202476,0.98561744,0.06015992,-0.32812001,3.06664085
73488356,73.47782135,4.36558818,2.31982231,1.33444404,-0.05941897,-0.32245781,0.94471693,0.39901857,-0.63408517,0.11412097,0.03208446,-0.03543285,-0.16243762,0.98556022,0.05945400,-0.32892799,3.06663656
73521264,73.51073455,4.36558818,1.83605966,1.33564317,-0.05859377,-0.32320759,0.94451246,0.31738283,-0.45340375,0.03058517,0.03212609,-0.03503602,-0.16283822,0.98550710,0.05862736,-0.32970490,3.06666254
73554204,73.54367828,4.36558818,1.34963250,1.01735377,-0.05720495,-0.32352578,0.94448843,0.41853308,-0.18404256,-0.27090449,0.03222133,-0.03435340,-0.16302012,0.98549785,0.05723619,-0.33001418,3.06669139
73587196,73.57667541,4.09832620,1.90001068,0.68640732,-0.05557754,-0.32270264,0.94486694,0.30338027,0.08857179,-0.17606812,0.03236317,-0.03353458,-0.16260938,0.98558912,0.05560620,-0.32911145,3.06670737
73620140,73.60961914,3.78430032,2.70872426,0.24447932,-0.05501579,-0.32056772,0.94562644,0.21736929,0.30543100,0.17766451,0.03245884,-0.03322254,-0.16150226,0.98577871,0.05504358,-0.32684216,3.06668376
73653028,73.64249420,4.06381940,2.04243493,0.27871975,-0.05586480,-0.31813578,0.94639768,-0.10453560,0.40749125,0.05653197,0.03241533,-0.03359735,-0.16022589,0.98597564,0.05589390,-0.32428743,3.06671810
73685920,73.67539215,4.11471366,2.05828952,0.45338587,-0.05641657,-0.31565365,0.94719562,-0.03000921,0.52073183,-0.10930497,0.03238152,-0.03382207,-0.15892815,0.98617906,0.05644655,-0.32167623,3.06678533
73718868,73.70833587,4.09592771,1.90747165,0.15001838,-0.05687599,-0.31317362,0.94799118,-0.01807518,0.60565414,-0.15892863,0.03237545,-0.03400454,-0.15763270,0.98638095,0.05690670,-0.31906766,3.06681251
73751836,73.74131011,4.04396772,2.05509185,-0.08899847,-0.05765649,-0.31073546,0.94874591,-0.10323218,0.69232726,-0.32838459,0.03236740,-0.03435030,-0.15635537,0.98657245,0.05768849,-0.31651151,3.06679129
73784828,73.77430725,3.84278850,1.95037212,-0.20064625,-0.05842673,-0.30833477,0.94948186,-0.11515725,0.80955543,-0.46413030,0.03236555,-0.03469257,-0.15509819,0.98675899,0.05846004,-0.31399674,3.06675958
73817780,73.80725097,3.74286508,2.06681609,-0.50321440,-0.05926293,-0.30596706,0.95019569,-0.12896949,0.86309604,-0.62207074,0.03238608,-0.03507237,-0.15385717,0.98693923,0.05929768,-0.31151998,3.06667256
73850756,73.84022521,4.36558818,1.57732462,-0.67188510,-0.06019560,-0.30353667,0.95091648,-0.26377902,0.85895652,-0.25511574,0.03240227,-0.03549902,-0.15258316,0.98712129,0.06023201,-0.30898103,3.06658339
73883716,73.87318420,4.11218214,-0.11204748,-0.73850078,-0.06197591,-0.30231759,0.95118989,-0.27249672,0.75495433,-1.98561382,0.03232817,-0.03636528,-0.15192894,0.98719282,0.06201568,-0.30773410,3.06649971
73916728,73.90619659,0.90757122,-0.04743032,-0.72824192,-0.06388206,-0.30210547,0.95113143,-0.42903785,0.79453711,-2.46675634,0.03224186,-0.03731352,-0.15179556,0.98718090,0.06392560,-0.30754933,3.06638312
73949764,73.93923187,-0.56316843,0.28111791,-0.58155436,-0.06522864,-0.30083105,0.95144386,-0.61421470,1.10747170,-1.04104351,0.03217287,-0.03795978,-0.15111917,0.98726224,0.06527501,-0.30623731,3.06636261
73982760,73.97222900,0.01745329,0.09992342,-0.18119448,-0.06651564,-0.29940727,0.95180406,-0.77113084,1.23397755,-0.72426500,0.03207194,-0.03856803,-0.15036783,0.98735675,0.06656480,-0.30476796,3.06642389
74015708,74.00518035,0.22462787,-0.15494793,0.26406431,-0.06795983,-0.29810026,0.95211181,-0.58072180,0.99243621,-1.16256105,0.03191881,-0.03925043,-0.14967730,0.98743953,0.06801227,-0.30342564,3.06656336
74048628,74.03809356,-0.48815927,0.02344870,0.21543493,-0.06914780,-0.29668745,0.95246772,-0.45599870,1.06499803,-1.02497744,0.03178788,-0.03980443,-0.14893507,0.98753395,0.06920304,-0.30196762,3.06670379
74081580,74.07105255,-0.31935527,0.20690810,0.13549616,-0.07020602,-0.29514648,0.95286922,-0.52696189,1.18577146,-0.60423636,0.03167716,-0.04029333,-0.14812785,0.98763923,0.07026381,-0.30037310,3.06683039
74114564,74.10403442,0.17000307,0.07594181,0.18479174,-0.07128314,-0.29354608,0.95328330,-0.46582622,1.13290154,-0.83926963,0.03155937,-0.04078972,-0.14729037,0.98774776,0.07134366,-0.29871754,3.06697249
74147512,74.13698577,-0.11551148,0.05822205,0.16307504,-0.07240986,-0.29203071,0.95366363,-0.40171122,1.08841741,-1.12212061,0.03143895,-0.04131267,-0.14649678,0.98784780,0.07247331,-0.29715323,3.06711030
74180476,74.16995239,-0.22183001,0.09992342,0.06901378,-0.07336463,-0.29043464,0.95407800,-0.38561975,1.14810061,-0.86789636,0.03133798,-0.04174995,-0.14566335,0.98795585,0.07343064,-0.29550134,3.06723999
74213412,74.20288085,-0.01225727,0.04330015,-0.07341041,-0.07435219,-0.28882541,0.95448989,-0.42369470,1.14722383,-0.84072036,0.03124594,-0.04220501,-0.14482273,0.98806295,0.07442087,-0.29383730,3.06734871
74246376,74.23584747,-0.04862940,-0.04010260,-0.02184992,-0.07548620,-0.28730821,0.95485897,-0.47285366,1.10322618,-0.97634334,0.03113809,-0.04273386,-0.14402878,0.98815984,0.07555808,-0.29227373,3.06746482
74279452,74.26892852,-0.11018224,0.04250077,-0.01465544,-0.07657666,-0.28576278,0.95523557,-0.46712450,1.11828231,-0.87613401,0.03103396,-0.04324077,-0.14322111,0.98825826,0.07665171,-0.29068067,3.06758284
74312444,74.30191802,0.04649770,0.03943645,-0.04836294,-0.07765999,-0.28418529,0.95561895,-0.48630485,1.12598216,-0.80547246,0.03093354,-0.04374409,-0.14239721,0.98835849,0.07773828,-0.28905463,3.06769752
74345352,74.33482360,0.06208576,0.00652833,0.02278254,-0.07885539,-0.28267467,0.95596895,-0.51269731,1.10786998,-0.98331270,0.03081947,-0.04430364,-0.14160740,0.98845062,0.07893734,-0.28750207,3.06782174
74378252,74.36772918,-0.26966001,-0.05116080,0.10098929,-0.08006142,-0.28123188,0.95629425,-0.46559290,1.08396625,-1.12914586,0.03069577,-0.04486865,-0.14085330,0.98853673,0.08014720,-0.28602149,3.06796240
74411216,74.40068817,-0.50627870,-0.04956202,0.07474272,-0.08118147,-0.27976896,0.95662899,-0.45153336,1.09153652,-0.97518367,0.03057828,-0.04539076,-0.14009003,0.98862504,0.08127090,-0.28451867,3.06810569
74444240,74.43370819,-0.69160337,-0.25407197,0.10098929,-0.08231672,-0.27836749,0.95694055,-0.43281998,1.06010580,-1.08828819,0.03045239,-0.04592073,-0.13935904,0.98870763,0.08240999,-0.28308110,3.06826233
74477232,74.46670532,-1.40079331,-0.63964314,0.13962633,-0.08354582,-0.27720513,0.95717172,-0.40131750,0.98960742,-1.37611699,0.03030682,-0.04650019,-0.13875137,0.98877067,0.08364332,-0.28189632,3.06843495
74510188,74.49966430,-2.37031698,-0.61219749,0.18679021,-0.08446075,-0.27598505,0.95744361,-0.29713106,0.97642450,-1.01676976,0.03017186,-0.04692112,-0.13811774,0.98884344,0.08456152,-0.28064427,3.06863570
74543172,74.53263854,-2.49608731,-0.80125265,-0.07554212,-0.08526506,-0.27474899,0.95772800,-0.32367050,0.97689743,-0.75216155,0.03006055,-0.04728916,-0.13747634,0.98891878,0.08536871,-0.27937319,3.06880640
74576224,74.56569671,-2.77001070,-1.44356050,-0.09819143,-0.08613053,-0.27364802,0.95796546,-0.31279525,0.85909729,-0.88838539,0.02993220,-0.04768853,-0.13690490,0.98898267,0.08623740,-0.27824518,3.06899690
74609240,74.59870910,-3.17250227,-1.71934914,-0.16667228,-0.08643268,-0.27239775,0.95829458,-0.16454387,0.84612827,-0.47294301,0.02983623,-0.04780445,-0.13626208,0.98906879,0.08654067,-0.27694778,3.06921076
74642256,74.63172912,-2.92229413,-2.27265858,-0.63258190,-0.08643198,-0.27107176,0.95867052,-0.08593130,0.75300540,-0.38396353,0.02978727,-0.04777221,-0.13558187,0.98916521,0.08653998,-0.27556438,3.06937670
74675284,74.66474914,-3.30853128,-1.72028183,-0.89904441,-0.08705746,-0.26997795,0.95892276,-0.20688786,0.63228263,-0.51556339,0.02973188,-0.04806053,-0.13501405,0.98923072,0.08716781,-0.27443895,3.06945538
74708324,74.69779205,-4.20864152,-2.00872755,-0.68587441,-0.08771490,-0.26906199,0.95912017,-0.10955073,0.42091746,-0.52137608,0.02964686,-0.04836441,-0.13453898,0.98928318,0.08782777,-0.27350008,3.06958103
74741376,74.73085021,-4.13243341,-1.99247322,-0.86906738,-0.08743225,-0.26790845,0.95946893,-0.01901307,0.32772290,0.11572642,0.02963740,-0.04819830,-0.13394942,0.98937149,0.08754402,-0.27229068,3.06969857
74774392,74.76386260,-4.06248664,-1.73866772,-0.92235984,-0.08892927,-0.26780409,0.95936031,-0.33489885,0.18577283,-0.11219240,0.02953862,-0.04894070,-0.13388265,0.98934707,0.08904692,-0.27221903,3.06969356
74807408,74.79688262,-4.36572122,-2.98011636,-0.18372588,-0.08924759,-0.27019267,0.95866079,-0.03892624,-0.06159443,-0.19205922,0.02947835,-0.04913871,-0.13511079,0.98917207,0.08936651,-0.27471776,3.06964707
74840532,74.83000183,-4.04276895,-0.97578563,-1.54215154,-0.08703178,-0.27086660,0.95867443,0.75304741,-0.12537362,0.56158924,0.02971836,-0.04806251,-0.13547235,0.98916835,0.08714204,-0.27536511,3.06944131
74873544,74.86301422,-3.48239803,0.97858343,-1.99100761,-0.08901848,-0.27091028,0.95847969,-0.59970226,-0.09334753,0.87526054,0.02974359,-0.04907258,-0.13546968,0.98911838,0.08913648,-0.27546050,3.06910610
74906520,74.89598846,-1.66645631,-1.80141944,-0.80951299,-0.09056902,-0.27054815,0.95843658,-0.21655988,-0.06490106,0.44537205,0.02964100,-0.04983675,-0.13526989,0.98911056,0.09069332,-0.27512240,3.06911230
74939520,74.92899322,-1.55214395,-4.36572122,-0.26353139,-0.08974364,-0.27267622,0.95791101,0.05995848,-0.16189408,-0.58413171,0.02964992,-0.04946050,-0.13637481,0.98897743,0.08986454,-0.27732203,3.06910037
74972632,74.96210479,-3.20221281,-2.01139211,-1.08356964,-0.08843271,-0.27492225,0.95739078,0.38872566,-0.42258749,-0.77941226,0.02980452,-0.04886088,-0.13753962,0.98884124,0.08854839,-0.27963373,3.06885933
75005672,74.99514770,-4.23755311,-1.62368907,-0.71105518,-0.08789554,-0.27749512,0.95669765,0.05713381,-0.53866696,-0.06534028,0.02988199,-0.04864892,-0.13886808,0.98866367,0.08800912,-0.28230829,3.06864786
75038696,75.02816772,-3.69516849,-2.53245949,0.01398928,-0.08625967,-0.27963514,0.95622329,0.42292957,-0.56411485,-0.03581315,0.02995078,-0.04787110,-0.13998782,0.98854160,0.08636701,-0.28450393,3.06863832
75071676,75.06114959,-3.50238275,-1.35362935,-0.59341192,-0.08466218,-0.28165481,0.95577354,0.60541415,-0.77010297,0.18656044,0.03009436,-0.04712115,-0.14104208,0.98842353,0.08476364,-0.28657608,3.06848120
75104740,75.09420776,-2.40948700,-1.54388356,-0.48549466,-0.08314749,-0.28356771,0.95534057,0.28944633,-0.57263345,0.45335078,0.03022477,-0.04640944,-0.14204161,0.98831005,0.08324361,-0.28854022,3.06834673
75137736,75.12720489,-1.22372889,-2.25280714,-0.18172740,-0.08154827,-0.28529191,0.95496482,0.42822794,-0.49278426,-0.22474026,0.03032383,-0.04564692,-0.14294683,0.98821191,0.08163894,-0.29030594,3.06830024
75170744,75.16021728,-1.48526182,-2.11584520,-0.22596018,-0.08008402,-0.28713426,0.95453653,0.53516216,-0.55173292,-0.69818887,0.03042012,-0.04495477,-0.14391207,0.98810062,0.08016990,-0.29219985,3.06823611
75203768,75.19323730,-2.03843784,-2.05016231,-0.18092802,-0.07867146,-0.28908801,0.95406427,0.55352497,-0.60202527,-0.74654479,0.03050867,-0.04428995,-0.14493513,0.98797836,0.07875286,-0.29421308,3.06817722
75236836,75.22630310,-2.28398323,-1.58971509,-0.16507351,-0.07744244,-0.29113256,0.95354299,0.50322365,-0.68494167,-0.63493947,0.03059349,-0.04371943,-0.14600358,0.98784389,0.07752006,-0.29632730,3.06809639
75269844,75.25931549,-2.06215310,-1.28728019,-0.02184992,-0.07611958,-0.29305582,0.95306005,0.56220359,-0.68008871,-0.48138036,0.03068051,-0.04309947,-0.14701105,0.98771886,0.07619332,-0.29831350,3.06803345
75302848,75.29232025,-1.60290503,-0.67628183,-0.01838591,-0.07479990,-0.29483688,0.95261526,0.57626476,-0.75862989,-0.09299612,0.03078309,-0.04248078,-0.14794479,0.98760309,0.07486984,-0.30015180,3.06794738
75335872,75.32534027,-0.38743643,-1.00256514,0.06781470,-0.07353435,-0.29647850,0.95220413,0.49223551,-0.60391211,-0.41265335,0.03087159,-0.04188479,-0.14880685,0.98749628,0.07360081,-0.30184614,3.06788992
75368900,75.35836791,0.07447627,-0.56356816,0.03237519,-0.07241424,-0.29808500,0.95178852,0.50527553,-0.59083104,-0.66834125,0.03096573,-0.04136277,-0.14964902,0.98738813,0.07247768,-0.30350799,3.06780195
75401860,75.39132690,0.07087903,-0.49761867,0.03250842,-0.07133195,-0.29970895,0.95135993,0.57157611,-0.58993949,-1.01044201,0.03105861,-0.04086018,-0.15050028,0.98727664,0.07139260,-0.30519006,3.06771159
75434788,75.42425537,-0.36998314,-0.18066156,-0.09312864,-0.07030960,-0.30141291,0.95089759,0.54858107,-0.56113586,-1.01803636,0.03116386,-0.04039153,-0.15139212,0.98715629,0.07036767,-0.30695855,3.06758499
75467808,75.45728302,-0.47363705,-0.40209188,-0.04423277,-0.06935997,-0.30317859,0.95040588,0.50270957,-0.63651866,-0.95284729,0.03125412,-0.03995880,-0.15231614,0.98702888,0.06941573,-0.30879473,3.06747627
75500848,75.49031829,-0.55863857,-0.51320676,-0.02504747,-0.06825724,-0.30489010,0.94993820,0.49281778,-0.57889895,-0.67357101,0.03135020,-0.03944840,-0.15321431,0.98690738,0.06831037,-0.31057152,3.06738400
75533876,75.52334594,0.13149923,-0.17959570,0.10245482,-0.06738435,-0.30656018,0.94946308,0.43628082,-0.61946525,-0.76757831,0.03143027,-0.03905132,-0.15408906,0.98678455,0.06743545,-0.31231093,3.06729102
75566856,75.55632781,0.06741500,-0.07847321,0.15228331,-0.06638663,-0.30817854,0.94900913,0.55784173,-0.58708515,-0.98270053,0.03151759,-0.03859116,-0.15493881,0.98666667,0.06643550,-0.31399416,3.06720685
75599780,75.58924865,-0.07620828,-0.17773048,0.02731240,-0.06532270,-0.30979781,0.94855575,0.53895549,-0.53029007,-0.91901473,0.03161671,-0.03809941,-0.15578992,0.98654861,0.06536927,-0.31567790,3.06711101
75632752,75.62222290,0.06661562,-0.17533230,0.02744564,-0.06435680,-0.31143953,0.94808406,0.52968883,-0.61409759,-0.95687313,0.03170929,-0.03765687,-0.15665207,0.98642616,0.06440133,-0.31738851,3.06701326
75665708,75.65518188,-0.04609801,-0.12710260,0.05422511,-0.06335168,-0.31307449,0.94761285,0.53136925,-0.57413253,-0.91709527,0.03180331,-0.03719466,-0.15751168,0.98630361,0.06339416,-0.31909224,3.06692075
75698732,75.68820953,0.05249311,-0.06874732,0.02584686,-0.06236346,-0.31469655,0.94714136,0.53550796,-0.58252024,-0.93957300,0.03190007,-0.03674130,-0.15836466,0.98618106,0.06240396,-0.32078363,3.06682205
75731684,75.72115325,0.02171669,0.10618530,-0.00772741,-0.06142866,-0.31633319,0.94665689,0.50552043,-0.58869609,-0.86950845,0.03200012,-0.03631597,-0.15922489,0.98605489,0.06146738,-0.32249281,3.06670880
75764596,75.75406646,0.09645942,0.12523735,0.02531394,-0.06051927,-0.31796603,0.94616870,0.50290207,-0.57729763,-0.93884449,0.03209609,-0.03590290,-0.16008335,0.98592815,0.06055626,-0.32419931,3.06660127
75797520,75.78699493,0.15361561,0.48402910,-0.09046401,-0.05942577,-0.31946139,0.94573392,0.62143750,-0.55968899,-0.81170072,0.03222511,-0.03539919,-0.16087214,0.98581361,0.05946082,-0.32575798,3.06646394
75830420,75.81988525,0.54651451,0.68947172,-0.19052066,-0.05836203,-0.32088937,0.94531660,0.57935810,-0.58047780,-0.61987714,0.03236627,-0.03491135,-0.16162548,0.98570308,0.05839522,-0.32724699,3.06630110
75863368,75.85283660,1.14552223,0.60793418,-0.19878100,-0.05732033,-0.32223839,0.94492158,0.53852152,-0.56692175,-0.59506802,0.03250636,-0.03443306,-0.16233782,0.98559837,0.05735177,-0.32865369,3.06614112
75896328,75.88580322,1.61116542,1.08237051,-0.16427411,-0.05639634,-0.32352862,0.94453601,0.47509751,-0.54976234,-0.48896956,0.03264861,-0.03401383,-0.16301823,0.98549575,0.05642629,-0.33000147,3.06596040
75929296,75.91876983,2.28997850,1.51310720,0.06794793,-0.05567710,-0.32476356,0.94415521,0.40723962,-0.63031458,-0.30670404,0.03276971,-0.03369400,-0.16366796,0.98539524,0.05570591,-0.33129520,3.06579113
75962208,75.95168304,2.82023887,1.97781772,0.34919908,-0.05486032,-0.32580499,0.94384384,0.54216499,-0.67004461,-0.28979110,0.03288939,-0.03332062,-0.16421861,0.98531227,0.05488788,-0.33238289,3.06564903
75995116,75.98458862,3.48639512,3.15731382,0.32854821,-0.05413672,-0.32666611,0.94358806,0.43939061,-0.61571669,0.12648034,0.03303712,-0.03299562,-0.16467316,0.98524236,0.05416321,-0.33328166,3.06544137
76028024,76.01749420,4.36558818,3.32491874,1.03360795,-0.05392331,-0.32760787,0.94327363,0.34030027,-0.95803661,0.33065218,0.03309495,-0.03291625,-0.16516551,0.98516063,0.05394948,-0.33427586,3.06532692
76060964,76.05043029,4.36558818,2.01578879,1.03147625,-0.05282986,-0.32813704,0.94315156,0.84921655,-0.69920673,-0.25369839,0.03318524,-0.03238729,-0.16545461,0.98512659,0.05285448,-0.33481664,3.06531167
76093916,76.08338928,4.36558818,3.02195096,0.50614547,-0.05230531,-0.32897915,0.94288749,0.36065492,-0.60314979,-0.01783866,0.03330193,-0.03215795,-0.16589789,0.98505573,0.05232919,-0.33569993,3.06513524
76126888,76.11636352,4.36132478,2.12037515,1.16484069,-0.05168154,-0.32982466,0.94262638,0.40495305,-0.51416945,-0.41430611,0.03334811,-0.03186651,-0.16634685,0.98498783,0.05170457,-0.33658542,3.06511926
76159856,76.14933013,4.04410123,2.62532162,0.90197553,-0.05083279,-0.33052988,0.94242525,0.23003199,-0.31912832,0.12495757,0.03344590,-0.03146674,-0.16672445,0.98493347,0.05085472,-0.33731839,3.06504249
76192776,76.18225097,4.34200620,2.45358657,0.83016386,-0.05008900,-0.33128201,0.94220094,0.16092884,-0.27272188,0.11297483,0.03353746,-0.03112020,-0.16712535,0.98487339,0.05010998,-0.33810343,3.06495928
76225648,76.21511840,3.90860481,1.74972581,0.98311328,-0.04885553,-0.32958164,0.94286241,0.05373835,0.02172032,0.05713755,0.03361213,-0.03047181,-0.16625394,0.98503885,0.04887498,-0.33627774,3.06507611
76258564,76.24803161,3.98321437,1.13499689,1.00816082,-0.04982761,-0.32722678,0.94363088,-0.03195949,0.14534201,-0.12136526,0.03347553,-0.03089382,-0.16501510,0.98523836,0.04984827,-0.33379807,3.06526517
76291532,76.28100585,3.85717773,1.62582087,0.86267232,-0.05010467,-0.32479252,0.94445695,0.00982147,0.29232182,0.02771098,0.03342121,-0.03097554,-0.16374350,0.98544988,0.05012567,-0.33122434,3.06540942
76324440,76.31391143,3.58125567,1.88189125,0.72504444,-0.05070401,-0.32240996,0.94524116,-0.05452060,0.50112094,0.00422168,0.03335742,-0.03122041,-0.16249519,0.98565101,0.05072576,-0.32871303,3.06551766
76357392,76.34686279,4.01905345,1.35802602,0.69160337,-0.05162550,-0.32002689,0.94600076,-0.16883348,0.50923585,0.00102073,0.03325703,-0.03162280,-0.16124385,0.98584699,0.05164847,-0.32620894,3.06564784
76390280,76.37975311,3.86197395,1.14792037,0.83109645,-0.05271448,-0.31773681,0.94671220,-0.17946326,0.60533447,-0.45965166,0.03312599,-0.03210721,-0.16004030,0.98603172,0.05273894,-0.32380833,3.06581139
76423228,76.41270446,3.48452973,1.65912857,0.59447784,-0.05332208,-0.31537222,0.94746885,-0.09047676,0.81195430,-0.19185363,0.03306488,-0.03235756,-0.15880360,0.98622570,0.05334738,-0.32132239,3.06591701
76456156,76.44563293,4.19052219,2.25733685,0.28871207,-0.05390249,-0.31287770,0.94826250,-0.09307017,0.83289728,0.33030195,0.03304856,-0.03259882,-0.15749919,0.98642740,0.05392863,-0.31870102,3.06594204
76489112,76.47858428,4.36558818,1.84525260,0.33214547,-0.05541275,-0.31067798,0.94889850,-0.27686264,0.67933034,-0.72477746,0.03294705,-0.03330378,-0.15633790,0.98659200,0.05544114,-0.31640925,3.06598067
76522056,76.51152801,3.86756944,0.66122670,0.57142882,-0.05727333,-0.30919437,0.94927272,-0.26914267,0.72350101,-1.63042497,0.03277266,-0.03418931,-0.15554664,0.98669261,0.05730468,-0.31488039,3.06608796
76555004,76.54447937,1.61009955,0.57582545,0.28964469,-0.05823966,-0.30742545,0.94978799,-0.08824473,1.02178096,-1.90340127,0.03267536,-0.03462821,-0.15461812,0.98682632,0.05827264,-0.31303575,3.06619524
76587948,76.57742309,0.34107196,0.71292037,-0.03703828,-0.05911342,-0.30570161,0.95029048,-0.27535924,1.20706880,-1.07870841,0.03260965,-0.03502614,-0.15371369,0.98695583,0.05914792,-0.31123776,3.06625318
76620912,76.61038208,0.54811334,0.24767687,0.15734610,-0.05997172,-0.30394902,0.95079879,-0.36019430,1.25902712,-0.89952926,0.03251770,-0.03541168,-0.15279597,0.98708763,0.06000774,-0.30941042,3.06636929
76653844,76.64331054,0.47003979,-0.16081009,0.22596018,-0.06070826,-0.30220127,0.95130891,-0.23055150,1.16352939,-1.21229529,0.03241861,-0.03573466,-0.15188323,0.98722000,0.06074563,-0.30758695,3.06652021
76686824,76.67629241,-0.32281928,0.08700000,-0.06701531,-0.06125096,-0.30051598,0.95180807,-0.15579006,1.17258632,-1.02944469,0.03236143,-0.03596724,-0.15100449,0.98734836,0.06128933,-0.30582637,3.06661534
76719820,76.70929718,-0.13762786,0.01798622,-0.19092036,-0.06195182,-0.29883298,0.95229206,-0.33990364,1.26660645,-0.66957721,0.03230142,-0.03627965,-0.15012525,0.98747272,0.06199152,-0.30407233,3.06669235
76752804,76.74227142,0.10605207,-0.04303369,-0.18186063,-0.06273324,-0.29714069,0.95277032,-0.34839959,1.20656454,-0.80701837,0.03223435,-0.03663167,-0.14924072,0.98759603,0.06277447,-0.30231099,3.06677269
76785780,76.77524566,-0.00559571,0.02091731,-0.20824041,-0.06363659,-0.29551453,0.95321626,-0.36946887,1.16758489,-0.95956392,0.03216196,-0.03704604,-0.14838931,0.98771133,0.06367964,-0.30062246,3.06684374
76818784,76.80825805,-0.15921132,-0.01425574,-0.09059724,-0.06450259,-0.29389209,0.95365943,-0.37568295,1.19843316,-0.88676490,0.03208100,-0.03744035,-0.14754106,0.98782615,0.06454741,-0.29893798,3.06693911
76851812,76.84127807,0.03743798,-0.05382542,-0.02091731,-0.06534881,-0.29222559,0.95411415,-0.37996368,1.20946192,-0.83692665,0.03199517,-0.03782315,-0.14667091,0.98794403,0.06539541,-0.29720783,3.06705045
76884808,76.87428283,-0.07474272,-0.08526800,-0.01145789,-0.06616722,-0.29056973,0.95456314,-0.32226052,1.16337251,-0.95016860,0.03190951,-0.03819224,-0.14580705,0.98806037,0.06621560,-0.29548929,3.06716656
76917844,76.90731048,-0.28338284,-0.13003368,-0.05529096,-0.06693631,-0.28893253,0.95500612,-0.29951877,1.16905951,-0.96135377,0.03182893,-0.03853758,-0.14495373,0.98817501,0.06698642,-0.29379022,3.06728029
76950912,76.94038391,-0.47283763,-0.28604745,-0.11018224,-0.06769082,-0.28733108,0.95543613,-0.30096151,1.16111040,-0.97765293,0.03174942,-0.03887650,-0.14411939,0.98828630,0.06774264,-0.29212902,3.06739377
76983956,76.97342681,-0.96725873,-0.56050376,-0.13283154,-0.06851336,-0.28586692,0.95581674,-0.28671123,1.09543728,-1.20947885,0.03165912,-0.03925108,-0.14335579,0.98838558,0.06856709,-0.29061369,3.06751441
77017004,77.00647735,-1.68057880,-0.83949003,-0.06341807,-0.06929545,-0.28451485,0.95616359,-0.30155415,1.07675123,-1.10069489,0.03155658,-0.03960571,-0.14265143,0.98847656,0.06935106,-0.28921558,3.06766223
77050040,77.03951263,-2.20098018,-0.94101228,-0.11684380,-0.06989891,-0.28317947,0.95651617,-0.22990579,1.01877522,-0.92404546,0.03146603,-0.03987209,-0.14195789,0.98856859,0.06995596,-0.28783176,3.06781244
77083108,77.07257843,-2.66169357,-0.84481925,-0.20864012,-0.07072934,-0.28200907,0.95680093,-0.32013983,0.98122777,-0.92408609,0.03136888,-0.04025572,-0.14134693,0.98864374,0.07078846,-0.28662567,3.06793642
77116148,77.10561370,-3.53862166,-1.26583003,0.04250077,-0.07170536,-0.28109288,0.95699777,-0.31525752,0.79110264,-0.88668527,0.03122844,-0.04071187,-0.14086716,0.98869791,0.07176697,-0.28568873,3.06811666
77149124,77.13859558,-3.83652667,-1.55001220,0.08260336,-0.07213387,-0.27998197,0.95729112,-0.19495596,0.74702301,-0.35231065,0.03111226,-0.04089075,-0.14029347,0.98877573,0.07219659,-0.28453722,3.06833696
77182128,77.17160034,-3.60230612,-1.97155580,0.00199847,-0.07237583,-0.27880084,0.95761756,-0.14368862,0.70262899,-0.33237338,0.03100588,-0.04097539,-0.13968582,0.98886165,0.07243918,-0.28330874,3.06856799
77215136,77.20460510,-4.21383762,-2.27066016,0.07554212,-0.07245201,-0.27769398,0.95793380,-0.00738198,0.44932484,-0.64225997,0.03089561,-0.04097716,-0.13911892,0.98894510,0.07251555,-0.28215457,3.06882786
77248132,77.23760223,-4.36572122,-2.37524652,-0.10791730,-0.07050203,-0.27732422,0.95818576,0.29535552,0.25901367,-0.12371314,0.03095223,-0.03999151,-0.13895178,0.98900690,0.07056057,-0.28172821,3.06901073
77281116,77.27059173,-4.36572122,-2.01578879,-0.44192800,-0.06834606,-0.27733192,0.95833978,0.19749643,0.12474403,-0.13363277,0.03106642,-0.03891707,-0.13897984,0.98904228,0.06839939,-0.28169271,3.06909036
77314136,77.30361175,-4.36572122,-2.43346858,-0.31415927,-0.06670467,-0.27957458,0.95780410,0.22393121,-0.18917542,-0.29227674,0.03115761,-0.03814242,-0.14015400,0.98890409,0.06675424,-0.28400106,3.06905221
77347192,77.33666229,-4.36572122,-1.31685745,-1.03853750,-0.06470999,-0.28130502,0.95743408,0.65845994,-0.44379262,0.13411867,0.03135373,-0.03719434,-0.14106565,0.98880424,0.06475524,-0.28576951,3.06887722
77380264,77.36973571,-4.36572122,-0.77340736,-1.39573049,-0.06453246,-0.28389778,0.95668048,-0.03825075,-0.59476432,0.35557537,0.03147477,-0.03717164,-0.14240088,0.98860988,0.06457733,-0.28847527,3.06855654
77413304,77.40277862,-4.36572122,-2.00379776,-0.75488815,-0.06331300,-0.28633456,0.95603542,0.18977784,-0.61210293,0.41579079,0.03158570,-0.03661763,-0.14367105,0.98844318,0.06335537,-0.29099988,3.06841754
77446332,77.43580627,-4.20770883,-1.82806577,-0.94873971,-0.06142351,-0.28827417,0.95557575,0.65346455,-0.64800510,0.24095749,0.03175990,-0.03572438,-0.14469228,0.98832139,0.06146221,-0.29299364,3.06827259
77479392,77.46886444,-3.50251603,-0.72184686,-1.42197704,-0.06048511,-0.29060530,0.95492925,0.16570972,-0.66032242,0.48061761,0.03193971,-0.03532114,-0.14590315,0.98815202,0.06052206,-0.29541656,3.06796193
77512412,77.50188446,-2.12343955,-1.79555740,-0.62019138,-0.05953830,-0.29273460,0.95433826,0.10348362,-0.49828104,0.30689215,0.03203202,-0.03489707,-0.14701368,0.98799953,0.05957353,-0.29762954,3.06783914
77545412,77.53488159,-1.54175186,-1.82207050,-0.43393411,-0.05806173,-0.29453601,0.95387487,0.38667499,-0.48793468,-0.20997838,0.03214633,-0.03420188,-0.14796206,0.98787860,0.05809441,-0.29949083,3.06776666
77578460,77.56793975,-1.68764009,-1.00083303,-0.38823580,-0.05682575,-0.29641890,0.95336580,0.39886676,-0.53512406,-0.33984041,0.03226000,-0.03363009,-0.14894976,0.98774604,0.05685638,-0.30144324,3.06765818
77611496,77.60096740,-1.61915931,-0.82723274,-0.28724656,-0.05570740,-0.29832971,0.95283565,0.37870545,-0.57569370,-0.33564817,0.03236141,-0.03311670,-0.14995126,0.98760852,0.05573626,-0.30342838,3.06755757
77644508,77.63398742,-1.55440878,-1.05492496,-0.20930628,-0.05442185,-0.30015943,0.95233516,0.50925583,-0.57069015,-0.58417105,0.03246265,-0.03251715,-0.15091378,0.98747844,0.05444877,-0.30532684,3.06748819
77677524,77.66699218,-1.77317466,-0.90663852,-0.33254516,-0.05325443,-0.30207901,0.95179405,0.48391847,-0.60221786,-0.65833702,0.03256863,-0.03198002,-0.15192160,0.98733797,0.05327964,-0.30732316,3.06738996
77710592,77.70006561,-1.92305965,-1.07011330,-0.15681315,-0.05208003,-0.30402543,0.95123910,0.49006834,-0.61638474,-0.68048715,0.03265611,-0.03143716,-0.15294463,0.98719453,0.05210361,-0.30934906,3.06733155
77743632,77.73310089,-1.91093559,-0.76994328,-0.17706432,-0.05095376,-0.30596649,0.95067768,0.48479166,-0.63543977,-0.60863666,0.03274948,-0.03091958,-0.15396461,0.98704929,0.05097584,-0.31137151,3.06725597
77776644,77.76611328,-1.52736291,-0.87639513,-0.08913170,-0.04977756,-0.30782032,0.95014142,0.46579318,-0.62259960,-0.45917463,0.03283734,-0.03037421,-0.15494084,0.98691053,0.04979814,-0.31330289,3.06720447
77809672,77.79914093,-0.94301071,-0.72770905,-0.03450689,-0.04856705,-0.30954113,0.94964466,0.48167252,-0.57791004,-0.48089466,0.03292870,-0.02980947,-0.15584905,0.98678159,0.04858617,-0.31509513,3.06715774
77842652,77.83213043,-0.40435681,-0.52106738,0.01252374,-0.04745488,-0.31120505,0.94915733,0.47494511,-0.58332624,-0.59222369,0.03301540,-0.02929275,-0.15672688,0.98665533,0.04747271,-0.31683013,3.06710839
77875668,77.86513519,-0.14349005,-0.49362173,0.09046401,-0.04637499,-0.31283817,0.94867315,0.50047655,-0.56191768,-0.81732549,0.03309488,-0.02879071,-0.15758900,0.98652982,0.04639165,-0.31853458,3.06707119
77908668,77.89814758,-0.18199386,-0.29870443,0.06714855,-0.04536906,-0.31449866,0.94817295,0.49727334,-0.56636071,-0.91252841,0.03317557,-0.02832692,-0.15846462,0.98640041,0.04538464,-0.32027003,3.06702041
77941640,77.93111419,-0.25833537,-0.39876108,0.08566769,-0.04438244,-0.31618621,0.94765796,0.49360122,-0.59079623,-0.93935718,0.03325026,-0.02787257,-0.15935469,0.98626728,0.04439704,-0.32203564,3.06697940
77974632,77.96410369,-0.20197856,-0.33774118,0.08033844,-0.04339543,-0.31785633,0.94714508,0.47967472,-0.59181165,-0.83947906,0.03332723,-0.02741810,-0.16023612,0.98613471,0.04340906,-0.32378389,3.06693601
78007604,77.99707031,-0.06861409,-0.22995712,0.12790198,-0.04242998,-0.31950302,0.94663448,0.48383622,-0.58943252,-0.86777706,0.03340169,-0.02697374,-0.16110557,0.98600273,0.04244273,-0.32550902,3.06689643
78040588,78.03006744,-0.04876263,-0.21809954,0.15015159,-0.04145689,-0.32114102,0.94612340,0.50556821,-0.58755040,-0.94221715,0.03347530,-0.02652526,-0.16197110,0.98587074,0.04146878,-0.32722592,3.06686162
78073536,78.06301116,-0.14735375,-0.17173507,0.12630321,-0.04049573,-0.32279553,0.94560184,0.49069104,-0.57515373,-0.91801395,0.03355070,-0.02608351,-0.16284550,0.98573579,0.04050681,-0.32896173,3.06682229
78106508,78.09598541,-0.07407656,-0.04250077,0.11830935,-0.03956990,-0.32444226,0.94507713,0.46437458,-0.55031356,-0.89356346,0.03362781,-0.02565985,-0.16371573,0.98560009,0.03958024,-0.33069100,3.06677532
78139452,78.12892913,0.01185758,-0.05515773,0.11657733,-0.03865281,-0.32607922,0.94455156,0.50129928,-0.61020002,-0.96164140,0.03370411,-0.02524036,-0.16458122,0.98546419,0.03866245,-0.33241117,3.06673026
78172400,78.16187286,-0.04276723,-0.06101990,0.06421746,-0.03766963,-0.32769348,0.94403257,0.50324583,-0.56854677,-0.88226499,0.03378956,-0.02478848,-0.16543616,0.98532962,0.03767855,-0.33410763,3.06667995
78205408,78.19487762,0.14349005,-0.00293109,0.01225727,-0.03680726,-0.32932729,0.94349794,0.46063537,-0.60402231,-0.93666200,0.03387145,-0.02439776,-0.16629996,0.98519115,0.03681558,-0.33582763,3.06661725
78238348,78.22782135,0.12177336,0.03530628,0.01372282,-0.03587010,-0.33092701,0.94297437,0.49045996,-0.57678785,-0.89878492,0.03396031,-0.02396965,-0.16714745,0.98505525,0.03587780,-0.33751158,3.06655550
78271268,78.26073455,0.09952374,0.15241653,-0.05502450,-0.03490464,-0.33250796,0.94245433,0.50511951,-0.55933771,-0.88044261,0.03406028,-0.02352878,-0.16798584,0.98491983,0.03491172,-0.33917655,3.06647801
78304196,78.29366302,0.23981623,0.34267072,-0.10085605,-0.03398164,-0.33406944,0.94193553,0.48735079,-0.57242469,-0.80741405,0.03416604,-0.02311015,-0.16881372,0.98478441,0.03398819,-0.34082267,3.06638336
78337120,78.32659149,0.47297091,0.73850078,-0.13896018,-0.03310753,-0.33558223,0.94142894,0.46548056,-0.56822633,-0.67995433,0.03428252,-0.02271728,-0.16961560,0.98465175,0.03311358,-0.34241864,3.06626105
78370048,78.35951995,1.18216085,1.09236299,-0.15747931,-0.03218682,-0.33691599,0.94098415,0.39522390,-0.51928520,-0.26617944,0.03441561,-0.02230013,-0.17032474,0.98453416,0.03219239,-0.34382507,3.06611871
78403028,78.39249420,2.50727868,1.19455135,0.10485299,-0.03160352,-0.33816800,0.94055500,0.30235548,-0.70162687,-0.08093589,0.03450495,-0.02204507,-0.17098694,0.98442211,0.03160878,-0.34514906,3.06600928
78436000,78.42546844,3.24617934,1.11008274,0.48362936,-0.03096442,-0.33927621,0.94017686,0.44624762,-0.77791128,-0.49242300,0.03456732,-0.02175415,-0.17157577,0.98432388,0.03096938,-0.34632043,3.06596851
78468920,78.45838928,3.19675040,1.91946239,0.47696785,-0.03025107,-0.34029283,0.93983268,0.45383505,-0.59745130,-0.38294792,0.03465957,-0.02142892,-0.17211744,0.98423318,0.03025569,-0.34739403,3.06588292
78501836,78.49131011,3.78896307,2.83809185,0.67148542,-0.02987652,-0.34128918,0.93948326,0.30087261,-0.70534172,0.16037029,0.03473489,-0.02127235,-0.17264352,0.98414173,0.02988097,-0.34845032,3.06577301
78534752,78.52422332,4.36558818,2.22296309,1.32764935,-0.02944426,-0.34219126,0.93916902,0.42348723,-0.90170516,-0.00264561,0.03474563,-0.02107326,-0.17312273,0.98406162,0.02944851,-0.34940598,3.06580710
78567704,78.55717468,4.36558818,2.97891712,0.99736900,-0.02864082,-0.34281134,0.93896732,0.46662907,-0.63643670,0.27929437,0.03483634,-0.02069404,-0.17345887,0.98400707,0.02864474,-0.35005779,3.06575131
78600648,78.59011840,4.36558818,2.53112721,1.45448541,-0.02880897,-0.34385294,0.93858127,0.11230506,-0.95424280,0.43519806,0.03479381,-0.02079325,-0.17400259,0.98391046,0.02881297,-0.35116908,3.06578445
78633608,78.62307739,4.36558818,2.09812545,1.25530481,-0.02770431,-0.34431643,0.93844451,0.68786053,-0.66203122,0.14700466,0.03486396,-0.02025427,-0.17426233,0.98387327,0.02770786,-0.35165147,3.06582856
78666552,78.65602111,4.36558818,1.93398466,0.69893112,-0.02688500,-0.34505691,0.93819627,0.24954125,-0.38858566,0.08768260,0.03494974,-0.01986863,-0.17466234,0.98380718,0.02688824,-0.35243246,3.06578445
78699448,78.68891906,4.36558818,2.46757578,0.74929246,-0.02545227,-0.34497132,0.93826808,0.39312803,-0.22582945,0.20821630,0.03509809,-0.01916571,-0.17463860,0.98382015,0.02545501,-0.35232737,3.06574082
78732360,78.72183227,4.36558818,2.73936748,0.35865850,-0.02395283,-0.34398536,0.93866910,0.12356220,0.00878030,0.02934844,0.03528847,-0.01841793,-0.17414380,0.98391523,0.02395513,-0.35126323,3.06564140
78765252,78.75472259,4.36558818,1.75345635,0.40542263,-0.02338806,-0.34487752,0.93835601,0.01972595,0.09927207,-0.33557276,0.03536838,-0.01816369,-0.17461946,0.98383274,0.02339020,-0.35220890,3.06556200
78798216,78.78768920,4.36558818,2.08533549,0.11031546,-0.02318003,-0.34247388,0.93924112,0.09764291,0.44501295,-0.42044229,0.03544213,-0.01802170,-0.17336248,0.98405504,0.02318211,-0.34964680,3.06549620
78831168,78.82064056,4.36558818,2.23242259,-0.35666000,-0.02357817,-0.33999588,0.94013118,-0.00230074,0.69766187,-0.33124446,0.03550426,-0.01818372,-0.17205728,0.98427886,0.02358036,-0.34701313,3.06534814
78864152,78.85362243,4.18719148,1.66485748,-0.44938893,-0.02474597,-0.33774411,0.94091215,-0.21060559,0.70761718,-0.72875399,0.03549059,-0.01872759,-0.17085955,0.98447771,0.02474851,-0.34462916,3.06521606
78897112,78.88658142,3.34796786,1.68191108,-0.44672431,-0.02564131,-0.33553168,0.94167976,-0.18358720,0.88411569,-0.77468752,0.03549912,-0.01913775,-0.16968739,0.98467235,0.02564413,-0.34228682,3.06508803
78930076,78.91955566,3.07990670,1.65486526,-0.67175188,-0.02687574,-0.33349728,0.94236774,-0.41941332,1.00122189,-0.67649865,0.03549617,-0.01972148,-0.16860342,0.98484716,0.02687898,-0.34013864,3.06492304
78963068,78.95254516,3.04007053,0.65136756,-0.45378561,-0.02851911,-0.33190956,0.94287977,-0.63066058,0.91345252,-1.12403213,0.03541342,-0.02050812,-0.16774807,0.98498001,0.02852298,-0.33847043,3.06484270
78996044,78.98551940,1.54521584,0.27645483,-0.03650536,-0.03033812,-0.33093321,0.94316596,-0.63811893,0.95837459,-1.84135932,0.03527066,-0.02138626,-0.16721080,0.98505773,0.03034279,-0.33745398,3.06484270
79029000,79.01847076,0.19624961,0.53026032,0.23528637,-0.03178383,-0.32959957,0.94358549,-0.63691735,1.12696290,-1.13035309,0.03513944,-0.02206973,-0.16649353,0.98516902,0.03178919,-0.33605594,3.06489324
79061900,79.05137634,0.47070593,0.47510261,0.41141805,-0.03290827,-0.32798895,0.94410800,-0.57793159,1.23082101,-0.61818027,0.03501856,-0.02258641,-0.16563743,0.98530588,0.03291423,-0.33436222,3.06498599
79094800,79.08427429,0.67761411,-0.03450689,0.47803368,-0.03389849,-0.32633984,0.94464435,-0.35916790,1.11955273,-1.15851151,0.03488951,-0.02303300,-0.16476421,0.98544654,0.03390500,-0.33262741,3.06512069
79127752,79.11722564,-0.15761256,0.04316692,0.23315467,-0.03469444,-0.32474992,0.94516334,-0.25412392,1.11063861,-1.17709684,0.03479645,-0.02338845,-0.16392467,0.98558149,0.03470141,-0.33095412,3.06521511
79160744,79.15021514,-0.25873506,0.18146096,-0.08779939,-0.03545850,-0.32313868,0.94568691,-0.37054734,1.26942777,-0.73499355,0.03473555,-0.02373271,-0.16307426,0.98571643,0.03546594,-0.32925920,3.06525135
79193748,79.18321228,0.21170444,0.01692037,-0.07953906,-0.03644308,-0.32155058,0.94619054,-0.49016823,1.20143342,-0.80678625,0.03465287,-0.02418569,-0.16223328,0.98584699,0.03645116,-0.32759239,3.06529569
79226688,79.21616363,-0.01905207,-0.06501685,-0.04036906,-0.03755414,-0.32008948,0.94664249,-0.45268020,1.12550938,-1.17003107,0.03455426,-0.02470281,-0.16145719,0.98596506,0.03756299,-0.32606253,3.06534957
79259684,79.24915313,-0.37811026,0.02904441,-0.10445330,-0.03855119,-0.31860291,0.94710369,-0.45729842,1.16503846,-0.89510173,0.03447145,-0.02516428,-0.16066974,0.98608484,0.03856076,-0.32450537,3.06539249
79292668,79.28214263,-0.13509647,-0.02971057,-0.09446095,-0.03954487,-0.31707108,0.94757680,-0.51929302,1.20281326,-0.72955923,0.03438706,-0.02562292,-0.15985925,0.98620786,0.03955519,-0.32290136,3.06544184
79325716,79.31518554,-0.06954670,-0.19398468,0.01612098,-0.04061084,-0.31558594,0.94802751,-0.47672314,1.13809573,-1.02786147,0.03428366,-0.02611614,-0.15907282,0.98632564,0.04062202,-0.32134876,3.06551814
79358704,79.34817504,-0.55317611,-0.32628331,0.07007963,-0.04169822,-0.31420917,0.94843750,-0.45048928,1.10913109,-1.16376948,0.03416966,-0.02662079,-0.15834312,0.98643350,0.04171032,-0.31991174,3.06561088
79391640,79.38111114,-0.99883460,-0.32028789,0.01745329,-0.04266267,-0.31282830,0.94885091,-0.42706389,1.13387322,-0.99597005,0.03406850,-0.02706523,-0.15761327,0.98654184,0.04267563,-0.31846954,3.06569910
79424592,79.41406250,-1.29887127,-0.67614860,0.05995406,-0.04376276,-0.31161320,0.94920043,-0.48138375,1.07406437,-1.13206171,0.03394335,-0.02757801,-0.15696846,0.98663463,0.04377675,-0.31720490,3.06581044
79457564,79.44703674,-2.19605040,-0.93781471,0.27432310,-0.04495291,-0.31064038,0.94946393,-0.44699044,0.97445878,-1.25976669,0.03378508,-0.02813613,-0.15644931,0.98670692,0.04496807,-0.31619741,3.06596851
79490572,79.48004913,-3.05992197,-1.13792800,0.36891732,-0.04590672,-0.30965094,0.94974145,-0.35106592,0.91878185,-0.99954614,0.03362876,-0.02857463,-0.15592548,0.98678255,0.04592287,-0.31516962,3.06616210
79523548,79.51302337,-3.59644412,-1.67671513,0.32841501,-0.04675273,-0.30872793,0.95000057,-0.31018087,0.78675527,-0.77983450,0.03346814,-0.02895931,-0.15543819,0.98685359,0.04676979,-0.31421074,3.06638050
79556520,79.54598999,-4.01172590,-2.17739820,0.47337059,-0.04735368,-0.30777750,0.95027914,-0.21998028,0.69962320,-0.65193929,0.03329958,-0.02921819,-0.15494089,0.98692989,0.04737140,-0.31321964,3.06665563
79589460,79.57892608,-4.22236442,-1.00576257,0.14788668,-0.04716639,-0.30666785,0.95064744,0.01152186,0.76491980,0.25491900,0.03324801,-0.02909316,-0.15436958,0.98702507,0.04718389,-0.31204919,3.06682443
79622416,79.61188507,-3.37194943,-1.22679328,-0.44659109,-0.04754418,-0.30548856,0.95100774,-0.15948706,0.57184600,-0.09187686,0.03319819,-0.02925329,-0.15375380,0.98711786,0.04756212,-0.31081483,3.06690216
79655488,79.64495849,-4.07900762,-2.16833853,0.00146554,-0.04907995,-0.30556101,0.95090656,-0.24950404,0.38075633,-0.87619953,0.03300559,-0.03000246,-0.15377414,0.98709869,0.04909969,-0.31091485,3.06704711
79688476,79.67795562,-4.36572122,-2.40375804,0.04876263,-0.04672732,-0.30598692,0.95088787,0.34457888,0.11873109,-0.17525315,0.03310694,-0.02883528,-0.15402723,0.98709049,0.04674435,-0.31132650,3.06720089
79721416,79.71089172,-4.36572122,-1.77490653,-0.86999998,-0.04469626,-0.30773184,0.95042266,0.16066307,-0.10120371,-0.00803983,0.03328766,-0.02786955,-0.15495781,0.98696670,0.04471117,-0.31313183,3.06710457
79754504,79.74397277,-4.36572122,-2.16833853,-0.36118988,-0.04460049,-0.31025652,0.94960603,-0.05745029,-0.35722393,-0.31825833,0.03327219,-0.02786866,-0.15626997,0.98676033,0.04461529,-0.31578803,3.06707620
79787572,79.77703857,-4.36572122,-0.62738590,-1.08490192,-0.04265140,-0.31184861,0.94917392,0.90812988,-0.63761425,0.47025966,0.03349457,-0.02694832,-0.15712028,0.98664331,0.04266434,-0.31743705,3.06689262
79820544,79.81001281,-4.36572122,-0.39356506,-1.89175033,-0.04362444,-0.31404719,0.94840450,-0.26301617,-0.61173400,0.91682987,0.03356275,-0.02749606,-0.15824561,0.98644599,0.04363830,-0.31976816,3.06653285
79853528,79.84300231,-3.14119291,-3.01289129,-0.59074730,-0.04281039,-0.31637282,0.94766855,0.02767367,-0.44192795,0.32332754,0.03360195,-0.02713647,-0.15946592,0.98625822,0.04282347,-0.32220950,3.06651830
79886540,79.87601470,-3.26736283,-2.79918837,-0.79938740,-0.04087119,-0.31822440,0.94713382,0.71689658,-0.56654119,-0.41637210,0.03374967,-0.02621483,-0.16045497,0.98611755,0.04088259,-0.32413673,3.06648445
79919592,79.90906524,-4.07487726,-0.77220826,-1.55121126,-0.04001801,-0.32064177,0.94635477,0.24729340,-0.73892855,-0.07013404,0.03392752,-0.02586009,-0.16172153,0.98591394,0.04002870,-0.32667839,3.06619739
79952592,79.94206237,-3.29201054,-2.15155124,-0.73863401,-0.03899047,-0.32292146,0.94562177,0.19450805,-0.60261564,-0.02911788,0.03401723,-0.02539999,-0.16292243,0.98572483,0.03900037,-0.32907452,3.06612396
79985592,79.97506713,-2.99943494,-1.97248849,-0.71451911,-0.03751844,-0.32495677,0.94498414,0.55802626,-0.70043382,-0.42569704,0.03414543,-0.02471610,-0.16400284,0.98555870,0.03752726,-0.33120820,3.06605601
80018640,80.00811004,-2.93828182,-1.36628627,-0.81350994,-0.03639782,-0.32710268,0.94428739,0.38869274,-0.73442077,-0.30146515,0.03427043,-0.02421224,-0.16513624,0.98537769,0.03640587,-0.33346552,3.06593513
80051688,80.04116058,-2.29837226,-1.17589890,-0.48549466,-0.03546216,-0.32918558,0.94359884,0.30206370,-0.72916402,-0.21776878,0.03436021,-0.02379514,-0.16623549,0.98519983,0.03546959,-0.33566043,3.06585812
80084716,80.07418823,-1.70029697,-0.88905200,-0.31469221,-0.03442142,-0.33110964,0.94296417,0.39916751,-0.64130249,-0.49569854,0.03445402,-0.02332229,-0.16725415,0.98503551,0.03442822,-0.33768737,3.06579685
80117728,80.10720062,-1.36322212,-0.60327100,-0.21130475,-0.03344548,-0.33298106,0.94233989,0.38818180,-0.58254628,-0.61006450,0.03454251,-0.02288044,-0.16824507,0.98487386,0.03345173,-0.33966107,3.06573843
80150756,80.14022064,-1.15058505,-0.65736293,-0.05435834,-0.03238176,-0.33477859,0.94174013,0.46744036,-0.58001632,-0.75936703,0.03462453,-0.02239151,-0.16919958,0.98471879,0.03238742,-0.34155678,3.06571197
80183832,80.17330169,-0.66788816,-0.86560335,0.09952374,-0.03124618,-0.33646419,0.94117755,0.37768173,-0.54561591,-0.32032794,0.03469498,-0.02186187,-0.17009761,0.98457345,0.03125126,-0.34333424,3.06572604
80216832,80.20630645,-0.07833998,-0.19478405,0.12523735,-0.03021797,-0.33805692,0.94064025,0.52362613,-0.60017547,-0.81661682,0.03477449,-0.02138643,-0.17094565,0.98443422,0.03022258,-0.34501571,3.06570696
80249784,80.23925781,-0.22622663,-0.07474272,0.01398928,-0.02927415,-0.33971118,0.94007415,0.49680342,-0.54334545,-1.04700779,0.03485925,-0.02095603,-0.17182487,0.98428754,0.02927834,-0.34676465,3.06566262
80282768,80.27223968,-0.27432310,-0.33214547,0.03224196,-0.02835812,-0.34139809,0.93949069,0.43949093,-0.55972490,-0.93265476,0.03493247,-0.02053846,-0.17272152,0.98413667,0.02836193,-0.34855020,3.06563758
80315796,80.30526733,-0.09246248,-0.16160948,0.04822971,-0.02744354,-0.34303922,0.93891983,0.44980678,-0.60276155,-0.79707412,0.03500951,-0.02012140,-0.17359460,0.98398885,0.02744700,-0.35028820,3.06560707
80348796,80.33827209,-0.01398928,-0.05209342,0.06808116,-0.02662060,-0.34469652,0.93833646,0.40552682,-0.55300855,-0.90513334,0.03508034,-0.01975016,-0.17447526,0.98383817,0.02662375,-0.35204575,3.06557393
80381776,80.37124633,0.07101225,-0.04050230,0.07993874,-0.02568247,-0.34629015,0.93777561,0.49492077,-0.56996960,-0.95730686,0.03516056,-0.01932082,-0.17532481,0.98369274,0.02568530,-0.35373554,3.06554508
80414684,80.40415954,-0.00599541,0.07660796,-0.00199847,-0.02476051,-0.34789392,0.93720645,0.46958475,-0.55029940,-0.88862247,0.03524934,-0.01890150,-0.17617975,0.98354492,0.02476304,-0.35543770,3.06549715
80447648,80.43711853,0.03983614,0.09286218,0.01678714,-0.02388981,-0.34950966,0.93662796,0.45064764,-0.56211142,-0.90904006,0.03533263,-0.01850754,-0.17704069,0.98339481,0.02389209,-0.35715427,3.06545233
80480604,80.47007751,0.15348237,0.12017458,-0.03357427,-0.02296682,-0.35108036,0.93606357,0.47389454,-0.56176142,-0.86135654,0.03542559,-0.01808790,-0.17787922,0.98324804,0.02296884,-0.35882363,3.06539964
80513592,80.50306701,0.31908881,0.27299079,-0.08993109,-0.02206582,-0.35262303,0.93550510,0.47812051,-0.55997462,-0.88667697,0.03552587,-0.01768025,-0.17870306,0.98310241,0.02206762,-0.36046457,3.06533002
80546528,80.53600311,0.49308881,0.65216693,-0.16400766,-0.02114815,-0.35409698,0.93496942,0.44937081,-0.48086395,-0.74576044,0.03564524,-0.01726627,-0.17949122,0.98296184,0.02114973,-0.36203300,3.06522727
80579448,80.56891632,0.94261102,0.98231391,-0.19371822,-0.02018103,-0.35543797,0.93448200,0.49845252,-0.52713036,-0.58218708,0.03578195,-0.01682768,-0.18021053,0.98283300,0.02018240,-0.36346004,3.06510210
80612376,80.60184478,1.78116846,0.98311328,-0.06368453,-0.01937681,-0.35671498,0.93401222,0.36215023,-0.59396862,-0.21037940,0.03589497,-0.01646631,-0.18089423,0.98270931,0.01937802,-0.36482093,3.06499743
80645344,80.63481903,2.74856042,0.73796787,0.32761561,-0.01868818,-0.35788938,0.93357677,0.35267255,-0.67555785,-0.29197525,0.03595994,-0.01615277,-0.18152303,0.98259620,0.01868928,-0.36607358,3.06497192
80678292,80.66776275,3.15531539,1.32192027,0.37984228,-0.01792656,-0.35892100,0.93319549,0.42149105,-0.61544423,-0.32821500,0.03604584,-0.01580305,-0.18207796,0.98249597,0.01792752,-0.36717348,3.06492066
80711264,80.70073699,3.65852975,2.10905051,0.59914088,-0.01740407,-0.35991141,0.93282384,0.37165212,-0.71577215,-0.09688633,0.03611710,-0.01557136,-0.18260742,0.98239879,0.01740495,-0.36823148,3.06485605
80744172,80.73365020,4.13669681,2.42813920,0.91090192,-0.01698891,-0.36083760,0.93247385,0.37465491,-0.76977767,-0.07676095,0.03616416,-0.01538843,-0.18310171,0.98230800,0.01698973,-0.36922168,3.06482219
80777112,80.76658630,4.36558818,2.42707347,1.07464313,-0.01650641,-0.36169137,0.93215169,0.41885013,-0.78064260,-0.05739582,0.03620462,-0.01516853,-0.18355939,0.98222455,0.01650717,-0.37013435,3.06481599
80810056,80.79953002,4.36558818,2.54671525,0.94514236,-0.01581681,-0.36242535,0.93187847,0.42328748,-0.65637350,0.11719377,0.03627813,-0.01484701,-0.18395728,0.98215227,0.01581747,-0.37091753,3.06478381
80842992,80.83246612,4.36558818,1.68271064,1.25543797,-0.01538265,-0.36333730,0.93153038,0.21460139,-0.57391858,0.13560825,0.03627640,-0.01464503,-0.18444564,0.98206367,0.01538326,-0.37189373,3.06485438
80875948,80.86542510,4.36558818,1.88349008,1.01508879,-0.01444137,-0.36396691,0.93129968,0.38333786,-0.50615024,0.13071203,0.03634702,-0.01419281,-0.18479345,0.98200235,0.01444188,-0.37256419,3.06487822
80908904,80.89837646,4.36558818,2.89764614,0.60273814,-0.01312110,-0.36398348,0.93131265,0.35076758,-0.27273526,0.28401935,0.03651705,-0.01355375,-0.18482375,0.98199930,0.01312148,-0.37257494,3.06478095
80941816,80.93128967,4.36558818,2.53019452,0.61153135,-0.01492578,-0.36454896,0.93106441,-0.06490820,-0.19697445,0.33333988,0.03638457,-0.01445845,-0.18509096,0.98194112,0.01492634,-0.37319209,3.06470108
80974732,80.96421051,4.36558818,0.98604431,1.09063089,-0.01583232,-0.36548051,0.93068399,-0.06180439,-0.07275191,-0.28664107,0.03624994,-0.01491368,-0.18556784,0.98184919,0.01583299,-0.37419829,3.06478857
81007672,80.99714660,4.36558818,1.14792037,0.87706127,-0.01431056,-0.36396946,0.93130073,0.13833401,0.26289525,-0.49746279,0.03636299,-0.01412935,-0.18479691,0.98200206,0.01431105,-0.37256627,3.06487035
81040612,81.03008270,4.07700920,2.40788817,0.11937520,-0.01398499,-0.36169209,0.93219270,0.20758850,0.52844009,-0.01007360,0.03646385,-0.01393500,-0.18360136,0.98222541,0.01398545,-0.37012019,3.06476116
81073472,81.06294250,4.23622035,1.53322505,-0.04489892,-0.01516893,-0.35946142,0.93303642,-0.23605177,0.60628757,-0.37810473,0.03641124,-0.01448034,-0.18240613,0.98244199,0.01516951,-0.36773505,3.06468152
81106452,81.09591674,3.62588810,1.25117444,0.34520215,-0.01593213,-0.35719547,0.93389377,-0.17815966,0.82936344,-0.40777072,0.03635656,-0.01481069,-0.18120087,0.98266229,0.01593280,-0.36531209,3.06468725
81139408,81.12888336,3.77150988,2.31489276,-0.18998775,-0.01608835,-0.35485026,0.93478488,0.11813913,1.01085615,0.20193386,0.03643259,-0.01485495,-0.17996380,0.98288612,0.01608904,-0.36280300,3.06454157
81172320,81.16178894,4.36558818,1.94810724,-0.70159573,-0.01693089,-0.35245890,0.93567409,-0.19571559,0.73429484,-0.13733428,0.03647687,-0.01524096,-0.17869149,0.98311061,0.01693171,-0.36025133,3.06433629
81205276,81.19475555,4.36558818,0.72810869,-0.62592034,-0.01889749,-0.35153937,0.93598213,-0.28066303,0.64084601,-1.60565996,0.03637842,-0.01620280,-0.17817491,0.98319253,0.01889862,-0.35928204,3.06419372
81238228,81.22769927,2.21123886,0.18705665,-0.55570750,-0.02068988,-0.35125360,0.93605165,-0.33648786,0.88299188,-2.40821957,0.03627165,-0.01708794,-0.17799477,0.98321418,0.02069135,-0.35899004,3.06408977
81271216,81.26068878,0.24301378,0.31109495,-0.59407806,-0.02190178,-0.34985585,0.93654718,-0.54181890,1.19555902,-1.21779716,0.03621835,-0.01766451,-0.17724060,0.98334207,0.02190354,-0.35750689,3.06400442
81304188,81.29366302,0.43726491,0.24328024,-0.32468452,-0.02314574,-0.34841742,0.93705348,-0.69609255,1.24929630,-0.89481716,0.03613883,-0.01825176,-0.17646541,0.98347377,0.02314781,-0.35598185,3.06396913
81337152,81.32662200,0.29910416,0.11098163,0.11311333,-0.02444265,-0.34704761,0.93752889,-0.55246162,1.11877608,-1.16091752,0.03601532,-0.01885949,-0.17572665,0.98359918,0.02444508,-0.35453188,3.06401419
81370084,81.35955047,-0.34307045,0.03690505,0.01958499,-0.02529264,-0.34555399,0.93805809,-0.29526400,1.12533915,-1.17633938,0.03593496,-0.01924543,-0.17493038,0.98373661,0.02529534,-0.35294690,3.06405591
81403008,81.39247894,-0.42034454,0.23075652,-0.35239663,-0.02604386,-0.34399690,0.93860940,-0.38484479,1.24463164,-0.59339456,0.03589854,-0.01958774,-0.17410216,0.98387804,0.02604681,-0.35129463,3.06402850
81436008,81.42548370,0.04609801,0.00692802,-0.28937826,-0.02711674,-0.34252753,0.93911666,-0.56077389,1.21435368,-0.86733932,0.03582349,-0.02008835,-0.17331550,0.98400974,0.02712006,-0.34973993,3.06402182
81468992,81.45846557,-0.24781010,-0.03011026,-0.07460950,-0.02831961,-0.34118938,0.93956785,-0.55102610,1.14783000,-1.08361077,0.03571839,-0.02065247,-0.17259645,0.98412809,0.02832339,-0.34832758,3.06405186
81501996,81.49147033,-0.38037519,0.06368453,-0.05142726,-0.02941020,-0.33977808,0.94004554,-0.55262107,1.19573509,-0.82725257,0.03562334,-0.02115987,-0.17184126,0.98425283,0.02941444,-0.34683732,3.06408452
81534952,81.52442169,-0.03597244,-0.03277488,0.03970291,-0.03050262,-0.33831267,0.94053907,-0.56617708,1.18963098,-0.79283399,0.03551860,-0.02166544,-0.17105841,0.98438196,0.03050736,-0.34529068,3.06413936
81567936,81.55741119,-0.12164013,-0.11204748,0.14082541,-0.03164700,-0.33690443,0.94100666,-0.51303071,1.13744151,-1.03085041,0.03539870,-0.02219602,-0.17030538,0.98450508,0.03165230,-0.34380655,3.06421613
81600980,81.59044647,-0.43086986,-0.19744868,0.16334151,-0.03270925,-0.33550291,0.94147100,-0.47559156,1.14849114,-1.01446902,0.03528089,-0.02268551,-0.16955767,0.98462715,0.03271509,-0.34232978,3.06430435
81633992,81.62346649,-0.71385297,-0.40115928,0.21237061,-0.03377994,-0.33417053,0.94190702,-0.48477473,1.14349675,-1.06934845,0.03515202,-0.02317892,-0.16884665,0.98474254,0.03378636,-0.34092755,3.06441330
81666968,81.65644073,-1.26849460,-0.40742115,0.27765390,-0.03477284,-0.33288004,0.94232788,-0.42396740,1.11852455,-1.03461301,0.03502262,-0.02363376,-0.16815924,0.98485393,0.03477985,-0.33956978,3.06453704
81699928,81.68939971,-1.51896929,-0.73770136,0.19651605,-0.03556494,-0.33155117,0.94276638,-0.37654445,1.11231291,-0.84486598,0.03490640,-0.02398829,-0.16745519,0.98496932,0.03557245,-0.33816981,3.06467080
81732928,81.72239685,-1.73493719,-1.27688825,0.10338745,-0.03627099,-0.33026421,0.94319114,-0.34702978,1.07928764,-0.93000755,0.03478927,-0.02430000,-0.16677479,0.98508129,0.03627896,-0.33681395,3.06482100
81765916,81.75539398,-2.08600139,-1.08423590,-0.11364625,-0.03660388,-0.32889127,0.94365787,-0.21974377,1.10257291,-0.50420475,0.03472486,-0.02442967,-0.16605459,0.98520202,0.03661206,-0.33536291,3.06493091
81798908,81.78838348,-1.86457118,-1.36548697,-0.31082847,-0.03745520,-0.32770678,0.94403638,-0.47231044,1.03278493,-0.74432940,0.03462706,-0.02482062,-0.16542543,0.98530149,0.03746397,-0.33411893,3.06501603
81831912,81.82138061,-2.84355430,-2.07720828,0.23235528,-0.03876297,-0.32716627,0.94417114,-0.50127606,0.79762525,-1.21956181,0.03442792,-0.02543936,-0.16512762,0.98534269,0.03877269,-0.33356368,3.06521296
81864860,81.85433959,-3.60177326,-2.13942718,0.30643181,-0.03863876,-0.32598421,0.94458522,-0.04070694,0.77666783,-0.44141144,0.03433317,-0.02533635,-0.16451575,0.98545112,0.03864839,-0.33231039,3.06545853
81897868,81.88734436,-3.48519611,-1.40518989,-0.34307045,-0.03865581,-0.32478711,0.94499664,-0.09147113,0.81526565,-0.10783846,0.03430057,-0.02531515,-0.16389240,0.98555650,0.03866545,-0.33104357,3.06555438
81930892,81.92036437,-3.68704128,-1.98261404,-0.05515773,-0.03992379,-0.32429549,0.94511318,-0.43859186,0.53230333,-0.52787685,0.03412923,-0.02591958,-0.16362054,0.98559207,0.03993440,-0.33054039,3.06570243
81963900,81.95337677,-3.99573822,-2.32421898,0.19904747,-0.03879015,-0.32331373,0.94549655,0.16769640,0.39460279,0.00030422,0.03412097,-0.02532352,-0.16312723,0.98568964,0.03879988,-0.32948658,3.06593632
81996880,81.98635101,-4.18865680,-1.94251146,-0.55384225,-0.03749301,-0.32244813,0.94584426,0.13514925,0.27288758,-0.09892046,0.03419885,-0.02466129,-0.16269498,0.98577508,0.03750180,-0.32855429,3.06601834
82029900,82.01937866,-4.36572122,-2.44079637,-0.10658500,-0.03893015,-0.32382276,0.94531641,-0.24085500,0.01693800,-0.35058979,0.03401681,-0.02538755,-0.16339288,0.98564748,0.03893998,-0.33002688,3.06611037
82062940,82.05241394,-4.36572122,-2.25973510,0.41741347,-0.03658866,-0.32470321,0.94510765,0.80270195,-0.10132218,0.11470682,0.03410416,-0.02423270,-0.16388653,0.98559150,0.03659684,-0.33092806,3.06630277
82095908,82.08537292,-4.36572122,2.14155888,-2.42187738,-0.03481682,-0.32531056,0.94496593,0.60927968,-0.30652537,1.05497312,0.03449739,-0.02341213,-0.16422195,0.98554191,0.03482386,-0.33154890,3.06578731
82128892,82.11837005,-1.59477796,-0.40275802,-1.36482083,-0.03652096,-0.32486608,0.94505434,-0.98178958,0.03482702,1.05488467,0.03444864,-0.02425897,-0.16396400,0.98556604,0.03652909,-0.33109951,3.06561088
82161880,82.15135192,0.42181010,-3.60683631,0.24954209,-0.03777466,-0.32404425,0.94528741,-0.10968627,-0.01360223,0.17214423,0.03422019,-0.02483994,-0.16352139,0.98563308,0.03778365,-0.33024599,3.06588554
82194872,82.18434143,-0.48509497,-2.89085149,-0.11644411,-0.03564727,-0.32519435,0.94497499,0.40625276,-0.03515720,-0.69228944,0.03433046,-0.02380300,-0.16415200,0.98555002,0.03565482,-0.33143601,3.06598925
82227908,82.21737670,-2.05695724,-1.73347163,-0.39516386,-0.03466000,-0.32725501,0.94429979,0.18431819,-0.17225670,-0.80391893,0.03440167,-0.02335610,-0.16524046,0.98537616,0.03466695,-0.33360552,3.06595921
82260920,82.25038909,-3.13213300,-1.89428176,-0.04396631,-0.03342345,-0.32939419,0.94360055,0.29148008,-0.33149447,-0.60033888,0.03445780,-0.02278189,-0.16637494,0.98519687,0.03342968,-0.33585696,3.06600236
82293924,82.28339385,-4.02291727,-0.66242570,-0.26126644,-0.03213402,-0.33154690,0.94289131,0.47939963,-0.58349218,-0.26906323,0.03456827,-0.02219035,-0.16751693,0.98501310,0.03213955,-0.33812429,3.06594657
82327008,82.31648254,-3.67971372,-1.03613936,-0.30203521,-0.03058819,-0.33349757,0.94225444,0.37677958,-0.54321141,0.31946432,0.03469327,-0.02146723,-0.16855817,0.98484697,0.03059297,-0.34017679,3.06591296
82360040,82.34951019,-2.47423720,-2.03404140,-0.14935221,-0.02882091,-0.33519158,0.94170885,0.47291269,-0.51417360,0.08832043,0.03479829,-0.02062317,-0.16947021,0.98470478,0.02882491,-0.34195647,3.06596708
82393028,82.38249969,-2.36525416,-2.57043027,-0.09632619,-0.02706270,-0.33695032,0.94113311,0.64962129,-0.54635047,-0.53268585,0.03488324,-0.01978157,-0.17041712,0.98455553,0.02706601,-0.34380717,3.06606197
82426092,82.41556549,-2.93721580,-2.36059117,-0.24181468,-0.02549940,-0.33892087,0.94046916,0.57115368,-0.54950685,-0.70145549,0.03496886,-0.01904327,-0.17147225,0.98438396,0.02550216,-0.34588689,3.06612014
82459188,82.44865417,-3.28801369,-2.45265388,-0.01652067,-0.02406358,-0.34101881,0.93974828,0.56703233,-0.68681325,-0.71025609,0.03502209,-0.01836658,-0.17259334,0.98419895,0.02406591,-0.34810564,3.06622219
82492208,82.48168182,-3.43030476,-1.28994476,0.04796324,-0.02262933,-0.34301640,0.93905658,0.66325430,-0.78149533,-0.25350971,0.03510344,-0.01769354,-0.17366217,0.98402032,0.02263127,-0.35021986,3.06627178
82525192,82.51466369,-2.40828776,-1.13046717,0.06714855,-0.02109754,-0.34474875,0.93845767,0.58725967,-0.62522196,-0.08811594,0.03519788,-0.01696790,-0.17459425,0.98386478,0.02109910,-0.35205295,3.06631994
82558200,82.54766845,0.16680550,-0.72411174,0.06994640,-0.01934216,-0.34576048,0.93812351,0.45977182,-0.50629034,0.46348786,0.03532705,-0.01612025,-0.17515256,0.98377523,0.01934336,-0.35311808,3.06635284
82591168,82.58064270,0.70013008,-0.00666156,0.05888820,-0.01824247,-0.34716577,0.93762607,0.68254909,-0.60620336,-1.17004799,0.03542211,-0.01560748,-0.17590692,0.98364534,0.01824349,-0.35460886,3.06633257
82624112,82.61358642,-0.20251147,-0.26353139,-0.22569372,-0.01711807,-0.34874429,0.93706150,0.55032119,-0.36341390,-1.36088967,0.03553338,-0.01508866,-0.17675279,0.98349790,0.01711891,-0.35628554,3.06628251
82657148,82.64662170,-0.68640732,-0.22289586,-0.18465850,-0.01619990,-0.35048451,0.93642826,0.43123893,-0.49985728,-1.03799080,0.03562353,-0.01467413,-0.17768080,0.98333368,0.01620061,-0.35813758,3.06623721
82690160,82.67963409,-0.08686677,-0.20877335,0.07287749,-0.01515300,-0.35204629,0.93585987,0.47609047,-0.59985799,-0.57160210,0.03570579,-0.01418920,-0.17851808,0.98318614,0.01515358,-0.35979967,3.06623578
82723124,82.71259307,0.25207350,-0.06435069,0.11071517,-0.01409678,-0.35353946,0.93531322,0.54266123,-0.52731990,-0.94459056,0.03579042,-0.01369860,-0.17932000,0.98304405,0.01409725,-0.36138989,3.06623387
82756072,82.74554443,0.04902909,-0.14415619,0.02398162,-0.01302790,-0.35506801,0.93474950,0.52450251,-0.49185581,-0.97332372,0.03588037,-0.01320329,-0.18014115,0.98289737,0.01302827,-0.36301910,3.06622457
82789056,82.77852630,-0.08007198,-0.08673354,0.02398162,-0.01189877,-0.35657694,0.93418998,0.58929133,-0.51183128,-0.98497123,0.03597730,-0.01267829,-0.18095351,0.98275156,0.01189905,-0.36462850,3.06621408
82822012,82.81148529,0.04356661,0.04489892,0.03424043,-0.01093614,-0.35813834,0.93360462,0.47089710,-0.50929331,-0.90284290,0.03606250,-0.01223684,-0.18179112,0.98259954,0.01093636,-0.36629610,3.06619763
82854928,82.84439849,0.02038438,-0.06208576,0.06288515,-0.00989777,-0.35967171,0.93302612,0.52918486,-0.53315057,-0.92838745,0.03614888,-0.01175658,-0.18261594,0.98244905,0.00989793,-0.36793498,3.06619477
82887852,82.87732696,0.04836294,0.02065084,0.01345635,-0.00881997,-0.36117167,0.93245735,0.53909339,-0.49820332,-0.91341438,0.03624549,-0.01125754,-0.18342426,0.98230075,0.00882008,-0.36953921,3.06618046
82920780,82.91025543,0.02131700,0.01638744,-0.01132465,-0.00780642,-0.36271107,0.93186893,0.51659545,-0.51082410,-0.97849979,0.03633782,-0.01079120,-0.18425274,0.98214759,0.00780650,-0.37118730,3.06616401
82953748,82.94321441,0.05529096,0.03210873,0.00945942,-0.00678524,-0.36423468,0.93128213,0.50605278,-0.51149773,-0.89441690,0.03642983,-0.01032065,-0.18507364,0.98199481,0.00678529,-0.37281999,3.06615138
82986712,82.97618103,0.05902143,0.03011026,0.03743798,-0.00574682,-0.36574735,0.93069629,0.52942848,-0.50681123,-0.95291309,0.03652112,-0.00984100,-0.18588961,0.98184223,0.00574685,-0.37444229,3.06614518
83019652,83.00911712,0.03264165,0.00026646,0.01878561,-0.00474173,-0.36728215,0.93009738,0.50107960,-0.51064753,-0.93351535,0.03660963,-0.00937826,-0.18671717,0.98168649,0.00474175,-0.37608971,3.06613969
83052580,83.04204559,0.06395100,0.07607503,0.00772741,-0.00370890,-0.36878767,0.92950611,0.50419716,-0.49571428,-0.87017993,0.03670410,-0.00890198,-0.18753034,0.98153228,0.00370891,-0.37770721,3.06612920
83085476,83.07494354,0.19385146,0.09366157,0.03530628,-0.00269983,-0.37028126,0.92891559,0.51661586,-0.52278513,-0.90962848,0.03679471,-0.00843684,-0.18833731,0.98137855,0.00269983,-0.37931327,3.06612372
83118472,83.10794067,0.13003368,0.12510412,-0.01305666,-0.00162533,-0.37174797,0.92833213,0.55997495,-0.49812507,-0.95640830,0.03689648,-0.00794003,-0.18913175,0.98122606,0.00162533,-0.38089179,3.06610989
83151440,83.14091491,0.27792036,0.51933536,-0.07580858,-0.00053226,-0.37313654,0.92777624,0.53642091,-0.46206851,-0.74369421,0.03701771,-0.00743595,-0.18988566,0.98107986,0.00053226,-0.38238752,3.06606221
83184404,83.17387390,0.75755281,0.62645335,-0.10711791,0.00055972,-0.37443132,0.92725448,0.50188164,-0.48665266,-0.52198104,0.03714510,-0.00693174,-0.19059042,0.98094215,-0.00055973,-0.38378348,3.06600403
83217380,83.20684814,1.20827400,0.26686217,-0.10605207,0.00169862,-0.37566568,0.92675352,0.60254945,-0.52301597,-0.81933164,0.03726549,-0.00640110,-0.19126470,0.98080987,-0.00169862,-0.38511562,3.06597113
83250288,83.23976135,1.28821277,0.96526031,-0.26259875,0.00278964,-0.37684319,0.92627267,0.51430025,-0.44322519,-0.57495431,0.03741632,-0.00589965,-0.19190821,0.98068151,-0.00278965,-0.38638746,3.06586861
83283264,83.27273559,2.12250685,1.84458646,-0.14682080,0.00364401,-0.37792992,0.92582683,0.33815286,-0.45825171,-0.08622718,0.03756376,-0.00551623,-0.19249952,0.98056221,-0.00364402,-0.38756217,3.06572842
83316276,83.30574035,3.02181768,0.82376880,0.56823120,0.00443593,-0.37897861,0.92539463,0.52071051,-0.73845300,-0.57383213,0.03761539,-0.00514503,-0.19307027,0.98045005,-0.00443595,-0.38869638,3.06577253
83349236,83.33870697,2.39243340,2.03750538,-0.05342573,0.00559156,-0.37977347,0.92506227,0.71267013,-0.40953316,-0.62940797,0.03779219,-0.00460803,-0.19351348,0.98035850,-0.00559159,-0.38955793,3.06563520
83382184,83.37165832,2.91070289,2.81997251,0.13323123,0.00587302,-0.38091232,0.92459211,0.17039650,-0.45990796,0.08248794,0.03789282,-0.00450844,-0.19412220,0.98023471,-0.00587306,-0.39079000,3.06547975
83415100,83.40457916,3.54195261,1.82446851,1.14978551,0.00630552,-0.38193488,0.92416753,0.34647769,-0.72402215,-0.19198978,0.03789580,-0.00431019,-0.19467296,0.98012628,-0.00630556,-0.39189729,3.06555438
83448080,83.43755340,3.04753136,2.04976272,0.64204130,0.00751135,-0.38251562,0.92391834,0.72906088,-0.42436914,-0.38290266,0.03802423,-0.00373368,-0.19500467,0.98005781,-0.00751143,-0.39252920,3.06552910
83481040,83.47051239,3.04340100,2.02138447,0.55690660,0.00749158,-0.38373241,0.92341375,0.08137561,-0.41314258,-0.14118719,0.03803526,-0.00377150,-0.19564971,0.97992858,-0.00749165,-0.39384649,3.06549763
83514016,83.50348663,2.66728949,1.34070599,1.25170755,0.00789193,-0.38492627,0.92291345,0.17252798,-0.34651904,-0.30181968,0.03801060,-0.00358765,-0.19629145,0.97980194,-0.00789202,-0.39514098,3.06562304
83546936,83.53640747,2.28811335,1.59477796,1.20640885,0.00866373,-0.38599243,0.92246093,0.16955893,-0.21483764,-0.10288090,0.03803544,-0.00322173,-0.19687305,0.97968549,-0.00866384,-0.39629915,3.06572294
83579880,83.56935119,2.30503344,1.50031700,1.37414705,0.00836252,-0.38734698,0.92189579,0.00408866,-0.19248700,-0.00612426,0.03793667,-0.00338374,-0.19758674,0.97954502,-0.00836262,-0.39776697,3.06585907
83612820,83.60228729,2.02418208,1.26689577,1.26796174,0.00998926,-0.38750802,0.92181196,0.20216894,-0.06219900,0.00226027,0.03803664,-0.00257821,-0.19770498,0.97951984,-0.00998943,-0.39794793,3.06598210
83645736,83.63520812,2.01965236,0.78619756,1.30886363,0.01013176,-0.38549203,0.92265539,0.01867683,0.07006234,0.07172936,0.03798533,-0.00245316,-0.19663726,0.97973709,-0.01013194,-0.39576246,3.06612110
83678696,83.66816711,2.08027267,0.62392191,1.09516084,0.01176631,-0.38441543,0.92308521,0.17500126,0.09413225,-0.02562427,0.03808524,-0.00161793,-0.19609889,0.97984294,-0.01176658,-0.39460339,3.06624650
83711668,83.70113372,1.75345635,0.51533842,0.69160337,0.01328528,-0.38315038,0.92359037,0.18593347,0.17636328,-0.11109037,0.03820336,-0.00084139,-0.19545865,0.97996721,-0.01328567,-0.39324121,3.06630992
83744608,83.73407745,1.35709333,0.48016538,0.25367226,0.01396509,-0.38134061,0.92432909,0.10224585,0.30370390,-0.12354786,0.03827736,-0.00047226,-0.19451278,0.98015270,-0.01396554,-0.39128632,3.06629514
83777528,83.76699829,1.04986214,0.47896633,0.11790965,0.01358776,-0.37947187,0.92510337,-0.04703502,0.34871015,-0.12529867,0.03826021,-0.00062225,-0.19351451,0.98035087,-0.01358818,-0.38926326,3.06625676
83810484,83.79994964,0.82696628,0.49921746,0.09179633,0.01296321,-0.37768445,0.92584371,-0.10573666,0.36865124,0.01360941,0.03822127,-0.00089551,-0.19255489,0.98054113,-0.01296358,-0.38732852,3.06621503
83843424,83.83289337,0.78100156,0.41514854,0.03157581,0.01221077,-0.37594392,0.92656173,-0.14746468,0.37862946,0.06220776,0.03817180,-0.00123279,-0.19161813,0.98072614,-0.01221107,-0.38544549,3.06617093
83876404,83.86587524,0.71278715,0.30283460,0.20224502,0.01106969,-0.37438616,0.92720642,-0.24935092,0.38219866,0.01151431,0.03806690,-0.00176085,-0.19077083,0.98089447,-0.01106992,-0.38375959,3.06616544
83909364,83.89883422,0.64483919,0.29124350,0.25620367,0.01019552,-0.37270901,0.92789220,-0.17962911,0.40102930,0.00399256,0.03798355,-0.00215482,-0.18986633,0.98107252,-0.01019570,-0.38194756,3.06616973
83942288,83.93176269,0.48722662,0.13629555,0.24128177,0.00949719,-0.37100210,0.92858324,-0.14450695,0.42227163,-0.03405195,0.03791323,-0.00246127,-0.18895030,0.98125133,-0.00949733,-0.38010599,3.06618285
83975236,83.96470642,0.30509953,0.11258040,0.12070751,0.00918431,-0.36924016,0.92928829,-0.06826635,0.45908393,0.00772345,0.03788852,-0.00257929,-0.18801342,0.98143186,-0.00918444,-0.37820816,3.06617808
84008148,83.99761962,0.25686981,0.22902450,0.00346401,0.00870519,-0.36751041,0.92997856,-0.12174230,0.50129947,0.08418161,0.03786127,-0.00278206,-0.18709069,0.98160877,-0.00870530,-0.37634565,3.06614732
84041080,84.03055572,0.32841501,-0.01798622,0.02957734,0.00799910,-0.36583824,0.93064384,-0.18719830,0.49254722,-0.00217700,0.03780222,-0.00309541,-0.18619447,0.98178043,-0.00799918,-0.37454593,3.06613898
84074060,84.06353759,0.11484533,0.03730475,0.02771210,0.00741560,-0.36415781,0.93130741,-0.13925152,0.47450938,-0.04019415,0.03775688,-0.00334888,-0.18529687,0.98195114,-0.00741567,-0.37273926,3.06612706
84106988,84.09646606,0.03290811,0.05942113,-0.09805819,0.00684369,-0.36248602,0.93196392,-0.14624798,0.47234930,0.04850483,0.03772313,-0.00359882,-0.18440448,0.98211956,-0.00684374,-0.37094311,3.06609463
84139904,84.12937927,-0.02398162,-0.13749463,-0.09832466,0.00624043,-0.36083912,0.93260698,-0.15418964,0.46874928,-0.02245075,0.03768026,-0.00386350,-0.18352514,0.98228492,-0.00624047,-0.36917505,3.06607580
84172896,84.16236877,-0.15241653,0.16533997,-0.08007198,0.00549640,-0.35923960,0.93322906,-0.19153155,0.46983532,0.06213230,0.03763220,-0.00419975,-0.18266849,0.98244504,-0.00549643,-0.36745884,3.06604218
84205884,84.19535827,-0.03703828,-0.03543951,0.00905972,0.00465709,-0.35766520,0.93383827,-0.23366098,0.46459879,0.09570277,0.03756196,-0.00458081,-0.18182377,0.98260278,-0.00465711,-0.36577069,3.06603717
84238880,84.22835540,-0.02038438,-0.07194488,0.03437366,0.00401673,-0.35601570,0.93447103,-0.16295228,0.46319346,0.02646649,0.03750682,-0.00486206,-0.18094391,0.98276576,-0.00401674,-0.36400399,3.06603980
84271828,84.26129913,-0.01945176,0.11497856,0.00559571,0.00335982,-0.35435984,0.93510293,-0.16791059,0.45445747,0.11885214,0.03745834,-0.00515284,-0.18006084,0.98292837,-0.00335983,-0.36223158,3.06602692
84304752,84.29422760,0.07833998,-0.10138897,0.03050996,0.00274670,-0.35268294,0.93573856,-0.16192638,0.46864976,0.05547237,0.03740525,-0.00542012,-0.17916809,0.98309211,-0.00274671,-0.36043825,3.06603264
84337684,84.32714843,0.01025880,0.02171669,0.00319755,0.00206680,-0.35102951,0.93636217,-0.15929335,0.45234785,-0.02474105,0.03735190,-0.00572178,-0.17828686,0.98325271,-0.00206680,-0.35867116,3.06602764
84370632,84.36010742,-0.06794793,-0.01785299,-0.00666156,0.00139435,-0.34938619,0.93697767,-0.16863067,0.45168108,0.04935044,0.03729880,-0.00601993,-0.17741161,0.98341121,-0.00139435,-0.35691637,3.06602454
84403676,84.39315032,-0.06488361,-0.06568300,-0.03410720,0.00084316,-0.34770748,0.93760261,-0.13951504,0.45219964,0.06215322,0.03725730,-0.00625790,-0.17652052,0.98357162,-0.00084316,-0.35512506,3.06602096
84436652,84.42612457,-0.03384073,0.04409954,-0.05395865,0.00013383,-0.34606361,0.93821086,-0.18397171,0.45592689,0.08937705,0.03720657,-0.00657523,-0.17564523,0.98372812,-0.00013383,-0.35337231,3.06600856
84469612,84.45909118,0.05462480,-0.01505513,0.00532925,-0.00065583,-0.34443376,0.93881015,-0.19856291,0.43818373,0.06338710,0.03714220,-0.00693120,-0.17477632,0.98388280,0.00065583,-0.35163571,3.06601071
84502496,84.49196624,0.02131700,-0.00399694,0.04543185,-0.00138767,-0.34278426,0.93941316,-0.16951076,0.43140730,0.00663173,0.03707981,-0.00725781,-0.17389869,0.98403844,0.00138767,-0.34987945,3.06602048
84535404,84.52487945,-0.06901378,-0.05635682,0.04729709,-0.00197559,-0.34110474,0.94002304,-0.13498729,0.43143677,0.01114887,0.03702848,-0.00751278,-0.17300854,0.98419523,0.00197559,-0.34809267,3.06603455
84568384,84.55785369,-0.07114548,0.01572129,-0.03037672,-0.00254882,-0.33941740,0.94063224,-0.13441406,0.42974944,0.06083262,0.03698679,-0.00776185,-0.17211494,0.98435153,0.00254883,-0.34629867,3.06603264
84601388,84.59086608,-0.04170137,0.01878561,0.04036906,-0.00324178,-0.33775677,0.94122734,-0.17449259,0.43883099,0.10930974,0.03692896,-0.00806941,-0.17123370,0.98450479,0.00324178,-0.34453463,3.06604337
84634300,84.62377929,0.02358193,-0.06195252,0.04130168,-0.00391548,-0.33608164,0.94182453,-0.16014700,0.43862071,0.01545089,0.03687048,-0.00836683,-0.17034567,0.98465862,0.00391549,-0.34275629,3.06606006
84667232,84.65670776,-0.00666156,0.02424809,0.00213170,-0.00455795,-0.33439521,0.94242162,-0.14656509,0.42082099,0.04683619,0.03682018,-0.00864962,-0.16945276,0.98481216,0.00455797,-0.34096720,3.06606674
84700124,84.68959808,0.01438897,-0.00066616,0.03304135,-0.00524363,-0.33271737,0.94301176,-0.16150441,0.42719979,0.05357027,0.03676307,-0.00895337,-0.16856405,0.98496408,0.00524365,-0.33918859,3.06608080
84733032,84.72250366,-0.00146554,-0.01478867,0.01159112,-0.00590962,-0.33103470,0.94359960,-0.15302592,0.42551712,0.02661526,0.03670878,-0.00924756,-0.16767368,0.98511524,0.00590966,-0.33740618,3.06609368
84766008,84.75547790,-0.01865237,-0.02771210,0.01758652,-0.00655210,-0.32934565,0.94418649,-0.14432680,0.40942378,0.04629200,0.03665587,-0.00952996,-0.16678081,0.98526620,0.00655215,-0.33561801,3.06610894
84799000,84.78847503,-0.02131700,0.02611332,0.01891884,-0.00722122,-0.32766027,0.94476795,-0.15366744,0.41481847,0.07036877,0.03660172,-0.00982576,-0.16588987,0.98541574,0.00722128,-0.33383514,3.06612324
84831948,84.82142639,0.06928025,-0.00106585,0.00279786,-0.00785149,-0.32594742,0.94535522,-0.14351569,0.40675797,0.08052367,0.03655159,-0.01010204,-0.16498577,0.98556661,0.00785157,-0.33202443,3.06613731
84864876,84.85435485,0.02544717,-0.02531394,0.01598775,-0.00854533,-0.32426052,0.94592914,-0.15307576,0.40629177,0.02550638,0.03649437,-0.01040990,-0.16409456,0.98571434,0.00854543,-0.33024244,3.06615591
84897812,84.88728332,-0.00599541,0.00706126,0.01905207,-0.00912807,-0.32254159,0.94651126,-0.12417271,0.40579357,0.02297115,0.03644698,-0.01066251,-0.16318906,0.98586368,0.00912820,-0.32842757,3.06617450
84930704,84.92017364,-0.02278254,0.02784533,-0.01678714,-0.00980712,-0.32085099,0.94707889,-0.14961670,0.39848771,0.06317502,0.03639490,-0.01096374,-0.16229708,0.98600950,0.00980728,-0.32664415,3.06618738
84963680,84.95315551,0.02837825,0.00119908,0.00772741,-0.01043139,-0.31913404,0.94765205,-0.13947094,0.40702466,0.06284601,0.03634479,-0.01123704,-0.16139282,0.98615665,0.01043158,-0.32483396,3.06620669
84996624,84.98609924,0.04583154,0.02637979,0.00932619,-0.01114410,-0.31743814,0.94821319,-0.15413909,0.39287759,0.05276334,0.03628794,-0.01155449,-0.16049845,0.98630104,0.01114433,-0.32304754,3.06622600
85029536,85.01900482,0.05609035,-0.02371516,0.02171669,-0.01176371,-0.31571185,0.94878206,-0.13057028,0.39994037,0.01166719,0.03623627,-0.01182508,-0.15959034,0.98644714,0.01176398,-0.32122988,3.06625151
85062428,85.05190277,-0.00159877,0.01212404,-0.00159877,-0.01243621,-0.31400740,0.94933881,-0.13941925,0.39286481,0.01135451,0.03618310,-0.01212268,-0.15869312,0.98659019,0.01243654,-0.31943666,3.06627225
85095364,85.08483123,-0.04756355,-0.03317458,0.03037672,-0.01316022,-0.31232743,0.94988336,-0.15334367,0.39216141,0.01496041,0.03612190,-0.01244559,-0.15780820,0.98673038,0.01316060,-0.31767055,3.06630182
85128288,85.11775970,-0.08087137,-0.00892649,0.01518836,-0.01376296,-0.31061162,0.95043716,-0.12515306,0.38458623,0.04638904,0.03607213,-0.01270828,-0.15690720,0.98687248,0.01376339,-0.31586740,3.06632924
85161256,85.15072631,-0.03064318,0.03397396,-0.01332312,-0.01434547,-0.30887815,0.95099306,-0.12408227,0.38285276,0.09490538,0.03602739,-0.01296123,-0.15599776,0.98701486,0.01434597,-0.31404681,3.06635093
85194264,85.18373870,0.05982083,-0.01345635,-0.00492956,-0.01506877,-0.30717313,0.95153427,-0.15387654,0.37870633,0.06091690,0.03596985,-0.01328400,-0.15510115,0.98715410,0.01506934,-0.31225779,3.06637692
85227216,85.21669006,0.04822971,-0.01438897,-0.00186524,-0.01573052,-0.30544748,0.95207872,-0.13270698,0.37771310,0.01447397,0.03591662,-0.01357593,-0.15419536,0.98729391,0.01573117,-0.31044812,3.06640529
85260152,85.24962615,-0.00985911,0.02291577,0.00945942,-0.01635692,-0.30371661,0.95262184,-0.12451223,0.37744708,0.02638209,0.03586612,-0.01385035,-0.15328787,0.98743324,0.01635765,-0.30863382,3.06643486
85293088,85.28256225,-0.03637212,-0.00133231,-0.00386371,-0.01705119,-0.30201079,0.95315179,-0.14481403,0.38575103,0.03195560,0.03581099,-0.01415893,-0.15239268,0.98756942,0.01705202,-0.30684735,3.06646394
85326088,85.31555938,-0.00359724,0.01052527,0.00039969,-0.01769792,-0.30028150,0.95368652,-0.13366925,0.37645337,0.06242681,0.03575929,-0.01444357,-0.15148653,0.98770675,0.01769885,-0.30503706,3.06649494
85359056,85.34852600,0.00399694,0.02637979,0.00812710,-0.01838237,-0.29855957,0.95421390,-0.13957661,0.37546386,0.04847169,0.03570449,-0.01474700,-0.15058403,0.98784217,0.01838340,-0.30323596,3.06652736
85392000,85.38146972,0.04916233,-0.01705360,0.00972588,-0.01908576,-0.29683647,0.95473747,-0.13692009,0.35787162,0.03207892,0.03564696,-0.01505962,-0.14968106,0.98797674,0.01908692,-0.30143477,3.06656360
85424920,85.41439056,-0.02544717,0.01039204,0.01505513,-0.01976445,-0.29511415,0.95525741,-0.13087031,0.36298525,0.02252579,0.03559148,-0.01536013,-0.14877933,0.98811025,0.01976574,-0.29963539,3.06660056
85457800,85.44727325,-0.02864472,-0.02318224,0.01385605,-0.02035397,-0.29336552,0.95578346,-0.11465580,0.36734013,0.02737081,0.03554178,-0.01561597,-0.14786589,0.98824510,0.02035538,-0.29780900,3.06664085
85490752,85.48022460,-0.01052527,0.00999234,-0.00159877,-0.02097502,-0.29161951,0.95630445,-0.12428865,0.36925623,0.05492598,0.03549185,-0.01588780,-0.14695363,0.98837871,0.02097656,-0.29598660,3.06667780
85523692,85.51316833,0.01612098,-0.02011792,0.00519602,-0.02167244,-0.28989195,0.95681371,-0.13701897,0.35922789,0.03952420,0.03543501,-0.01619763,-0.14605020,0.98850955,0.02167413,-0.29418518,3.06671810
85556640,85.54611206,0.01492190,-0.01452220,0.01092496,-0.02232634,-0.28814838,0.95732555,-0.12318148,0.35333392,0.02485222,0.03538100,-0.01648561,-0.14513956,0.98864097,0.02232820,-0.29236764,3.06676054
85589612,85.57908630,0.01958499,0.00732772,-0.01225727,-0.02295417,-0.28639328,0.95783691,-0.12084467,0.35939133,0.03972172,0.03533130,-0.01676089,-0.14422380,0.98877201,0.02295619,-0.29053915,3.06679940
85622532,85.61199951,0.02118377,0.00972588,0.00772741,-0.02363098,-0.28465044,0.95834016,-0.12627136,0.34861528,0.03091764,0.03527635,-0.01706043,-0.14331400,0.98890123,0.02363317,-0.28872475,3.06684255
85655436,85.64491271,0.00599541,0.00119908,0.00679479,-0.02428796,-0.28290233,0.95884113,-0.11999915,0.34296092,0.02773118,0.03522284,-0.01735012,-0.14240222,0.98902978,0.02429034,-0.28690578,3.06688690
85688316,85.67779541,-0.00666156,-0.03410720,-0.02025115,-0.02487717,-0.28113679,0.95934495,-0.10988845,0.34998445,0.02893633,0.03517521,-0.01760615,-0.14148294,0.98915872,0.02487974,-0.28506925,3.06693053
85721340,85.71081542,-0.01758652,0.00053292,-0.02664625,-0.02554074,-0.27939143,0.95983753,-0.12167606,0.34091486,0.03357064,0.03512367,-0.01789961,-0.14057325,0.98928518,0.02554352,-0.28325524,3.06697201
85754340,85.74380493,-0.00306432,0.02264931,-0.00812710,-0.02629018,-0.27766883,0.96031684,-0.14143443,0.33675086,0.06287646,0.03506536,-0.01823597,-0.13967435,0.98940830,0.02629321,-0.28146662,3.06701564
85787320,85.77679443,0.04529862,-0.01412251,0.00572894,-0.02695153,-0.27590837,0.96080598,-0.12124183,0.33694353,0.04383266,0.03501090,-0.01852772,-0.13875777,0.98953380,0.02695480,-0.27963898,3.06706595
85820232,85.80970764,0.02011792,0.01931853,0.01079173,-0.02761465,-0.27414894,0.96129026,-0.12009043,0.34177589,0.02869999,0.03495672,-0.01882048,-0.13784213,0.98965797,0.02761817,-0.27781348,3.06711649
85853152,85.84262084,0.02304901,-0.00586217,0.01132465,-0.02830376,-0.27239668,0.96176843,-0.12159858,0.33147871,0.02065343,0.03490018,-0.01912622,-0.13693013,0.98978080,0.02830755,-0.27599649,3.06716918
85886096,85.87556457,-0.02757887,-0.00959265,0.01052527,-0.02888343,-0.27061867,0.96225309,-0.10002282,0.33702492,0.00527620,0.03485068,-0.01937726,-0.13600702,0.98990497,0.02888745,-0.27415304,3.06722450
85919052,85.90853118,-0.03357427,-0.02651302,-0.03450689,-0.02942211,-0.26883053,0.96273784,-0.09362477,0.32522702,0.04019189,0.03480750,-0.01960836,-0.13507963,0.99002895,0.02942637,-0.27229957,3.06727385
85952084,85.94155120,-0.03290811,0.03663859,-0.02344870,-0.03011676,-0.26708207,0.96320304,-0.12125043,0.31615433,0.06096691,0.03475415,-0.01991759,-0.13417062,0.99014835,0.03012131,-0.27048964,3.06732249
85985056,85.97452545,0.02438132,0.00519602,0.01039204,-0.03102412,-0.26540672,0.96363706,-0.16380010,0.31887352,0.02903873,0.03468356,-0.02033329,-0.13329639,0.99026031,0.03102910,-0.26875841,3.06737661
86017932,86.00740814,0.02651302,0.00679479,0.02704594,-0.03171781,-0.26364502,0.96409826,-0.11964938,0.32223877,0.03004235,0.03462539,-0.02064126,-0.13238146,0.99037885,0.03172312,-0.26693654,3.06743788
86050828,86.04030609,0.01398928,0.02598009,0.00786064,-0.03235401,-0.26186468,0.96456184,-0.10705028,0.31728460,0.03617060,0.03457287,-0.02092069,-0.13145822,0.99049758,0.03235967,-0.26509599,3.06749701
86083696,86.07316589,0.01665390,-0.00719449,0.00599541,-0.03298292,-0.26008174,0.96502285,-0.10593309,0.32502315,0.00909829,0.03452033,-0.02119646,-0.13053412,0.99061574,0.03298892,-0.26325359,3.06755828
86116648,86.10611724,-0.00519602,-0.01052527,0.00239816,-0.03363764,-0.25830876,0.96547651,-0.10747565,0.31714665,0.00229692,0.03446604,-0.02148526,-0.12961511,0.99073219,0.03364399,-0.26142253,3.06762051
86149676,86.13915252,-0.03663859,0.01598775,-0.00106585,-0.03422405,-0.25651810,0.96593332,-0.09687947,0.31120560,0.04236746,0.03441706,-0.02174005,-0.12868843,0.99084920,0.03423074,-0.25957360,3.06768250
86182644,86.17211151,0.00466309,0.00186524,0.00386371,-0.03488816,-0.25474193,0.96637935,-0.11306105,0.31089427,0.05315191,0.03436254,-0.02203363,-0.12776840,0.99096355,0.03489525,-0.25774135,3.06774616
86215536,86.20500946,0.03384073,0.01692037,0.00253139,-0.03557851,-0.25296676,0.96682052,-0.11456797,0.30814254,0.03708571,0.03430665,-0.02234037,-0.12684884,0.99107685,0.03558603,-0.25591120,3.06781029
86248448,86.23792266,0.03117611,0.02105054,0.00532925,-0.03638021,-0.25122985,0.96724338,-0.12890298,0.30005798,0.00980741,0.03424390,-0.02270316,-0.12594761,0.99118566,0.03638825,-0.25412259,3.06787419
86281348,86.27081298,0.02957734,0.03157581,0.03384073,-0.03703270,-0.24943823,0.96768207,-0.10505714,0.29680151,0.05477888,0.03418789,-0.02299062,-0.12502102,0.99129819,0.03704118,-0.25227694,3.06794619
86314292,86.30375671,0.04303369,0.00599541,0.01119142,-0.03759335,-0.24761865,0.96812801,-0.08838321,0.30596828,0.02064157,0.03413890,-0.02323220,-0.12408177,0.99141235,0.03760221,-0.25040242,3.06801748
86347248,86.33672332,0.02637979,0.00159877,0.00079939,-0.03827948,-0.24583704,0.96855497,-0.10527520,0.29027061,0.01752901,0.03408290,-0.02353696,-0.12316048,0.99152193,0.03828884,-0.24856920,3.06808710
86380164,86.36962890,0.00306432,0.03730475,0.00572894,-0.03892398,-0.24404261,0.96898279,-0.09974790,0.29873010,0.01832187,0.03402974,-0.02382091,-0.12223358,0.99163160,0.03893382,-0.24672322,3.06815767
86413000,86.40247344,-0.00919296,0.00000000,0.00186524,-0.03966045,-0.24228076,0.96939516,-0.11341572,0.28817920,0.01693297,0.03397071,-0.02415118,-0.12132236,0.99173765,0.03967085,-0.24491264,3.06822896
86445892,86.43536376,-0.00759418,0.00373047,0.03290811,-0.04032045,-0.24049065,0.96981344,-0.10176939,0.28834220,0.03433692,0.03391341,-0.02444267,-0.12039823,0.99184503,0.04033139,-0.24307296,3.06830811
86478780,86.46825408,0.01012557,0.04276723,0.03490658,-0.04107758,-0.23872623,0.97021770,-0.11541656,0.28071844,0.03710651,0.03385115,-0.02478306,-0.11948616,0.99194908,0.04108914,-0.24126164,3.06838583
86511672,86.50114440,0.05675650,0.01825268,0.04276723,-0.04162354,-0.23688902,0.97064447,-0.08288818,0.29182066,0.03545904,0.03379998,-0.02501711,-0.11854035,0.99205837,0.04163558,-0.23937401,3.06847000
86544544,86.53401947,0.05715620,0.00706126,-0.00226493,-0.04228798,-0.23508479,0.97105426,-0.09711631,0.28366875,0.00306684,0.03374555,-0.02531116,-0.11760991,0.99216346,0.04230061,-0.23752238,3.06854653
86577468,86.56694030,0.01199081,-0.00479632,-0.00239816,-0.04283156,-0.23325297,0.97147235,-0.07948289,0.28110454,0.02608621,0.03369766,-0.02554465,-0.11666748,0.99227046,0.04284467,-0.23564193,3.06862616
86610464,86.59993743,0.01052527,0.03024349,-0.01785299,-0.04346887,-0.23144412,0.97187652,-0.09715613,0.28661990,0.03764492,0.03364631,-0.02582546,-0.11573574,0.99237403,0.04348257,-0.23378696,3.06870198
86643392,86.63286590,0.03743798,0.04196784,-0.00479632,-0.04426812,-0.22968373,0.97225770,-0.12223579,0.27948842,0.03286928,0.03358513,-0.02618767,-0.11482677,0.99247198,0.04428260,-0.23198437,3.06877827
86676340,86.66580963,0.06475038,0.00026646,0.01039204,-0.04503545,-0.22790722,0.97264041,-0.11097041,0.27038769,0.01222283,0.03352375,-0.02653356,-0.11391041,0.99257049,0.04505069,-0.23016562,3.06886053
86709204,86.69866943,0.01931853,0.02158346,0.01265697,-0.04572939,-0.22610962,0.97302761,-0.09538389,0.27029907,-0.00745147,0.03346620,-0.02684262,-0.11298466,0.99266996,0.04574535,-0.22832515,3.06894540
86742136,86.73160552,0.00732772,0.01638744,0.01478867,-0.04643750,-0.22431745,0.97340879,-0.10615040,0.27583110,0.04050725,0.03340765,-0.02715889,-0.11206184,0.99276790,0.04645422,-0.22649126,3.06903171
86775052,86.76452636,0.00692802,0.00253139,0.01918530,-0.04709440,-0.22250776,0.97379245,-0.09304231,0.27182416,0.01351219,0.03335118,-0.02744937,-0.11113117,0.99286642,0.04711184,-0.22463955,3.06912136
86807984,86.79745483,0.02211639,-0.00706126,0.00173201,-0.04777262,-0.22070169,0.97417049,-0.09529379,0.26757669,0.01264590,0.03329473,-0.02775074,-0.11020233,0.99296360,0.04779082,-0.22279253,3.06920957
86840936,86.83040618,0.01758652,0.00799387,-0.00492956,-0.04843440,-0.21888875,0.97454681,-0.09487616,0.27186727,0.02179110,0.03324010,-0.02804398,-0.10927052,0.99306011,0.04845336,-0.22093911,3.06929731
86873844,86.86331176,0.00519602,-0.00093262,0.00386371,-0.04906651,-0.21706762,0.97492256,-0.08545497,0.26052465,0.01262623,0.03318600,-0.02832229,-0.10833530,0.99315652,0.04908622,-0.21907765,3.06938862
86906740,86.89620971,-0.01065850,-0.00333078,-0.01159112,-0.04980904,-0.21528472,0.97528028,-0.10424370,0.26264801,0.01495409,0.03312736,-0.02865648,-0.10741828,0.99324855,0.04982965,-0.21725738,3.06947684
86939724,86.92919921,0.01159112,-0.00746095,0.00426340,-0.05057418,-0.21350471,0.97563199,-0.10738481,0.25305552,0.03803986,0.03306606,-0.02900190,-0.10650278,0.99333915,0.05059576,-0.21544103,3.06956911
86972648,86.96212005,0.01705360,0.00279786,0.00919296,-0.05129099,-0.21170411,0.97598667,-0.09934378,0.26297366,0.01131797,0.03300713,-0.02932296,-0.10557781,0.99343032,0.05131351,-0.21360380,3.06966376
87005572,86.99504089,0.00652833,0.00492956,0.01452220,-0.05201729,-0.20990686,0.97633657,-0.09666435,0.25165491,0.01243299,0.03294706,-0.02964883,-0.10465471,0.99352035,0.05204079,-0.21177079,3.06976079
87038520,87.02799224,-0.00706126,0.00599541,0.00972588,-0.05260384,-0.20806674,0.97669878,-0.07605827,0.24517612,0.03233438,0.03289424,-0.02990444,-0.10371208,0.99361324,0.05262814,-0.20989301,3.06986069
87071440,87.06091308,0.01638744,-0.01398928,0.00879326,-0.05323307,-0.20623440,0.97705335,-0.08446225,0.25188870,0.02856189,0.03283920,-0.03018154,-0.10277310,0.99370422,0.05325826,-0.20802438,3.06996130
87104328,87.09380340,-0.00959265,-0.00053292,0.01092496,-0.05390819,-0.20441870,0.97739791,-0.08647268,0.25251441,-0.00913620,0.03278169,-0.03048186,-0.10184226,0.99379291,0.05393433,-0.20617394,3.07006263
87137272,87.12674713,-0.01012557,0.00799387,0.01039204,-0.05471656,-0.20264949,0.97772150,-0.10641626,0.23829402,0.02887029,0.03271820,-0.03084955,-0.10093348,0.99387636,0.05474390,-0.20437331,3.07016181
87170136,87.15960693,0.00000000,-0.00666156,0.01225727,-0.05543129,-0.20084290,0.97805385,-0.09129723,0.23819642,0.02096957,0.03265851,-0.03116994,-0.10000735,0.99396190,0.05545973,-0.20253400,3.07026553
87203008,87.19248199,0.01638744,-0.01865237,0.00253139,-0.05596662,-0.19897948,0.97840414,-0.06781268,0.24072751,0.02867598,0.03260815,-0.03140008,-0.09905506,0.99405164,0.05599588,-0.20063524,3.07037186
87235976,87.22544860,0.01732006,0.03530628,-0.00239816,-0.05674315,-0.19718750,0.97872200,-0.09901857,0.23722655,0.01956898,0.03254755,-0.03175193,-0.09813601,0.99413356,0.05677365,-0.19881288,3.07047295
87268936,87.25840759,0.03597244,0.00945942,0.03344104,-0.05743040,-0.19535984,0.97904872,-0.08685671,0.23271336,0.03682041,0.03248756,-0.03205838,-0.09720046,0.99421777,0.05746202,-0.19695369,3.07058429
87301856,87.29132843,0.03410720,-0.00692802,0.00945942,-0.05796175,-0.19348762,0.97938880,-0.06069058,0.23059699,-0.00355870,0.03243658,-0.03228660,-0.09624467,0.99430484,0.05799427,-0.19504790,3.07069563
87334748,87.32422637,0.01412251,0.00866003,0.00492956,-0.05866884,-0.19166839,0.97970428,-0.08610656,0.23073089,0.01345974,0.03237812,-0.03260353,-0.09531364,0.99438610,0.05870256,-0.19319879,3.07080388
87367664,87.35713958,-0.00506279,0.01492190,0.01132465,-0.05951147,-0.18990283,0.97999744,-0.10406275,0.22652392,0.01316661,0.03231324,-0.03298907,-0.09440828,0.99446191,0.05954666,-0.19140666,3.07091116
87400572,87.39004516,0.00586217,-0.02504747,0.04916233,-0.06003825,-0.18803025,0.98032646,-0.06447347,0.22806932,0.03944897,0.03225825,-0.03321490,-0.09345334,0.99454641,0.06007437,-0.18950224,3.07103419
87433528,87.42299652,0.04130168,0.00293109,-0.00959265,-0.06066076,-0.18617607,0.98064193,-0.07288416,0.22352960,0.01813740,0.03220441,-0.03348942,-0.09250652,0.99462747,0.06069804,-0.18761835,3.07114601
87466504,87.45597839,0.02105054,0.00892649,0.01159112,-0.06127755,-0.18432163,0.98095397,-0.07007011,0.21947786,0.01343083,0.03214923,-0.03376103,-0.09155999,0.99470767,0.06131596,-0.18573472,3.07126212
87499436,87.48891448,0.00492956,0.00146554,0.01065850,-0.06194499,-0.18248463,0.98125514,-0.07843587,0.22520925,0.01044410,0.03209168,-0.03405831,-0.09062191,0.99478521,0.06198468,-0.18387010,3.07137870
87532364,87.52184295,0.01665390,0.00066616,-0.00572894,-0.06265496,-0.18065902,0.98154792,-0.07919075,0.21166489,0.00917476,0.03203372,-0.03437723,-0.08968923,0.99486064,0.06269603,-0.18201809,3.07149291
87565280,87.55474853,0.02291577,0.02424809,0.00572894,-0.06338160,-0.17883533,0.98183517,-0.08627661,0.21692128,0.03549880,0.03197450,-0.03470456,-0.08875760,0.99493474,0.06342411,-0.18016883,3.07160925
87598164,87.58763122,0.04103522,-0.00826034,0.01345635,-0.06409590,-0.17700475,0.98212051,-0.07677325,0.20434851,0.00616074,0.03191444,-0.03502560,-0.08782294,0.99500837,0.06413988,-0.17831294,3.07172989
87631100,87.62057495,0.00972588,0.03344104,-0.00106585,-0.06468239,-0.17513639,0.98241682,-0.06324730,0.20785124,0.02100116,0.03186141,-0.03528246,-0.08687107,0.99508447,0.06472759,-0.17641768,3.07185053
87664080,87.65354919,0.01798622,-0.01438897,0.00186524,-0.06527609,-0.17326967,0.98270874,-0.06436259,0.20622866,0.01875615,0.03180711,-0.03554296,-0.08592021,0.99515953,0.06532254,-0.17452466,3.07197403
87697060,87.68653106,0.02931087,0.02784533,0.00373047,-0.06601320,-0.17144377,0.98297977,-0.08144775,0.20635588,0.01921749,0.03174746,-0.03587591,-0.08498835,0.99522962,0.06606124,-0.17267538,3.07209515
87729984,87.71945953,0.01039204,0.03437366,-0.00359724,-0.06671583,-0.16960749,0.98325061,-0.07366503,0.20598444,-0.00473499,0.03169000,-0.03619164,-0.08405193,0.99529943,0.06676544,-0.17081573,3.07221651
87762884,87.75234985,-0.01585452,-0.01252374,-0.00306432,-0.06742045,-0.16777813,0.98351650,-0.07515769,0.20146954,0.00964761,0.03163139,-0.03650851,-0.08311925,0.99536809,0.06747164,-0.16896357,3.07234096
87795904,87.78537750,-0.02091731,-0.00905972,-0.00253139,-0.06815913,-0.16596047,0.98377380,-0.07710455,0.19525735,0.01085508,0.03157172,-0.03684271,-0.08219230,0.99543457,0.06821202,-0.16712426,3.07246541
87828956,87.81843566,0.01452220,0.03370750,0.00026646,-0.06880836,-0.16410261,0.98404035,-0.07206079,0.19999128,0.05038351,0.03151554,-0.03713167,-0.08124643,0.99550333,0.06886278,-0.16524350,3.07259321
87861904,87.85137939,0.04796324,-0.03290811,0.03277488,-0.06967950,-0.16232652,0.98427362,-0.09242988,0.19406480,0.00034553,0.03144781,-0.03753274,-0.08033933,0.99556407,0.06973602,-0.16344886,3.07272362
87894828,87.88430023,0.01545482,0.00999234,0.01292343,-0.07033265,-0.16046857,0.98453149,-0.06028259,0.18488264,-0.01089871,0.03138994,-0.03782376,-0.07939391,0.99563055,0.07039079,-0.16156902,3.07285690
87927744,87.91721343,0.01692037,0.02984380,0.00373047,-0.07105057,-0.15863010,0.98477821,-0.07494553,0.19232151,0.02791709,0.03133070,-0.03814766,-0.07845766,0.99569444,0.07111049,-0.15971015,3.07298803
87960648,87.95011901,0.01732006,-0.00039969,0.02917764,-0.07176291,-0.15678982,0.98502120,-0.07130350,0.19267849,0.00008619,0.03126912,-0.03846868,-0.07752093,0.99575738,0.07182468,-0.15784984,3.07312560
87993516,87.98299407,0.02837825,-0.01132465,0.00000000,-0.07236530,-0.15491241,0.98527402,-0.05580853,0.18347686,-0.00334042,0.03121374,-0.03873440,-0.07656702,0.99582252,0.07242863,-0.15595104,3.07326221
88026424,88.01589965,-0.01452220,0.03597244,0.01039204,-0.07297524,-0.15304102,0.98552141,-0.05934898,0.18184962,0.03059185,0.03115751,-0.03900408,-0.07561630,0.99588642,0.07304019,-0.15405888,3.07340073
88059388,88.04886627,0.03943645,-0.00759418,0.02624655,-0.07368698,-0.15119423,0.98575372,-0.07060013,0.18097939,0.02669746,0.03109606,-0.03932505,-0.07467696,0.99594669,0.07375384,-0.15219328,3.07354187
88092348,88.08182525,0.04556508,0.00093262,0.00652833,-0.07434051,-0.14932560,0.98598928,-0.06213410,0.18497014,0.00107127,0.03103826,-0.03961679,-0.07372752,0.99600763,0.07440917,-0.15030531,3.07368230
88125232,88.11470031,0.01145789,0.01665390,0.01345635,-0.07504174,-0.14747686,0.98621454,-0.06558326,0.18336553,-0.00623405,0.03097845,-0.03993282,-0.07278772,0.99606599,0.07511236,-0.14843838,3.07382345
88158152,88.14762115,0.01345635,0.02158346,0.00599541,-0.07579538,-0.14564561,0.98642883,-0.07459526,0.17884874,0.03041691,0.03091775,-0.04027552,-0.07185626,0.99612159,0.07586815,-0.14659025,3.07396292
88191084,88.18055725,0.05009494,0.01092496,0.01039204,-0.07630177,-0.14373190,0.98667049,-0.04698925,0.17864401,0.01992130,0.03086428,-0.04049327,-0.07088666,0.99618396,0.07637602,-0.14465613,3.07411098
88223968,88.21343994,0.02398162,-0.00985911,-0.00293109,-0.07701364,-0.14188385,0.98688297,-0.06092581,0.17142487,-0.02155089,0.03080523,-0.04081507,-0.06994768,0.99623918,0.07708997,-0.14279126,3.07425332
88257000,88.24647521,0.00905972,0.02011792,-0.01172435,-0.07782801,-0.14007542,0.98707723,-0.07353919,0.16400120,0.01707316,0.03074417,-0.04118901,-0.06902749,0.99628982,0.07790680,-0.14096802,3.07439184
88289964,88.27944183,0.02931087,0.03130934,0.02877795,-0.07847338,-0.13819927,0.98729047,-0.05775709,0.16554302,0.02833456,0.03068472,-0.04147717,-0.06807574,0.99634513,0.07855417,-0.13907468,3.07454347
88322876,88.31235504,0.05036140,-0.01012557,0.00373047,-0.07917585,-0.13634054,0.98749284,-0.05974017,0.16197531,0.00298566,0.03062525,-0.04179441,-0.06713214,0.99639778,0.07925882,-0.13719995,3.07469153
88355796,88.34526062,0.01612098,0.02744564,0.00452986,-0.07986711,-0.13448065,0.98769197,-0.05807235,0.16231268,0.00254238,0.03056619,-0.04210618,-0.06618831,0.99644947,0.07995227,-0.13532431,3.07484078
88388728,88.37819671,0.02744564,0.00373047,0.00959265,-0.08065176,-0.13265420,0.98787536,-0.06729746,0.15975380,0.00553286,0.03050407,-0.04246532,-0.06526032,0.99649734,0.08073946,-0.13348382,3.07498955
88421660,88.41113281,0.01891884,0.01945176,0.00599541,-0.08136904,-0.13080182,0.98806362,-0.05925596,0.15912213,-0.00027066,0.03044403,-0.04279047,-0.06432033,0.99654655,0.08145911,-0.13161669,3.07514119
88454636,88.44411468,0.02131700,0.00053292,0.01065850,-0.08206100,-0.12894032,0.98825082,-0.05856400,0.15921375,0.01052845,0.03038411,-0.04310288,-0.06337630,0.99659528,0.08215340,-0.12974036,3.07529592
88487568,88.47704315,0.02944411,0.02105054,-0.00013323,-0.08269018,-0.12705518,0.98844270,-0.05451685,0.15928174,0.02840299,0.03032691,-0.04338368,-0.06242131,0.99664516,0.08278472,-0.12783975,3.07545161
88520488,88.50995635,0.03464012,0.00346401,0.01438897,-0.08346735,-0.12522135,0.98861160,-0.06204047,0.15378581,-0.00985181,0.03026444,-0.04373945,-0.06149049,0.99668941,0.08356457,-0.12599294,3.07560706
88553384,88.54285430,0.00626187,0.02891118,0.00839357,-0.08412191,-0.12334601,0.98879175,-0.05162028,0.14898076,0.01438206,0.03020584,-0.04403334,-0.06054052,0.99673643,0.08422144,-0.12410311,3.07576584
88586288,88.57575988,0.03357427,-0.00826034,0.00519602,-0.08475334,-0.12145993,0.98897085,-0.05269784,0.15295407,0.02421278,0.03014757,-0.04431560,-0.05958564,0.99678297,0.08485516,-0.12220250,3.07592701
88619184,88.60865783,0.02291577,-0.00679479,-0.00639510,-0.08547745,-0.11960675,0.98913478,-0.05417098,0.14865947,-0.01818752,0.03008804,-0.04464498,-0.05864624,0.99682598,0.08558189,-0.12033634,3.07608461
88652184,88.64165496,0.00306432,0.03104288,0.01052527,-0.08628742,-0.11778719,0.98928279,-0.06410321,0.14391022,0.01511174,0.03002539,-0.04501799,-0.05772287,0.99686498,0.08639486,-0.11850534,3.07624292
88685104,88.67457580,0.03450689,0.00492956,0.02264931,-0.08690695,-0.11589403,0.98945226,-0.04737040,0.14030808,0.02373135,0.02996575,-0.04529448,-0.05676517,0.99690933,0.08701673,-0.11659821,3.07641148
88718004,88.70747375,0.03743798,0.00572894,0.01092496,-0.08761251,-0.11402838,0.98960676,-0.05325663,0.14552252,-0.00230205,0.02990514,-0.04561470,-0.05582034,0.99694986,0.08772500,-0.11472003,3.07657670
88750888,88.74035644,0.01891884,0.02451455,0.01665390,-0.08827522,-0.11214931,0.98976278,-0.04722283,0.13778406,0.00266886,0.02984505,-0.04591335,-0.05486948,0.99699087,0.08839026,-0.11282806,3.07674527
88783788,88.77326202,0.02757887,0.01452220,0.00839357,-0.08894051,-0.11026962,0.98991403,-0.04875480,0.13468368,0.01985163,0.02978560,-0.04621347,-0.05391843,0.99703044,0.08905821,-0.11093579,3.07691359
88816696,88.80616760,0.01931853,0.01039204,0.00146554,-0.08957180,-0.10838018,0.99006576,-0.04519382,0.13987431,-0.00056386,0.02972745,-0.04649658,-0.05296303,0.99707021,0.08969202,-0.10903353,3.07708287
88849612,88.83908843,0.01318989,0.00506279,0.00146554,-0.09044642,-0.10658630,0.99018087,-0.06775671,0.13734800,0.01421368,0.02966428,-0.04690329,-0.05205269,0.99710092,0.09057024,-0.10723036,3.07724523
88882520,88.87199401,0.01878561,0.01492190,0.01438897,-0.09108897,-0.10469870,0.99032344,-0.04465322,0.12740375,0.02066290,0.02960450,-0.04719227,-0.05109846,0.99713850,0.09121542,-0.10533045,3.07741951
88915424,88.90489959,0.04156814,0.00000000,0.01758652,-0.09164853,-0.10278264,0.99047279,-0.03701358,0.13378849,-0.00756264,0.02954607,-0.04743933,-0.05013115,0.99717769,0.09177733,-0.10340120,3.07759809
88948308,88.93777465,0.01079173,0.02264931,0.00519602,-0.09241588,-0.10093982,0.99059085,-0.05235951,0.12852770,0.00135249,0.02948457,-0.04779190,-0.04919809,0.99720916,0.09254795,-0.10154809,3.07776927
88981204,88.97067260,0.01985145,0.01185758,0.00786064,-0.09312594,-0.09907374,0.99071283,-0.04945219,0.12837061,0.01343757,0.02942400,-0.04811553,-0.04825422,0.99724149,0.09326108,-0.09967111,3.07794404
89014076,89.00355529,0.03144257,0.01545482,-0.00159877,-0.09386306,-0.09721517,0.99082698,-0.04847092,0.12065267,0.01234680,0.02936367,-0.04845303,-0.04731390,0.99727182,0.09400147,-0.09780215,3.07811784
89046968,89.03643798,0.02797856,0.00839357,0.01438897,-0.09470752,-0.09540146,0.99092311,-0.05250928,0.11420029,0.00102019,0.02930032,-0.04884513,-0.04639492,0.99729785,0.09484970,-0.09597953,3.07829141
89079836,89.06931304,0.03823736,0.01732006,0.01598775,-0.09519153,-0.09346312,0.99106130,-0.03176159,0.12129515,0.02187812,0.02924287,-0.04905469,-0.04541813,0.99733409,0.09533590,-0.09402800,3.07847857
89112700,89.10217285,0.05289280,0.00213170,-0.00413017,-0.09595560,-0.09161096,0.99116077,-0.04808737,0.11871057,-0.00190300,0.02918231,-0.04940625,-0.04448108,0.99736089,0.09610348,-0.09216609,3.07865500
89145612,89.13508605,0.03837059,0.00466309,0.00359724,-0.09670816,-0.08975596,0.99125728,-0.04611411,0.12051768,-0.01542717,0.02912122,-0.04975211,-0.04354292,0.99738683,0.09685956,-0.09030133,3.07883453
89178568,89.16803741,0.00226493,0.02211639,-0.01199081,-0.09747224,-0.08791052,0.99134769,-0.05023283,0.11964880,0.01280266,0.02906125,-0.05010411,-0.04260948,0.99741125,0.09762727,-0.08844641,3.07901215
89211484,89.20095825,0.03157581,0.00346401,0.01438897,-0.09812918,-0.08602092,0.99144897,-0.04444894,0.12264201,0.02002567,0.02900050,-0.05040173,-0.04165548,0.99743843,0.09828737,-0.08654609,3.07919979
89244344,89.23381805,0.02264931,0.02797856,0.00559571,-0.09867066,-0.08409673,0.99156007,-0.03243285,0.11388189,0.01161373,0.02894225,-0.05064109,-0.04068572,0.99746789,0.09883150,-0.08461007,3.07939052
89277212,89.26668548,0.03557274,0.01185758,-0.01865237,-0.09919253,-0.08216601,0.99167013,-0.02678403,0.09461718,0.01540995,0.02888627,-0.05087074,-0.03971293,0.99749717,0.09935592,-0.08266736,3.07957887
89310100,89.29956817,0.02664625,0.01732006,-0.01252374,-0.10002140,-0.08034262,0.99173603,-0.04792782,0.10768637,-0.00321060,0.02882586,-0.05125621,-0.03879018,0.99751539,0.10018897,-0.08083557,3.07975840
89343008,89.33248138,0.02078407,0.01145789,0.00159877,-0.10098929,-0.07858875,0.99177846,-0.05794625,0.10227038,0.01286018,0.02876291,-0.05171261,-0.03790066,0.99752788,0.10116176,-0.07907499,3.07993507
89375880,89.36534881,0.04916233,-0.00786064,0.03104288,-0.10195611,-0.07683027,0.99181737,-0.05893256,0.10270918,0.01672751,0.02869734,-0.05216848,-0.03700910,0.99753952,0.10213360,-0.07730973,3.08011889
89408768,89.39823913,0.04876263,0.00466309,0.02797856,-0.10260676,-0.07493295,0.99189567,-0.03826238,0.11399545,-0.00263786,0.02863510,-0.05246369,-0.03605210,0.99756097,0.10278766,-0.07540198,3.08031773
89441708,89.43118286,0.04250077,0.01505513,0.00826034,-0.10287263,-0.07295016,0.99201564,-0.01529143,0.10688570,0.01579684,0.02857973,-0.05256478,-0.03505718,0.99759254,0.10305497,-0.07340517,3.08052349
89474640,89.46411132,0.06301837,-0.01891884,-0.00159877,-0.10341380,-0.07101845,0.99209966,-0.02842214,0.10519813,-0.00674814,0.02852136,-0.05280495,-0.03408443,0.99761533,0.10359903,-0.07146208,3.08072257
89507588,89.49705505,0.01425574,0.00786064,-0.00679479,-0.10383334,-0.06906491,0.99219398,-0.01799283,0.09225827,-0.01050448,0.02846463,-0.05298393,-0.03310239,0.99764060,0.10402083,-0.06949618,3.08092498
89540472,89.52994537,0.02011792,-0.00479632,-0.03011026,-0.10456509,-0.06720250,0.99224472,-0.03679234,0.08868687,0.01630020,0.02840678,-0.05332120,-0.03216198,0.99765491,0.10475660,-0.06762447,3.08111429
89573384,89.56285858,0.02931087,0.00146554,-0.01585452,-0.10541032,-0.06538568,0.99227695,-0.04620100,0.09541498,0.01407075,0.02834684,-0.05371624,-0.03124311,0.99766473,0.10560653,-0.06579946,3.08130264
89606260,89.59572601,0.01732006,0.03450689,0.00039969,-0.10658077,-0.06375682,0.99225730,-0.07164189,0.09818065,0.00749850,0.02828480,-0.05427757,-0.03041430,0.99766149,0.10678364,-0.06416611,3.08147525
89639124,89.62859344,0.04156814,-0.01851914,0.02611332,-0.10692118,-0.06178278,0.99234600,-0.01539328,0.09083551,0.00008559,0.02822538,-0.05441702,-0.02942355,0.99768552,0.10712596,-0.06217905,3.08169126
89672052,89.66152191,0.03837059,-0.01332312,0.01025880,-0.10736877,-0.05982978,0.99241743,-0.02202577,0.09254464,0.00855917,0.02816609,-0.05461081,-0.02844199,0.99770507,0.10757614,-0.06021404,3.08190298
89704980,89.69445037,0.02544717,-0.04050230,0.01025880,-0.10761530,-0.05784542,0.99250831,-0.01006048,0.08494504,-0.00325054,0.02810883,-0.05470337,-0.02744739,0.99772949,0.10782411,-0.05821619,3.08211946
89737912,89.72738647,0.03583920,-0.02624655,0.01398928,-0.10824478,-0.05594294,0.99254884,-0.03433334,0.09573786,0.02014649,0.02804766,-0.05498955,-0.02648897,0.99774131,0.10845731,-0.05630333,3.08232808
89770812,89.76028442,0.05422511,-0.02891118,0.00626187,-0.10858584,-0.05396618,0.99262094,-0.01348448,0.08375134,-0.00751352,0.02798978,-0.05513001,-0.02549711,0.99776096,0.10880039,-0.05431390,3.08254384
89803628,89.79310607,0.04556508,-0.02904441,0.00000000,-0.10951958,-0.05219237,0.99261331,-0.04428901,0.08075683,0.00933981,0.02792911,-0.05557126,-0.02459921,0.99776077,0.10973973,-0.05253239,3.08273768
89836456,89.82592773,0.02997703,-0.03757121,0.03210873,-0.11039896,-0.05039333,0.99260873,-0.03681785,0.07236599,0.00763541,0.02786559,-0.05598493,-0.02368964,0.99776134,0.11062446,-0.05072503,3.08294177
89869392,89.85886383,0.04849617,-0.01771975,0.02078407,-0.11025215,-0.04839641,0.99272460,0.00405097,0.07915813,0.02021486,0.02781166,-0.05588063,-0.02269418,0.99779195,0.11047675,-0.04871253,3.08316659
89902304,89.89177703,0.04649770,-0.00199847,0.00413017,-0.11061027,-0.04642217,0.99277896,-0.01683115,0.07986944,0.02113700,0.02775335,-0.05603034,-0.02170365,0.99780721,0.11083707,-0.04672579,3.08338570
89935264,89.92473602,0.07540888,-0.00213170,0.00306432,-0.11071994,-0.04441522,0.99285869,-0.00329374,0.07249140,-0.00335669,0.02769742,-0.05605502,-0.02069998,0.99782867,0.11094744,-0.04470488,3.08360862
89968220,89.95769500,0.03330781,0.07940582,-0.01998469,-0.11167435,-0.04264537,0.99282922,-0.03944870,0.08097546,-0.02871788,0.02763994,-0.05650758,-0.01980394,0.99782285,0.11190781,-0.04292700,3.08380150
90001108,89.99057769,-0.01518836,0.19971363,-0.03717151,-0.11243038,-0.04078351,0.99282188,-0.03063603,0.08619367,-0.02089810,0.02758353,-0.05685935,-0.01886445,0.99782257,0.11266864,-0.04105529,3.08400368
90034056,90.02352905,-0.02398162,0.30656509,-0.06408423,-0.11313188,-0.03889711,0.99281826,-0.03481734,0.08528384,0.04429114,0.02752971,-0.05718355,-0.01791330,0.99782323,0.11337460,-0.03915845,3.08420467
90066980,90.05644989,0.04116845,0.17693108,-0.05555743,-0.11357012,-0.03693354,0.99284305,-0.01533613,0.06623042,0.01374871,0.02747563,-0.05737460,-0.01692709,0.99783096,0.11381572,-0.03718263,3.08441734
90099912,90.08938598,0.07607503,0.08859878,-0.04330015,-0.11385321,-0.03494012,0.99288263,-0.00943781,0.06081903,0.01151192,0.02742160,-0.05748742,-0.01592803,0.99784221,0.11410067,-0.03517607,3.08463549
90132868,90.12233734,0.05982083,0.09059724,-0.08779939,-0.11358070,-0.03295743,0.99298181,0.01275062,0.06347501,-0.02862638,0.02737647,-0.05732157,-0.01494130,0.99786844,0.11382634,-0.03317819,3.08484601
90165796,90.15526580,-0.01585452,0.16880397,-0.19092036,-0.11433850,-0.03110211,0.99295463,-0.02115955,0.05869000,-0.01492733,0.02733426,-0.05767531,-0.01400448,0.99786272,0.11458913,-0.03131255,3.08502459
90198756,90.18822479,-0.02504747,0.30216846,-0.19691576,-0.11564462,-0.02955917,0.99285039,-0.05745109,0.06837753,0.01129997,0.02729672,-0.05830916,-0.01321651,0.99783763,0.11590397,-0.02976324,3.08516764
90231692,90.22116851,0.05355895,0.22369525,-0.17280091,-0.11732532,-0.02843536,0.99268617,-0.08653210,0.05529083,0.02513606,0.02726659,-0.05913738,-0.01263303,0.99779739,0.11759618,-0.02863703,3.08526682
90264584,90.25405883,0.04143491,0.14015926,-0.15001838,-0.11865812,-0.02692791,0.99256973,-0.04711337,0.05598064,-0.01551896,0.02722587,-0.05978539,-0.01186271,0.99776926,0.11893836,-0.02712284,3.08541774
90297520,90.28699493,0.04090198,0.18985451,-0.17613170,-0.12042816,-0.02596949,0.99238224,-0.07512848,0.03890893,0.01811576,0.02720027,-0.06066122,-0.01136061,0.99772300,0.12072117,-0.02616286,3.08550024
90330452,90.31992340,0.06728178,0.08220368,-0.15254976,-0.12223285,-0.02511595,0.99218349,-0.08382184,0.03707884,0.02075595,0.02717558,-0.06155611,-0.01091053,0.99767389,0.12253930,-0.02530841,3.08557558
90363432,90.35290527,0.09486064,-0.16547319,-0.08247014,-0.12391394,-0.02409847,0.99200019,-0.07408411,0.04411800,-0.01543772,0.02714019,-0.06238662,-0.01038066,0.99762897,0.12423326,-0.02428803,3.08568596
90396412,90.38588714,0.07367688,-0.12883460,-0.11271364,-0.12558076,-0.02305140,0.99181547,-0.08120635,0.04624475,0.02673918,0.02710681,-0.06320976,-0.00983605,0.99758358,0.12591320,-0.02323743,3.08579611
90429400,90.41886901,0.13003368,-0.03663859,-0.05902143,-0.12691633,-0.02156022,0.99167881,-0.06058366,0.06306413,0.01418060,0.02705760,-0.06386013,-0.00907443,0.99755058,0.12725960,-0.02173770,3.08597278
90462360,90.45183563,0.13456355,-0.19691576,-0.08899847,-0.12825641,-0.02010084,0.99153747,-0.05899945,0.06892896,-0.05354917,0.02701189,-0.06451339,-0.00832847,0.99751653,0.12861065,-0.02026962,3.08614230
90495380,90.48484802,0.02531394,-0.11790965,-0.06688208,-0.12943382,-0.01850622,0.99141540,-0.04610328,0.06831091,-0.04219669,0.02695969,-0.06508311,-0.00751738,0.99748725,0.12979794,-0.01866430,3.08633756
90528392,90.51786041,0.00599541,0.08353599,-0.06208576,-0.13084495,-0.01709275,0.99125537,-0.05079567,0.04321579,0.04951614,0.02691177,-0.06577313,-0.00679364,0.99744844,0.13122122,-0.01724183,3.08651161
90561320,90.55078887,0.07287749,0.01532159,-0.05968760,-0.13168816,-0.01527050,0.99117317,-0.02651496,0.05530956,0.00345576,0.02685397,-0.06617191,-0.00587337,0.99742927,0.13207180,-0.01540527,3.08674049
90594228,90.58369445,0.09232925,-0.11964166,-0.08660031,-0.13209885,-0.01330410,0.99114694,-0.00486404,0.04357753,-0.03582471,0.02679570,-0.06635127,-0.00488671,0.99742431,0.13248612,-0.01342212,3.08698534
90627208,90.61667633,0.00413017,0.03130934,-0.11244716,-0.13378455,-0.01226386,0.99093418,-0.05225059,0.03570136,-0.04147130,0.02676405,-0.06718515,-0.00434520,0.99737186,0.13418695,-0.01237543,3.08710479
90660192,90.64966583,-0.09392803,0.05422511,-0.06634916,-0.13556883,-0.01141969,0.99070224,-0.06169680,0.03241578,-0.03977447,0.02673344,-0.06807149,-0.00390053,0.99731464,0.13598759,-0.01152635,3.08720970
90693224,90.68269348,-0.05728943,-0.10978255,-0.05022818,-0.13708521,-0.01017999,0.99050712,-0.04357885,0.02897882,0.04831123,0.02668917,-0.06881776,-0.00326222,0.99726696,0.13751821,-0.01027719,3.08737301
90726240,90.71571350,0.00226493,-0.17253445,-0.00306432,-0.13882803,-0.00931707,0.99027261,-0.08114267,0.03739324,0.01631922,0.02665361,-0.06968338,-0.00280906,0.99720897,0.13927792,-0.00940832,3.08749270
90759160,90.74863433,0.01398928,-0.13136600,0.03370750,-0.14053840,-0.00837292,0.99003973,-0.04061393,0.02180065,-0.00273502,0.02661242,-0.07053174,-0.00231603,0.99715175,0.14100522,-0.00845695,3.08763122
90792144,90.78161621,-0.00706126,-0.20704135,0.03317458,-0.14119033,-0.00649900,0.98996095,-0.00651474,0.02236814,-0.01291019,0.02654156,-0.07083464,-0.00137338,0.99713382,0.14166373,-0.00656482,3.08790373
90825180,90.81465911,-0.04263400,-0.17200152,0.04476570,-0.14291388,-0.00560793,0.98971900,-0.01699822,0.00829348,0.00271261,0.02650116,-0.07169073,-0.00090673,0.99707422,0.14340493,-0.00566613,3.08804035
90858188,90.84766387,-0.02025115,-0.15707963,0.05049464,-0.14313571,-0.00362608,0.98969631,-0.00749905,0.01632140,0.03715914,0.02642499,-0.07177590,0.00008388,0.99707059,0.14362905,-0.00366382,3.08833622
90891144,90.88061523,0.02105054,-0.12137366,0.11617765,-0.14460170,-0.00231606,0.98948717,-0.03703892,0.02477700,0.05470228,0.02636536,-0.07249699,0.00075563,0.99701976,0.14511044,-0.00234067,3.08854651
90924056,90.91352844,0.06967994,-0.14535528,0.22382848,-0.14611197,-0.00105616,0.98926744,-0.04675911,0.03621241,0.00658220,0.02629909,-0.07324130,0.00140235,0.99696645,0.14663695,-0.00106762,3.08876824
90957008,90.94647979,0.03770444,-0.14708728,0.26592955,-0.14509913,0.00068399,0.98941679,0.03499171,0.04814414,-0.04678982,0.02621407,-0.07270813,0.00225472,0.99700613,0.14561316,0.00069131,3.08906960
90989960,90.97943115,0.00346401,-0.02091731,0.13536293,-0.14351019,0.00186317,0.98964681,0.05757269,0.04501183,0.03012854,0.02616092,-0.07189230,0.00282063,0.99706516,0.14400746,0.00188266,3.08926463
91022880,91.01235198,0.05329250,-0.02624655,0.03184226,-0.14182429,0.00290161,0.98988714,0.05100398,0.03274291,0.02476132,0.02612229,-0.07102965,0.00331579,0.99712638,0.14230415,0.00293125,3.08941841
91055812,91.04528045,0.09592649,-0.05302603,0.03717151,-0.13995100,0.00354048,0.99015207,0.02666976,0.00891069,0.00447685,0.02609792,-0.07007798,0.00360926,0.99719352,0.14041192,0.00357568,3.08951330
91088684,91.07816314,0.05036140,0.00479632,0.01225727,-0.13810461,0.00287783,0.99041337,0.03068274,-0.01142276,0.00983077,0.02612079,-0.06915691,0.00325427,0.99725837,0.13854746,0.00290568,3.08942103
91121560,91.11103057,0.07341041,0.01971822,0.03304135,-0.13676321,0.00434925,0.99059381,0.01444876,0.02201793,0.04407418,0.02606819,-0.06846263,0.00397002,0.99730491,0.13719325,0.00439053,3.08962893
91154408,91.14388275,0.13789433,0.01119142,0.05036140,-0.13593349,0.00618711,0.99069852,0.01093349,0.03556093,0.04055148,0.02600223,-0.06802140,0.00487526,0.99733295,0.13635568,0.00624512,3.08988738
91187312,91.17678070,0.14642113,0.02771210,0.10618530,-0.13777756,0.00690995,0.99043884,-0.07120681,0.02726974,-0.01875919,0.02597151,-0.06894048,0.00525983,0.99726867,0.13821726,0.00697655,3.09000205
91220204,91.20967864,0.10058958,0.01385605,0.22023124,-0.13656258,0.00850416,0.99059448,0.03060555,0.03544115,-0.01818240,0.02589746,-0.06830873,0.00603735,0.99730958,0.13699071,0.00858469,3.09025859
91253136,91.24260711,0.08566769,0.02251608,0.09939050,-0.13463201,0.00886861,0.99085588,0.12779607,0.02360209,0.03795272,0.02587508,-0.06733247,0.00619279,0.99737567,0.13504211,0.00895022,3.09032320
91286072,91.27554321,0.16973661,-0.00039969,0.03757121,-0.13353402,0.01056005,0.99098768,0.01781137,0.03924464,0.06052596,0.02581517,-0.06675863,0.00702159,0.99741029,0.13393411,0.01065568,3.09055447
91318956,91.30843353,0.17346706,-0.00692802,0.06008729,-0.13307267,0.01253701,0.99102678,0.01832658,0.05777549,-0.03277486,0.02574486,-0.06650179,0.00800121,0.99742193,0.13346861,0.01264985,3.09082674
91351840,91.34130859,0.08833231,0.11231393,0.03277488,-0.13249566,0.01446053,0.99107780,0.01237848,0.02948478,-0.02183956,0.02567728,-0.06618762,0.00895273,0.99743642,0.13288645,0.01458967,3.09108829
91384724,91.37419128,0.05768913,0.05196018,0.01838591,-0.13212540,0.01643443,0.99109668,0.01151994,0.05290151,-0.00891900,0.02560971,-0.06597704,0.00993227,0.99744300,0.13251287,0.01658055,3.09135341
91417576,91.40705108,0.04156814,0.00346401,0.05235988,-0.13153729,0.01835320,0.99114122,0.01019940,0.03071906,-0.00456899,0.02553999,-0.06565778,0.01088118,0.99745588,0.13191959,0.01851513,3.09161663
91450432,91.43990325,0.05449157,0.17813015,0.02491424,-0.12996845,0.01953373,0.99132547,0.02425556,0.01879635,0.01233667,0.02549316,-0.06485428,0.01144879,0.99750318,0.13033719,0.01970211,3.09177565
91483280,91.47275543,0.07794027,0.14682080,0.00133231,-0.12926918,0.02140960,0.99137802,0.01403481,0.04450837,0.02522356,0.02542957,-0.06447994,0.01237521,0.99751796,0.12963197,0.02159244,3.09201955
91516144,91.50561523,0.09366157,-0.00679479,0.01012557,-0.13074834,0.02273331,0.99115486,-0.02672236,0.02365341,-0.00482672,0.02539352,-0.06520808,0.01305564,0.99746303,0.13112378,0.02293216,3.09219312
91549136,91.53860473,0.04183461,0.08953140,0.03637212,-0.13137437,0.02463748,0.99102640,-0.00998305,0.03395627,-0.00982523,0.02533108,-0.06550037,0.01401392,0.99743242,0.13175525,0.02485545,3.09245085
91582072,91.57154083,0.07247780,0.05169372,-0.00932619,-0.13129121,0.02664690,0.99098529,-0.00347441,0.02486678,0.03416115,0.02526559,-0.06543481,0.01501538,0.99742374,0.13167140,0.02688281,3.09271430
91614980,91.60444641,0.11577795,-0.07647473,0.04196784,-0.13297302,0.02766683,0.99073333,-0.06429260,0.03678629,0.01170808,0.02523964,-0.06626898,0.01554704,0.99736127,0.13336808,0.02791835,3.09285521
91647856,91.63732910,0.06594946,-0.05209342,0.07860643,-0.13211872,0.02949074,0.99079456,0.03055623,0.04692527,-0.05720085,0.02516748,-0.06581804,0.01644496,0.99737844,0.13250619,0.02975595,3.09311056
91680740,91.67021179,-0.00852680,0.00039969,0.00266462,-0.13189842,0.03147665,0.99076337,0.00567773,0.04420694,-0.00638837,0.02509949,-0.06568426,0.01743277,0.99737243,0.13228392,0.03175942,3.09337592
91713648,91.70311737,0.02931087,-0.09312864,0.04090198,-0.13321139,0.03294260,0.99053974,-0.04305812,0.04298512,0.03094465,0.02505713,-0.06632805,0.01818207,0.99731731,0.13360859,0.03324497,3.09357857
91746584,91.73605346,0.02171669,0.02691271,0.10565237,-0.13215698,0.03464156,0.99062328,0.02058472,0.03786821,0.02182788,0.02498332,-0.06577840,0.01901472,0.99734020,0.13254474,0.03495521,3.09382343
91779548,91.76902770,0.04409954,0.05928790,-0.01585452,-0.13036650,0.03546665,0.99083099,0.08666533,0.03997280,0.01673734,0.02494354,-0.06486840,0.01940195,0.99739322,0.13073868,0.03577957,3.09392809
91812484,91.80194854,0.06488361,-0.10871670,-0.00572894,-0.13054542,0.03746303,0.99073419,-0.00422020,0.04261509,-0.00245291,0.02488075,-0.06493587,0.02040081,0.99737052,0.13091911,0.03779539,3.09418821
91845428,91.83489227,0.02358193,-0.01292343,0.01252374,-0.13035227,0.03945688,0.99068202,0.00169016,0.02768179,0.00638831,0.02481277,-0.06481649,0.02139322,0.99735908,0.13072432,0.03980696,3.09445190
91878300,91.86777496,0.04489892,0.04290046,-0.03157581,-0.12885890,0.04076989,0.99082431,0.02754054,0.02319496,-0.00229889,0.02475900,-0.06405084,0.02202814,0.99739608,0.12921820,0.04112424,3.09461665
91911176,91.90065002,-0.00253139,-0.00293109,-0.02997703,-0.12816939,0.04264620,0.99083480,0.01049361,0.02376005,-0.01207507,0.02469403,-0.06368339,0.02295538,0.99740037,0.12852294,0.04301414,3.09485435
91944132,91.93360137,-0.00359724,0.03717151,-0.03890352,-0.12993596,0.04351665,0.99056682,-0.03681208,0.01776264,0.01773393,0.02468652,-0.06456212,0.02341458,0.99733343,0.13030439,0.04390284,3.09496259
91977156,91.96662139,-0.00413017,0.17773048,-0.01025880,-0.13085920,0.04528379,0.99036598,-0.01831071,0.03259706,0.01378441,0.02463803,-0.06500721,0.02430957,0.99728422,0.13123561,0.04569248,3.09519553
92010156,91.99963378,0.05289280,0.08966463,-0.00546248,-0.13148112,0.04718369,0.99019489,-0.01060872,0.01653701,0.04398483,0.02458241,-0.06529950,0.02526674,0.99724273,0.13186295,0.04761490,3.09544634
92043048,92.03251647,0.08833231,0.03890352,0.03290811,-0.13291782,0.04854998,0.98993692,-0.02040249,0.02078596,-0.02387249,0.02455070,-0.06600758,0.02596879,0.99717884,0.13331235,0.04900424,3.09563422
92075944,92.06541442,0.03450689,0.29017763,-0.02997703,-0.13141880,0.04980317,0.99007492,0.01862583,0.01220855,-0.01595384,0.02449338,-0.06524023,0.02657355,0.99721488,0.13180007,0.05026006,3.09579658
